2026-09-07 17:40:08,545 main WARN Advanced terminal features are not available in this environment
[17:40:08] [main/INFO] [cp.mo.mo.Launcher/MODLAUNCHER]: ModLauncher running: args [--username, DemoPlayer, --version, 1.20.1-forge-47.4.10, --gameDir, D:\2026WORK\MCPubgLauncherV2\.runtime\clean, --assetsDir, D:\2026WORK\MCPubgLauncherV2\.runtime\clean\assets, --assetIndex, 5, --uuid, 00000000000000000000000000000000, --accessToken, ????????, --clientId, ${clientid}, --xuid, ${auth_xuid}, --userType, msa, --versionType, release, --launchTarget, forgeclient, --fml.forgeVersion, 47.4.10, --fml.mcVersion, 1.20.1, --fml.forgeGroup, net.minecraftforge, --fml.mcpVersion, 20230612.114412, --height, 700, --width, 1100, --demo]
[17:40:08] [main/INFO] [cp.mo.mo.Launcher/MODLAUNCHER]: ModLauncher 10.0.9+10.0.9+main.dcd20f30 starting: java version 17.0.20.1 by Microsoft; OS Windows 11 arch amd64 version 10.0
[17:40:08] [main/DEBUG] [cp.mo.mo.LaunchServiceHandler/MODLAUNCHER]: Found launch services [fmlclientdev,forgeclient,minecraft,forgegametestserverdev,fmlserveruserdev,fmlclient,fmldatauserdev,forgeserverdev,forgeserveruserdev,forgeclientdev,forgeclientuserdev,forgeserver,forgedatadev,fmlserver,fmlclientuserdev,fmlserverdev,forgedatauserdev,testharness,forgegametestserveruserdev]
[17:40:08] [main/DEBUG] [cp.mo.mo.NameMappingServiceHandler/MODLAUNCHER]: Found naming services : [srgtomcp]
[17:40:08] [main/DEBUG] [cp.mo.mo.LaunchPluginHandler/MODLAUNCHER]: Found launch plugins: [mixin,eventbus,slf4jfixer,object_holder_definalize,runtime_enum_extender,capability_token_subclass,accesstransformer,runtimedistcleaner]
[17:40:08] [main/DEBUG] [cp.mo.mo.TransformationServicesHandler/MODLAUNCHER]: Discovering transformation services
[17:40:08] [main/DEBUG] [ne.mi.fm.lo.FMLPaths/CORE]: Path GAMEDIR is D:\2026WORK\MCPubgLauncherV2\.runtime\clean
[17:40:08] [main/DEBUG] [ne.mi.fm.lo.FMLPaths/CORE]: Path MODSDIR is D:\2026WORK\MCPubgLauncherV2\.runtime\clean\mods
[17:40:08] [main/DEBUG] [ne.mi.fm.lo.FMLPaths/CORE]: Path CONFIGDIR is D:\2026WORK\MCPubgLauncherV2\.runtime\clean\config
[17:40:08] [main/DEBUG] [ne.mi.fm.lo.FMLPaths/CORE]: Path FMLCONFIG is D:\2026WORK\MCPubgLauncherV2\.runtime\clean\config\fml.toml
[17:40:09] [main/DEBUG] [cp.mo.mo.TransformationServicesHandler/MODLAUNCHER]: Found additional transformation services from discovery services: 
[17:40:09] [main/INFO] [ne.mi.fm.lo.ImmediateWindowHandler/]: Loading ImmediateWindowProvider fmlearlywindow
[17:40:09] [main/INFO] [EARLYDISPLAY/]: Trying GL version 4.6
[17:40:09] [main/INFO] [EARLYDISPLAY/]: Requested GL version 4.6 got version 4.6
[17:40:09] [main/DEBUG] [cp.mo.mo.TransformationServicesHandler/MODLAUNCHER]: Found transformer services : [mixin,fml]
[17:40:09] [main/DEBUG] [cp.mo.mo.TransformationServicesHandler/MODLAUNCHER]: Transformation services loading
[17:40:09] [main/DEBUG] [cp.mo.mo.TransformationServiceDecorator/MODLAUNCHER]: Loading service mixin
[17:40:09] [main/DEBUG] [cp.mo.mo.TransformationServiceDecorator/MODLAUNCHER]: Loaded service mixin
[17:40:09] [main/DEBUG] [cp.mo.mo.TransformationServiceDecorator/MODLAUNCHER]: Loading service fml
[17:40:09] [main/DEBUG] [ne.mi.fm.lo.LauncherVersion/CORE]: Found FMLLauncher version 1.0
[17:40:09] [main/DEBUG] [ne.mi.fm.lo.FMLLoader/CORE]: FML 1.0 loading
[17:40:09] [main/DEBUG] [ne.mi.fm.lo.FMLLoader/CORE]: FML found ModLauncher version : 10.0.9+10.0.9+main.dcd20f30
[17:40:09] [main/DEBUG] [ne.mi.fm.lo.FMLLoader/CORE]: Requesting CoreMods to not apply the fix for ASMAPI.findFirstInstructionBefore by default
[17:40:09] [main/DEBUG] [ne.mi.fm.lo.FMLLoader/CORE]: FML found AccessTransformer version : 8.0.4+66+master.c09db6d7
[17:40:09] [main/DEBUG] [ne.mi.fm.lo.FMLLoader/CORE]: FML found EventBus version : 6.0.5+6.0.5+master.eb8e549b
[17:40:09] [main/DEBUG] [ne.mi.fm.lo.FMLLoader/CORE]: Found Runtime Dist Cleaner
[17:40:09] [main/DEBUG] [ne.mi.co.CoreModEngine/]: CoreMods will preserve legacy behavior of ASMAPI.findFirstInstructionBefore for backwards-compatibility
[17:40:09] [main/DEBUG] [ne.mi.fm.lo.FMLLoader/CORE]: FML found CoreMod version : 5.2.4
[17:40:09] [main/DEBUG] [ne.mi.fm.lo.FMLLoader/CORE]: Found ForgeSPI package implementation version 7.0.1+7.0.1+master.d2b38bf6
[17:40:09] [main/DEBUG] [ne.mi.fm.lo.FMLLoader/CORE]: Found ForgeSPI package specification 5
[17:40:09] [main/DEBUG] [cp.mo.mo.TransformationServiceDecorator/MODLAUNCHER]: Loaded service fml
[17:40:09] [main/DEBUG] [cp.mo.mo.TransformationServicesHandler/MODLAUNCHER]: Configuring option handling for services
[17:40:09] [main/DEBUG] [cp.mo.mo.TransformationServicesHandler/MODLAUNCHER]: Transformation services initializing
[17:40:09] [main/DEBUG] [cp.mo.mo.TransformationServiceDecorator/MODLAUNCHER]: Initializing transformation service mixin
[17:40:09] [main/DEBUG] [mixin/]: MixinService [ModLauncher] was successfully booted in cpw.mods.cl.ModuleClassLoader@77167fb7
[17:40:09] [main/INFO] [mixin/]: SpongePowered MIXIN Subsystem Version=0.8.5 Source=union:/D:/2026WORK/MCPubgLauncherV2/.runtime/clean/libraries/org/spongepowered/mixin/0.8.5/mixin-0.8.5.jar%23150!/ Service=ModLauncher Env=CLIENT
[17:40:09] [main/DEBUG] [mixin/]: Initialising Mixin Platform Manager
[17:40:09] [main/DEBUG] [mixin/]: Adding mixin platform agents for container ModLauncher Root Container(ModLauncher:4f56a0a2)
[17:40:09] [main/DEBUG] [mixin/]: Instancing new MixinPlatformAgentMinecraftForge for ModLauncher Root Container(ModLauncher:4f56a0a2)
[17:40:09] [main/DEBUG] [mixin/]: MixinPlatformAgentMinecraftForge rejected container ModLauncher Root Container(ModLauncher:4f56a0a2)
[17:40:09] [main/DEBUG] [mixin/]: Instancing new MixinPlatformAgentDefault for ModLauncher Root Container(ModLauncher:4f56a0a2)
[17:40:09] [main/DEBUG] [mixin/]: MixinPlatformAgentDefault accepted container ModLauncher Root Container(ModLauncher:4f56a0a2)
[17:40:09] [main/DEBUG] [cp.mo.mo.TransformationServiceDecorator/MODLAUNCHER]: Initialized transformation service mixin
[17:40:09] [main/DEBUG] [cp.mo.mo.TransformationServiceDecorator/MODLAUNCHER]: Initializing transformation service fml
[17:40:09] [main/DEBUG] [ne.mi.fm.lo.FMLServiceProvider/CORE]: Setting up basic FML game directories
[17:40:09] [main/DEBUG] [ne.mi.fm.lo.FMLPaths/CORE]: Path GAMEDIR is D:\2026WORK\MCPubgLauncherV2\.runtime\clean
[17:40:09] [main/DEBUG] [ne.mi.fm.lo.FMLPaths/CORE]: Path MODSDIR is D:\2026WORK\MCPubgLauncherV2\.runtime\clean\mods
[17:40:09] [main/DEBUG] [ne.mi.fm.lo.FMLPaths/CORE]: Path CONFIGDIR is D:\2026WORK\MCPubgLauncherV2\.runtime\clean\config
[17:40:09] [main/DEBUG] [ne.mi.fm.lo.FMLPaths/CORE]: Path FMLCONFIG is D:\2026WORK\MCPubgLauncherV2\.runtime\clean\config\fml.toml
[17:40:09] [main/DEBUG] [ne.mi.fm.lo.FMLServiceProvider/CORE]: Loading configuration
[17:40:09] [main/DEBUG] [ne.mi.fm.lo.FMLServiceProvider/CORE]: Preparing ModFile
[17:40:09] [main/DEBUG] [ne.mi.fm.lo.FMLServiceProvider/CORE]: Preparing launch handler
[17:40:09] [main/DEBUG] [ne.mi.fm.lo.FMLLoader/CORE]: Using forgeclient as launch service
[17:40:09] [main/DEBUG] [ne.mi.fm.lo.FMLLoader/CORE]: Received command line version data  : VersionInfo[forgeVersion=47.4.10, mcVersion=1.20.1, mcpVersion=20230612.114412, forgeGroup=net.minecraftforge]
[17:40:09] [main/DEBUG] [cp.mo.mo.TransformationServiceDecorator/MODLAUNCHER]: Initialized transformation service fml
[17:40:09] [main/DEBUG] [cp.mo.mo.NameMappingServiceHandler/MODLAUNCHER]: Current naming domain is 'srg'
[17:40:09] [main/DEBUG] [cp.mo.mo.NameMappingServiceHandler/MODLAUNCHER]: Identified name mapping providers {}
[17:40:09] [main/DEBUG] [cp.mo.mo.TransformationServicesHandler/MODLAUNCHER]: Transformation services begin scanning
[17:40:09] [main/DEBUG] [cp.mo.mo.TransformationServiceDecorator/MODLAUNCHER]: Beginning scan trigger - transformation service mixin
[17:40:09] [main/DEBUG] [cp.mo.mo.TransformationServiceDecorator/MODLAUNCHER]: End scan trigger - transformation service mixin
[17:40:09] [main/DEBUG] [cp.mo.mo.TransformationServiceDecorator/MODLAUNCHER]: Beginning scan trigger - transformation service fml
[17:40:09] [main/DEBUG] [ne.mi.fm.lo.FMLServiceProvider/CORE]: Initiating mod scan
[17:40:09] [pool-2-thread-1/INFO] [EARLYDISPLAY/]: GL info: AMD Radeon(TM) Graphics GL version 4.6.0 Core Profile Context 26.6.1.260520, ATI Technologies Inc.
[17:40:09] [main/DEBUG] [ne.mi.fm.lo.mo.ModListHandler/CORE]: Found mod coordinates from lists: []
[17:40:09] [main/DEBUG] [ne.mi.fm.lo.mo.ModDiscoverer/CORE]: Found Mod Locators : (mods folder:null),(maven libs:null),(exploded directory:null),(minecraft:null),(userdev classpath:null)
[17:40:09] [main/DEBUG] [ne.mi.fm.lo.mo.ModDiscoverer/CORE]: Found Dependency Locators : (JarInJar:null)
[17:40:09] [main/DEBUG] [ne.mi.fm.lo.mo.ModFileParser/LOADING]: Considering mod file candidate D:\2026WORK\MCPubgLauncherV2\.runtime\clean\mods\[TAGZ] Supressing-1.0.jar
[17:40:10] [main/DEBUG] [ne.mi.fm.lo.mo.ModFileInfo/LOADING]: Found valid mod file [TAGZ] Supressing-1.0.jar with {supressingtagz} mods - versions {1.0}
[17:40:10] [main/DEBUG] [ne.mi.fm.lo.mo.ModFileParser/LOADING]: Considering mod file candidate D:\2026WORK\MCPubgLauncherV2\.runtime\clean\mods\accuratehitboxes-neoforge-2.4.1-1.20.1.jar
[17:40:10] [main/DEBUG] [ne.mi.fm.lo.mo.ModFileInfo/LOADING]: Found valid mod file accuratehitboxes-neoforge-2.4.1-1.20.1.jar with {accuratehitboxes} mods - versions {2.4.1}
[17:40:10] [main/DEBUG] [ne.mi.fm.lo.mo.ModFileParser/LOADING]: Considering mod file candidate D:\2026WORK\MCPubgLauncherV2\.runtime\clean\mods\AI-Improvements-1.20-0.5.2.jar
[17:40:10] [main/DEBUG] [ne.mi.fm.lo.mo.ModFileInfo/LOADING]: Found valid mod file AI-Improvements-1.20-0.5.2.jar with {aiimprovements} mods - versions {0.5.2}
[17:40:10] [main/DEBUG] [ne.mi.fm.lo.mo.ModFileParser/LOADING]: Considering mod file candidate D:\2026WORK\MCPubgLauncherV2\.runtime\clean\mods\architectury-9.2.14-forge.jar
[17:40:10] [main/DEBUG] [ne.mi.fm.lo.mo.ModFileInfo/LOADING]: Found valid mod file architectury-9.2.14-forge.jar with {architectury} mods - versions {9.2.14}
[17:40:10] [main/DEBUG] [ne.mi.fm.lo.mo.ModFileParser/LOADING]: Considering mod file candidate D:\2026WORK\MCPubgLauncherV2\.runtime\clean\mods\Arena Breakout Infinite Melee Pack-0.1.0.jar
[17:40:10] [main/DEBUG] [ne.mi.fm.lo.mo.ModFileInfo/LOADING]: Found valid mod file Arena Breakout Infinite Melee Pack-0.1.0.jar with {e_ab_i_wt} mods - versions {0.1.0}
[17:40:10] [main/DEBUG] [ne.mi.fm.lo.mo.ModFileParser/LOADING]: Considering mod file candidate D:\2026WORK\MCPubgLauncherV2\.runtime\clean\mods\Atlas Lib-1.20.1-1.1.12.jar
[17:40:10] [main/DEBUG] [ne.mi.fm.lo.mo.ModFileInfo/LOADING]: Found valid mod file Atlas Lib-1.20.1-1.1.12.jar with {atlaslib} mods - versions {1.1.12}
[17:40:10] [main/DEBUG] [ne.mi.fm.lo.mo.ModFileParser/LOADING]: Considering mod file candidate D:\2026WORK\MCPubgLauncherV2\.runtime\clean\mods\BadMobs-1.20.1-19.0.4.jar
[17:40:10] [main/DEBUG] [ne.mi.fm.lo.mo.ModFileInfo/LOADING]: Found valid mod file BadMobs-1.20.1-19.0.4.jar with {badmobs} mods - versions {19.0.4}
[17:40:10] [main/DEBUG] [ne.mi.fm.lo.mo.ModFileParser/LOADING]: Considering mod file candidate D:\2026WORK\MCPubgLauncherV2\.runtime\clean\mods\berezka_api-1.2.9.5-forge-1.20.1.jar
[17:40:10] [main/DEBUG] [ne.mi.fm.lo.mo.ModFileInfo/LOADING]: Found valid mod file berezka_api-1.2.9.5-forge-1.20.1.jar with {berezka_api} mods - versions {1.2.9.5}
[17:40:10] [main/DEBUG] [ne.mi.fm.lo.mo.ModFileParser/LOADING]: Considering mod file candidate D:\2026WORK\MCPubgLauncherV2\.runtime\clean\mods\chaoszproject-bandits-1.0.0-1.20.1.jar
[17:40:10] [main/DEBUG] [ne.mi.fm.lo.mo.ModFileInfo/LOADING]: Found valid mod file chaoszproject-bandits-1.0.0-1.20.1.jar with {chaoszprojectbandits} mods - versions {1.0.0}
[17:40:10] [main/DEBUG] [ne.mi.fm.lo.mo.ModFileParser/LOADING]: Considering mod file candidate D:\2026WORK\MCPubgLauncherV2\.runtime\clean\mods\citadel-2.6.3-1.20.1.jar
[17:40:10] [main/DEBUG] [ne.mi.fm.lo.mo.ModFileInfo/LOADING]: Found valid mod file citadel-2.6.3-1.20.1.jar with {citadel} mods - versions {2.6.3}
[17:40:10] [main/DEBUG] [ne.mi.fm.lo.mo.ModFileParser/LOADING]: Considering mod file candidate D:\2026WORK\MCPubgLauncherV2\.runtime\clean\mods\cloth-config-11.1.136-forge.jar
[17:40:10] [main/DEBUG] [ne.mi.fm.lo.mo.ModFileInfo/LOADING]: Found valid mod file cloth-config-11.1.136-forge.jar with {cloth_config} mods - versions {11.1.136}
[17:40:10] [main/DEBUG] [ne.mi.fm.lo.mo.ModFileParser/LOADING]: Considering mod file candidate D:\2026WORK\MCPubgLauncherV2\.runtime\clean\mods\coroutil-forge-1.20.1-1.3.7.jar
[17:40:10] [main/DEBUG] [ne.mi.fm.lo.mo.ModFileInfo/LOADING]: Found valid mod file coroutil-forge-1.20.1-1.3.7.jar with {coroutil} mods - versions {1.20.1-1.3.7}
[17:40:10] [main/DEBUG] [ne.mi.fm.lo.mo.ModFileParser/LOADING]: Considering mod file candidate D:\2026WORK\MCPubgLauncherV2\.runtime\clean\mods\curios-forge-5.14.1+1.20.1.jar
[17:40:10] [main/DEBUG] [ne.mi.fm.lo.mo.ModFileInfo/LOADING]: Found valid mod file curios-forge-5.14.1+1.20.1.jar with {curios} mods - versions {5.14.1+1.20.1}
[17:40:10] [main/DEBUG] [ne.mi.fm.lo.mo.ModFileParser/LOADING]: Considering mod file candidate D:\2026WORK\MCPubgLauncherV2\.runtime\clean\mods\dyairdrop-1.1.0-1.20.1-beta.jar
[17:40:10] [main/DEBUG] [ne.mi.fm.lo.mo.ModFileInfo/LOADING]: Found valid mod file dyairdrop-1.1.0-1.20.1-beta.jar with {dyairdrop} mods - versions {1.0.0}
[17:40:10] [main/DEBUG] [ne.mi.fm.lo.mo.ModFileParser/LOADING]: Considering mod file candidate D:\2026WORK\MCPubgLauncherV2\.runtime\clean\mods\endlessammo-2.0.jar
[17:40:10] [main/DEBUG] [ne.mi.fm.lo.mo.ModFileInfo/LOADING]: Found valid mod file endlessammo-2.0.jar with {endlessammo} mods - versions {2.0}
[17:40:10] [main/DEBUG] [ne.mi.fm.lo.mo.ModFileParser/LOADING]: Considering mod file candidate D:\2026WORK\MCPubgLauncherV2\.runtime\clean\mods\FarmersDelight-1.20.1-1.3.2.jar
[17:40:10] [main/DEBUG] [ne.mi.fm.lo.mo.ModFileInfo/LOADING]: Found valid mod file FarmersDelight-1.20.1-1.3.2.jar with {farmersdelight} mods - versions {1.20.1-1.3.2}
[17:40:10] [main/DEBUG] [ne.mi.fm.lo.mo.ModFileParser/LOADING]: Considering mod file candidate D:\2026WORK\MCPubgLauncherV2\.runtime\clean\mods\framework-forge-1.20.1-0.8.0.jar
[17:40:10] [main/DEBUG] [ne.mi.fm.lo.mo.ModFileInfo/LOADING]: Found valid mod file framework-forge-1.20.1-0.8.0.jar with {framework} mods - versions {0.8.0}
[17:40:10] [main/DEBUG] [ne.mi.fm.lo.mo.ModFileParser/LOADING]: Considering mod file candidate D:\2026WORK\MCPubgLauncherV2\.runtime\clean\mods\geckolib-forge-1.20.1-4.8.4.jar
[17:40:10] [main/DEBUG] [ne.mi.fm.lo.mo.ModFileInfo/LOADING]: Found valid mod file geckolib-forge-1.20.1-4.8.4.jar with {geckolib} mods - versions {4.8.4}
[17:40:10] [main/DEBUG] [ne.mi.fm.lo.mo.ModFileParser/LOADING]: Considering mod file candidate D:\2026WORK\MCPubgLauncherV2\.runtime\clean\mods\immersive_ballistic-1.3.jar
[17:40:10] [main/DEBUG] [ne.mi.fm.lo.mo.ModFileInfo/LOADING]: Found valid mod file immersive_ballistic-1.3.jar with {immersive_ballistic} mods - versions {1.3}
[17:40:10] [main/DEBUG] [ne.mi.fm.lo.mo.ModFileParser/LOADING]: Considering mod file candidate D:\2026WORK\MCPubgLauncherV2\.runtime\clean\mods\immersive_weathering-1.20.1-2.0.5-forge.jar
[17:40:10] [main/DEBUG] [ne.mi.fm.lo.mo.ModFileInfo/LOADING]: Found valid mod file immersive_weathering-1.20.1-2.0.5-forge.jar with {immersive_weathering} mods - versions {1.20.1-2.0.5}
[17:40:10] [main/DEBUG] [ne.mi.fm.lo.mo.ModFileParser/LOADING]: Considering mod file candidate D:\2026WORK\MCPubgLauncherV2\.runtime\clean\mods\jmvworldborder-1.0.2.jar
[17:40:10] [main/DEBUG] [ne.mi.fm.lo.mo.ModFileInfo/LOADING]: Found valid mod file jmvworldborder-1.0.2.jar with {jmvworldborder} mods - versions {1.0.2}
[17:40:10] [main/DEBUG] [ne.mi.fm.lo.mo.ModFileParser/LOADING]: Considering mod file candidate D:\2026WORK\MCPubgLauncherV2\.runtime\clean\mods\journeymap-1.20.1-5.10.3-forge.jar
[17:40:10] [main/DEBUG] [ne.mi.fm.lo.mo.ModFileInfo/LOADING]: Found valid mod file journeymap-1.20.1-5.10.3-forge.jar with {journeymap} mods - versions {5.10.3}
[17:40:10] [main/DEBUG] [ne.mi.fm.lo.mo.ModFileParser/LOADING]: Considering mod file candidate D:\2026WORK\MCPubgLauncherV2\.runtime\clean\mods\Keerdm_20Zombie_20Apocalypse_20Essentials_20(TACZ)_201.42.jar
[17:40:10] [main/DEBUG] [ne.mi.fm.lo.mo.ModFileInfo/LOADING]: Found valid mod file Keerdm_20Zombie_20Apocalypse_20Essentials_20(TACZ)_201.42.jar with {keerdm_zombie_essentials} mods - versions {1.42}
[17:40:10] [main/DEBUG] [ne.mi.fm.lo.mo.ModFileParser/LOADING]: Considering mod file candidate D:\2026WORK\MCPubgLauncherV2\.runtime\clean\mods\lootchestrefill-1.1.2.jar
[17:40:10] [main/DEBUG] [ne.mi.fm.lo.mo.ModFileInfo/LOADING]: Found valid mod file lootchestrefill-1.1.2.jar with {lootchestrefill} mods - versions {1.0.0}
[17:40:10] [main/DEBUG] [ne.mi.fm.lo.mo.ModFileParser/LOADING]: Considering mod file candidate D:\2026WORK\MCPubgLauncherV2\.runtime\clean\mods\lostcities-1.20-7.5.1.jar
[17:40:10] [main/DEBUG] [ne.mi.fm.lo.mo.ModFileInfo/LOADING]: Found valid mod file lostcities-1.20-7.5.1.jar with {lostcities} mods - versions {1.20-7.5.1}
[17:40:10] [main/DEBUG] [ne.mi.fm.lo.mo.ModFileParser/LOADING]: Considering mod file candidate D:\2026WORK\MCPubgLauncherV2\.runtime\clean\mods\lrtactical-1.20.1-0.4.1.jar
[17:40:10] [main/DEBUG] [ne.mi.fm.lo.mo.ModFileInfo/LOADING]: Found valid mod file lrtactical-1.20.1-0.4.1.jar with {lrtactical} mods - versions {0.4.1}
[17:40:10] [main/DEBUG] [ne.mi.fm.lo.mo.ModFileParser/LOADING]: Considering mod file candidate D:\2026WORK\MCPubgLauncherV2\.runtime\clean\mods\marbledsarsenal-1.20.1forge-2.4.0.0.jar
[17:40:10] [main/DEBUG] [ne.mi.fm.lo.mo.ModFileInfo/LOADING]: Found valid mod file marbledsarsenal-1.20.1forge-2.4.0.0.jar with {marbledsarsenal} mods - versions {2.4.0.0}
[17:40:10] [main/DEBUG] [ne.mi.fm.lo.mo.ModFileParser/LOADING]: Considering mod file candidate D:\2026WORK\MCPubgLauncherV2\.runtime\clean\mods\mcore-1.20.1-1.0.3.0.jar
[17:40:10] [main/DEBUG] [ne.mi.fm.lo.mo.ModFileInfo/LOADING]: Found valid mod file mcore-1.20.1-1.0.3.0.jar with {mcore} mods - versions {1.0.3.0}
[17:40:10] [main/DEBUG] [ne.mi.fm.lo.mo.ModFileParser/LOADING]: Considering mod file candidate D:\2026WORK\MCPubgLauncherV2\.runtime\clean\mods\mcpubg-0.0.1.jar
[17:40:10] [main/DEBUG] [ne.mi.fm.lo.mo.ModFileInfo/LOADING]: Found valid mod file mcpubg-0.0.1.jar with {mcpubg} mods - versions {0.0.1}
[17:40:10] [main/DEBUG] [ne.mi.fm.lo.mo.ModFileParser/LOADING]: Considering mod file candidate D:\2026WORK\MCPubgLauncherV2\.runtime\clean\mods\moonlight-1.20-2.16.34-forge.jar
[17:40:10] [main/DEBUG] [ne.mi.fm.lo.mo.ModFileInfo/LOADING]: Found valid mod file moonlight-1.20-2.16.34-forge.jar with {moonlight} mods - versions {1.20-2.16.34}
[17:40:10] [main/DEBUG] [ne.mi.fm.lo.mo.ModFileParser/LOADING]: Considering mod file candidate D:\2026WORK\MCPubgLauncherV2\.runtime\clean\mods\nomindlessshooting-2.2.0-1.20.1.jar
[17:40:10] [main/DEBUG] [ne.mi.fm.lo.mo.ModFileInfo/LOADING]: Found valid mod file nomindlessshooting-2.2.0-1.20.1.jar with {nomindlessshooting} mods - versions {2.2.0-1.20.1}
[17:40:10] [main/DEBUG] [ne.mi.fm.lo.mo.ModFileParser/LOADING]: Considering mod file candidate D:\2026WORK\MCPubgLauncherV2\.runtime\clean\mods\ParCool-1.20.1-3.4.3.3.jar
[17:40:10] [main/DEBUG] [ne.mi.fm.lo.mo.ModFileInfo/LOADING]: Found valid mod file ParCool-1.20.1-3.4.3.3.jar with {parcool} mods - versions {3.4.3.3}
[17:40:10] [main/DEBUG] [ne.mi.fm.lo.mo.ModFileParser/LOADING]: Considering mod file candidate D:\2026WORK\MCPubgLauncherV2\.runtime\clean\mods\ragdollified-1.20.1-0.8.0-BETA.jar
[17:40:10] [main/DEBUG] [ne.mi.fm.lo.mo.ModFileInfo/LOADING]: Found valid mod file ragdollified-1.20.1-0.8.0-BETA.jar with {ragdollified} mods - versions {0.8.0-BETA}
[17:40:10] [main/DEBUG] [ne.mi.fm.lo.mo.ModFileParser/LOADING]: Considering mod file candidate D:\2026WORK\MCPubgLauncherV2\.runtime\clean\mods\rbi-1.20.1-0.2.0.jar
[17:40:10] [main/DEBUG] [ne.mi.fm.lo.mo.ModFileInfo/LOADING]: Found valid mod file rbi-1.20.1-0.2.0.jar with {rbi} mods - versions {0.2.0}
[17:40:10] [main/DEBUG] [ne.mi.fm.lo.mo.ModFileParser/LOADING]: Considering mod file candidate D:\2026WORK\MCPubgLauncherV2\.runtime\clean\mods\sophisticatedbackpacks-1.20.1-3.24.63.2049.jar
[17:40:10] [main/DEBUG] [ne.mi.fm.lo.mo.ModFileInfo/LOADING]: Found valid mod file sophisticatedbackpacks-1.20.1-3.24.63.2049.jar with {sophisticatedbackpacks} mods - versions {3.24.63.2049}
[17:40:10] [main/DEBUG] [ne.mi.fm.lo.mo.ModFileParser/LOADING]: Considering mod file candidate D:\2026WORK\MCPubgLauncherV2\.runtime\clean\mods\sophisticatedcore-1.20.1-1.3.75.2231.jar
[17:40:10] [main/DEBUG] [ne.mi.fm.lo.mo.ModFileInfo/LOADING]: Found valid mod file sophisticatedcore-1.20.1-1.3.75.2231.jar with {sophisticatedcore} mods - versions {1.3.75.2231}
[17:40:10] [main/DEBUG] [ne.mi.fm.lo.mo.ModFileParser/LOADING]: Considering mod file candidate D:\2026WORK\MCPubgLauncherV2\.runtime\clean\mods\superbwarfare-0.8.9-final-mc1.20.1-6effe4385-all.jar
[17:40:10] [main/DEBUG] [ne.mi.fm.lo.mo.ModFileInfo/LOADING]: Found valid mod file superbwarfare-0.8.9-final-mc1.20.1-6effe4385-all.jar with {superbwarfare} mods - versions {0.8.9}
[17:40:10] [main/DEBUG] [ne.mi.fm.lo.mo.ModFileParser/LOADING]: Considering mod file candidate D:\2026WORK\MCPubgLauncherV2\.runtime\clean\mods\survival_instinct-1.0.2-forge-1.20.1.jar
[17:40:10] [main/DEBUG] [ne.mi.fm.lo.mo.ModFileInfo/LOADING]: Found valid mod file survival_instinct-1.0.2-forge-1.20.1.jar with {survival_instinct} mods - versions {1.0.2}
[17:40:10] [main/DEBUG] [ne.mi.fm.lo.mo.ModFileParser/LOADING]: Considering mod file candidate D:\2026WORK\MCPubgLauncherV2\.runtime\clean\mods\tacticalvests-1.0.4-forge-1.20.1.jar
[17:40:10] [main/DEBUG] [ne.mi.fm.lo.mo.ModFileInfo/LOADING]: Found valid mod file tacticalvests-1.0.4-forge-1.20.1.jar with {tacticalvests} mods - versions {1.0.4}
[17:40:10] [main/DEBUG] [ne.mi.fm.lo.mo.ModFileParser/LOADING]: Considering mod file candidate D:\2026WORK\MCPubgLauncherV2\.runtime\clean\mods\tacz-1.20.1-1.1.8-hotfix.jar
[17:40:10] [main/DEBUG] [ne.mi.fm.lo.mo.ModFileInfo/LOADING]: Found valid mod file tacz-1.20.1-1.1.8-hotfix.jar with {tacz} mods - versions {1.1.8-hotfix}
[17:40:10] [main/DEBUG] [ne.mi.fm.lo.mo.ModFileParser/LOADING]: Considering mod file candidate D:\2026WORK\MCPubgLauncherV2\.runtime\clean\mods\tacz-mesh-loader-forge-1.20.1-0.1.6.jar
[17:40:10] [main/DEBUG] [ne.mi.fm.lo.mo.ModFileInfo/LOADING]: Found valid mod file tacz-mesh-loader-forge-1.20.1-0.1.6.jar with {taczmeshloader} mods - versions {0.1.6}
[17:40:10] [main/DEBUG] [ne.mi.fm.lo.mo.ModFileParser/LOADING]: Considering mod file candidate D:\2026WORK\MCPubgLauncherV2\.runtime\clean\mods\tacz-tweaks-2.14.2-all.jar
[17:40:10] [main/DEBUG] [ne.mi.fm.lo.mo.ModFileInfo/LOADING]: Found valid mod file tacz-tweaks-2.14.2-all.jar with {tacztweaks} mods - versions {2.14.2}
[17:40:10] [main/DEBUG] [ne.mi.fm.lo.mo.ModFileParser/LOADING]: Considering mod file candidate D:\2026WORK\MCPubgLauncherV2\.runtime\clean\mods\tacz_realisticblood-1.0.8-forge-1.20.1.jar
[17:40:10] [main/DEBUG] [ne.mi.fm.lo.mo.ModFileInfo/LOADING]: Found valid mod file tacz_realisticblood-1.0.8-forge-1.20.1.jar with {tacz_realisticblood} mods - versions {1.0.8}
[17:40:10] [main/DEBUG] [ne.mi.fm.lo.mo.ModFileParser/LOADING]: Considering mod file candidate D:\2026WORK\MCPubgLauncherV2\.runtime\clean\mods\taczadditions-1.20.1-1.1.1.jar
[17:40:10] [main/DEBUG] [ne.mi.fm.lo.mo.ModFileInfo/LOADING]: Found valid mod file taczadditions-1.20.1-1.1.1.jar with {taczadditions} mods - versions {1.1.1}
[17:40:10] [main/DEBUG] [ne.mi.fm.lo.mo.ModFileParser/LOADING]: Considering mod file candidate D:\2026WORK\MCPubgLauncherV2\.runtime\clean\mods\TerraBlender-forge-1.20.1-3.0.1.10.jar
[17:40:10] [main/DEBUG] [ne.mi.fm.lo.mo.ModFileInfo/LOADING]: Found valid mod file TerraBlender-forge-1.20.1-3.0.1.10.jar with {terrablender} mods - versions {3.0.1.10}
[17:40:10] [main/DEBUG] [ne.mi.fm.lo.mo.ModFileParser/LOADING]: Considering mod file candidate D:\2026WORK\MCPubgLauncherV2\.runtime\clean\mods\The-Hordes-1.20.1-1.6.3g-all.jar
[17:40:10] [main/DEBUG] [ne.mi.fm.lo.mo.ModFileInfo/LOADING]: Found valid mod file The-Hordes-1.20.1-1.6.3g-all.jar with {hordes} mods - versions {1.6.3g}
[17:40:10] [main/DEBUG] [ne.mi.fm.lo.mo.ModFileParser/LOADING]: Considering mod file candidate D:\2026WORK\MCPubgLauncherV2\.runtime\clean\mods\yet_another_config_lib_v3-3.6.6+1.20.1-forge.jar
[17:40:10] [main/DEBUG] [ne.mi.fm.lo.mo.ModFileInfo/LOADING]: Found valid mod file yet_another_config_lib_v3-3.6.6+1.20.1-forge.jar with {yet_another_config_lib_v3} mods - versions {3.6.6+1.20.1-forge}
[17:40:10] [main/DEBUG] [ne.mi.fm.lo.mo.ModFileParser/LOADING]: Considering mod file candidate D:\2026WORK\MCPubgLauncherV2\.runtime\clean\mods\zombieawareness-1.20.1-1.13.1.jar
[17:40:10] [main/DEBUG] [ne.mi.fm.lo.mo.ModFileInfo/LOADING]: Found valid mod file zombieawareness-1.20.1-1.13.1.jar with {zombieawareness} mods - versions {1.20.1-1.13.1}
[17:40:10] [main/DEBUG] [ne.mi.fm.lo.mo.ModFileInfo/LOADING]: Found valid mod file client-1.20.1-20230612.114412-srg.jar with {minecraft} mods - versions {1.20.1}
[17:40:10] [main/DEBUG] [ne.mi.fm.lo.mo.ModFileParser/LOADING]: Considering mod file candidate D:\2026WORK\MCPubgLauncherV2\.runtime\clean\libraries\net\minecraftforge\fmlcore\1.20.1-47.4.10\fmlcore-1.20.1-47.4.10.jar
[17:40:10] [main/WARN] [ne.mi.fm.lo.mo.ModFileParser/LOADING]: Mod file D:\2026WORK\MCPubgLauncherV2\.runtime\clean\libraries\net\minecraftforge\fmlcore\1.20.1-47.4.10\fmlcore-1.20.1-47.4.10.jar is missing mods.toml file
[17:40:10] [main/DEBUG] [ne.mi.fm.lo.mo.ModFileParser/LOADING]: Considering mod file candidate D:\2026WORK\MCPubgLauncherV2\.runtime\clean\libraries\net\minecraftforge\javafmllanguage\1.20.1-47.4.10\javafmllanguage-1.20.1-47.4.10.jar
[17:40:10] [main/WARN] [ne.mi.fm.lo.mo.ModFileParser/LOADING]: Mod file D:\2026WORK\MCPubgLauncherV2\.runtime\clean\libraries\net\minecraftforge\javafmllanguage\1.20.1-47.4.10\javafmllanguage-1.20.1-47.4.10.jar is missing mods.toml file
[17:40:10] [main/DEBUG] [ne.mi.fm.lo.mo.ModFileParser/LOADING]: Considering mod file candidate D:\2026WORK\MCPubgLauncherV2\.runtime\clean\libraries\net\minecraftforge\lowcodelanguage\1.20.1-47.4.10\lowcodelanguage-1.20.1-47.4.10.jar
[17:40:10] [main/WARN] [ne.mi.fm.lo.mo.ModFileParser/LOADING]: Mod file D:\2026WORK\MCPubgLauncherV2\.runtime\clean\libraries\net\minecraftforge\lowcodelanguage\1.20.1-47.4.10\lowcodelanguage-1.20.1-47.4.10.jar is missing mods.toml file
[17:40:10] [main/DEBUG] [ne.mi.fm.lo.mo.ModFileParser/LOADING]: Considering mod file candidate D:\2026WORK\MCPubgLauncherV2\.runtime\clean\libraries\net\minecraftforge\mclanguage\1.20.1-47.4.10\mclanguage-1.20.1-47.4.10.jar
[17:40:10] [main/WARN] [ne.mi.fm.lo.mo.ModFileParser/LOADING]: Mod file D:\2026WORK\MCPubgLauncherV2\.runtime\clean\libraries\net\minecraftforge\mclanguage\1.20.1-47.4.10\mclanguage-1.20.1-47.4.10.jar is missing mods.toml file
[17:40:10] [main/DEBUG] [ne.mi.fm.lo.mo.ModFileParser/LOADING]: Considering mod file candidate D:\2026WORK\MCPubgLauncherV2\.runtime\clean\libraries\net\minecraftforge\forge\1.20.1-47.4.10\forge-1.20.1-47.4.10-universal.jar
[17:40:10] [main/DEBUG] [ne.mi.fm.lo.mo.ModFileInfo/LOADING]: Found valid mod file forge-1.20.1-47.4.10-universal.jar with {forge} mods - versions {47.4.10}
[17:40:10] [main/DEBUG] [ne.mi.fm.lo.mo.AbstractJarFileDependencyLocator/]: Failed to load resource META-INF\jarjar\metadata.json from Arena Breakout Infinite Melee Pack-0.1.0.jar, it does not contain dependency information.
[17:40:10] [main/DEBUG] [ne.mi.fm.lo.mo.AbstractJarFileDependencyLocator/]: Failed to load resource META-INF\jarjar\metadata.json from mcpubg-0.0.1.jar, it does not contain dependency information.
[17:40:10] [main/DEBUG] [ne.mi.fm.lo.mo.AbstractJarFileDependencyLocator/]: Failed to load resource META-INF\jarjar\metadata.json from dyairdrop-1.1.0-1.20.1-beta.jar, it does not contain dependency information.
[17:40:10] [main/DEBUG] [ne.mi.fm.lo.mo.AbstractJarFileDependencyLocator/]: Failed to load resource META-INF\jarjar\metadata.json from sophisticatedcore-1.20.1-1.3.75.2231.jar, it does not contain dependency information.
[17:40:10] [main/DEBUG] [ne.mi.fm.lo.mo.AbstractJarFileDependencyLocator/]: Failed to load resource META-INF\jarjar\metadata.json from immersive_weathering-1.20.1-2.0.5-forge.jar, it does not contain dependency information.
[17:40:10] [main/DEBUG] [ne.mi.fm.lo.mo.AbstractJarFileDependencyLocator/]: Failed to load resource META-INF\jarjar\metadata.json from ragdollified-1.20.1-0.8.0-BETA.jar, it does not contain dependency information.
[17:40:10] [main/DEBUG] [ne.mi.fm.lo.mo.AbstractJarFileDependencyLocator/]: Failed to load resource META-INF\jarjar\metadata.json from marbledsarsenal-1.20.1forge-2.4.0.0.jar, it does not contain dependency information.
[17:40:10] [main/DEBUG] [ne.mi.fm.lo.mo.AbstractJarFileDependencyLocator/]: Failed to load resource META-INF\jarjar\metadata.json from journeymap-1.20.1-5.10.3-forge.jar, it does not contain dependency information.
[17:40:10] [main/DEBUG] [ne.mi.fm.lo.mo.AbstractJarFileDependencyLocator/]: Failed to load resource META-INF\jarjar\metadata.json from berezka_api-1.2.9.5-forge-1.20.1.jar, it does not contain dependency information.
[17:40:10] [main/DEBUG] [ne.mi.fm.lo.mo.AbstractJarFileDependencyLocator/]: Failed to load resource META-INF\jarjar\metadata.json from citadel-2.6.3-1.20.1.jar, it does not contain dependency information.
[17:40:10] [main/DEBUG] [ne.mi.fm.lo.mo.AbstractJarFileDependencyLocator/]: Failed to load resource META-INF\jarjar\metadata.json from zombieawareness-1.20.1-1.13.1.jar, it does not contain dependency information.
[17:40:10] [main/DEBUG] [ne.mi.fm.lo.mo.AbstractJarFileDependencyLocator/]: Failed to load resource META-INF\jarjar\metadata.json from mcore-1.20.1-1.0.3.0.jar, it does not contain dependency information.
[17:40:10] [main/DEBUG] [ne.mi.fm.lo.mo.AbstractJarFileDependencyLocator/]: Failed to load resource META-INF\jarjar\metadata.json from BadMobs-1.20.1-19.0.4.jar, it does not contain dependency information.
[17:40:10] [main/DEBUG] [ne.mi.fm.lo.mo.AbstractJarFileDependencyLocator/]: Failed to load resource META-INF\jarjar\metadata.json from sophisticatedbackpacks-1.20.1-3.24.63.2049.jar, it does not contain dependency information.
[17:40:10] [main/DEBUG] [ne.mi.fm.lo.mo.AbstractJarFileDependencyLocator/]: Failed to load resource META-INF\jarjar\metadata.json from nomindlessshooting-2.2.0-1.20.1.jar, it does not contain dependency information.
[17:40:10] [main/DEBUG] [ne.mi.fm.lo.mo.AbstractJarFileDependencyLocator/]: Failed to load resource META-INF\jarjar\metadata.json from cloth-config-11.1.136-forge.jar, it does not contain dependency information.
[17:40:10] [main/DEBUG] [ne.mi.fm.lo.mo.AbstractJarFileDependencyLocator/]: Failed to load resource META-INF\jarjar\metadata.json from forge-1.20.1-47.4.10-universal.jar, it does not contain dependency information.
[17:40:10] [main/DEBUG] [ne.mi.fm.lo.mo.AbstractJarFileDependencyLocator/]: Failed to load resource META-INF\jarjar\metadata.json from [TAGZ] Supressing-1.0.jar, it does not contain dependency information.
[17:40:10] [main/DEBUG] [ne.mi.fm.lo.mo.AbstractJarFileDependencyLocator/]: Failed to load resource META-INF\jarjar\metadata.json from rbi-1.20.1-0.2.0.jar, it does not contain dependency information.
[17:40:10] [main/DEBUG] [ne.mi.fm.lo.mo.AbstractJarFileDependencyLocator/]: Failed to load resource META-INF\jarjar\metadata.json from tacz-mesh-loader-forge-1.20.1-0.1.6.jar, it does not contain dependency information.
[17:40:10] [main/DEBUG] [ne.mi.fm.lo.mo.AbstractJarFileDependencyLocator/]: Failed to load resource META-INF\jarjar\metadata.json from accuratehitboxes-neoforge-2.4.1-1.20.1.jar, it does not contain dependency information.
[17:40:10] [main/DEBUG] [ne.mi.fm.lo.mo.AbstractJarFileDependencyLocator/]: Failed to load resource META-INF\jarjar\metadata.json from client-1.20.1-20230612.114412-srg.jar, it does not contain dependency information.
[17:40:10] [main/DEBUG] [ne.mi.fm.lo.mo.AbstractJarFileDependencyLocator/]: Failed to load resource META-INF\jarjar\metadata.json from immersive_ballistic-1.3.jar, it does not contain dependency information.
[17:40:10] [main/DEBUG] [ne.mi.fm.lo.mo.AbstractJarFileDependencyLocator/]: Failed to load resource META-INF\jarjar\metadata.json from TerraBlender-forge-1.20.1-3.0.1.10.jar, it does not contain dependency information.
[17:40:10] [main/DEBUG] [ne.mi.fm.lo.mo.AbstractJarFileDependencyLocator/]: Failed to load resource META-INF\jarjar\metadata.json from survival_instinct-1.0.2-forge-1.20.1.jar, it does not contain dependency information.
[17:40:10] [main/DEBUG] [ne.mi.fm.lo.mo.AbstractJarFileDependencyLocator/]: Failed to load resource META-INF\jarjar\metadata.json from lrtactical-1.20.1-0.4.1.jar, it does not contain dependency information.
[17:40:10] [main/DEBUG] [ne.mi.fm.lo.mo.AbstractJarFileDependencyLocator/]: Failed to load resource META-INF\jarjar\metadata.json from jmvworldborder-1.0.2.jar, it does not contain dependency information.
[17:40:10] [main/DEBUG] [ne.mi.fm.lo.mo.AbstractJarFileDependencyLocator/]: Failed to load resource META-INF\jarjar\metadata.json from curios-forge-5.14.1+1.20.1.jar, it does not contain dependency information.
[17:40:10] [main/DEBUG] [ne.mi.fm.lo.mo.AbstractJarFileDependencyLocator/]: Failed to load resource META-INF\jarjar\metadata.json from endlessammo-2.0.jar, it does not contain dependency information.
[17:40:10] [main/DEBUG] [ne.mi.fm.lo.mo.AbstractJarFileDependencyLocator/]: Failed to load resource META-INF\jarjar\metadata.json from Keerdm_20Zombie_20Apocalypse_20Essentials_20(TACZ)_201.42.jar, it does not contain dependency information.
[17:40:10] [main/DEBUG] [ne.mi.fm.lo.mo.AbstractJarFileDependencyLocator/]: Failed to load resource META-INF\jarjar\metadata.json from lootchestrefill-1.1.2.jar, it does not contain dependency information.
[17:40:10] [main/DEBUG] [ne.mi.fm.lo.mo.AbstractJarFileDependencyLocator/]: Failed to load resource META-INF\jarjar\metadata.json from ParCool-1.20.1-3.4.3.3.jar, it does not contain dependency information.
[17:40:10] [main/DEBUG] [ne.mi.fm.lo.mo.AbstractJarFileDependencyLocator/]: Failed to load resource META-INF\jarjar\metadata.json from chaoszproject-bandits-1.0.0-1.20.1.jar, it does not contain dependency information.
[17:40:10] [main/DEBUG] [ne.mi.fm.lo.mo.AbstractJarFileDependencyLocator/]: Failed to load resource META-INF\jarjar\metadata.json from taczadditions-1.20.1-1.1.1.jar, it does not contain dependency information.
[17:40:10] [main/DEBUG] [ne.mi.fm.lo.mo.AbstractJarFileDependencyLocator/]: Failed to load resource META-INF\jarjar\metadata.json from lostcities-1.20-7.5.1.jar, it does not contain dependency information.
[17:40:10] [main/DEBUG] [ne.mi.fm.lo.mo.AbstractJarFileDependencyLocator/]: Failed to load resource META-INF\jarjar\metadata.json from Atlas Lib-1.20.1-1.1.12.jar, it does not contain dependency information.
[17:40:10] [main/DEBUG] [ne.mi.fm.lo.mo.AbstractJarFileDependencyLocator/]: Failed to load resource META-INF\jarjar\metadata.json from coroutil-forge-1.20.1-1.3.7.jar, it does not contain dependency information.
[17:40:10] [main/DEBUG] [ne.mi.fm.lo.mo.AbstractJarFileDependencyLocator/]: Failed to load resource META-INF\jarjar\metadata.json from architectury-9.2.14-forge.jar, it does not contain dependency information.
[17:40:10] [main/DEBUG] [ne.mi.fm.lo.mo.AbstractJarFileDependencyLocator/]: Failed to load resource META-INF\jarjar\metadata.json from AI-Improvements-1.20-0.5.2.jar, it does not contain dependency information.
[17:40:10] [main/DEBUG] [ne.mi.fm.lo.mo.AbstractJarFileDependencyLocator/]: Failed to load resource META-INF\jarjar\metadata.json from framework-forge-1.20.1-0.8.0.jar, it does not contain dependency information.
[17:40:10] [main/DEBUG] [ne.mi.fm.lo.mo.AbstractJarFileDependencyLocator/]: Failed to load resource META-INF\jarjar\metadata.json from mclanguage-1.20.1-47.4.10.jar, it does not contain dependency information.
[17:40:10] [main/DEBUG] [ne.mi.fm.lo.mo.AbstractJarFileDependencyLocator/]: Failed to load resource META-INF\jarjar\metadata.json from javafmllanguage-1.20.1-47.4.10.jar, it does not contain dependency information.
[17:40:10] [main/DEBUG] [ne.mi.fm.lo.mo.AbstractJarFileDependencyLocator/]: Failed to load resource META-INF\jarjar\metadata.json from fmlcore-1.20.1-47.4.10.jar, it does not contain dependency information.
[17:40:10] [main/DEBUG] [ne.mi.fm.lo.mo.AbstractJarFileDependencyLocator/]: Failed to load resource META-INF\jarjar\metadata.json from lowcodelanguage-1.20.1-47.4.10.jar, it does not contain dependency information.
[17:40:10] [main/DEBUG] [ne.mi.fm.lo.mo.ModFileParser/LOADING]: Considering mod file candidate 
[17:40:10] [main/DEBUG] [ne.mi.fm.lo.mo.ModFileInfo/LOADING]: Found valid mod file mixinextras-forge-0.3.6.jar with {mixinextras} mods - versions {0.3.6}
[17:40:10] [main/DEBUG] [ne.mi.fm.lo.mo.ModFileParser/LOADING]: Considering mod file candidate 
[17:40:10] [main/DEBUG] [ne.mi.fm.lo.mo.ModFileInfo/LOADING]: Found valid mod file mixinsquared-forge-0.1.1.jar with {mixinsquared} mods - versions {0.1.1}
[17:40:10] [main/DEBUG] [ne.mi.fm.lo.mo.ModFileParser/LOADING]: Considering mod file candidate 
[17:40:10] [main/DEBUG] [ne.mi.fm.lo.mo.ModFileInfo/LOADING]: Found valid mod file mixinextras-forge-0.3.6.jar with {mixinextras} mods - versions {0.3.6}
[17:40:10] [main/DEBUG] [ne.mi.fm.lo.mo.ModFileParser/LOADING]: Considering mod file candidate 
[17:40:10] [main/DEBUG] [ne.mi.fm.lo.mo.ModFileInfo/LOADING]: Found valid mod file mixinextras-forge-0.3.5.jar with {mixinextras} mods - versions {0.3.5}
[17:40:10] [main/DEBUG] [ne.mi.fm.lo.mo.ModFileParser/LOADING]: Considering mod file candidate 
[17:40:10] [main/DEBUG] [ne.mi.fm.lo.mo.ModFileInfo/LOADING]: Found valid mod file mixinsquared-forge-0.3.3.jar with {mixinsquared} mods - versions {0.3.3}
[17:40:10] [main/DEBUG] [ne.mi.fm.lo.mo.ModFileParser/LOADING]: Considering mod file candidate 
[17:40:10] [main/DEBUG] [ne.mi.fm.lo.mo.ModFileInfo/LOADING]: Found valid mod file kffmod-4.12.0.jar with {kotlinforforge} mods - versions {4.12.0}
[17:40:10] [main/DEBUG] [ne.mi.fm.lo.mo.ModFileParser/LOADING]: Considering mod file candidate 
[17:40:10] [main/DEBUG] [ne.mi.fm.lo.mo.ModFileInfo/LOADING]: Found valid mod file simplebedrockmodel-2.2.2-forge+mc1.20.1.jar with {simplebedrockmodel} mods - versions {2.2.2-forge+mc1.20.1}
[17:40:11] [main/DEBUG] [ne.mi.fm.lo.mo.ModFileParser/LOADING]: Considering mod file candidate 
[17:40:11] [main/DEBUG] [ne.mi.fm.lo.mo.ModFileInfo/LOADING]: Found valid mod file mixinextras-forge-0.3.6.jar with {mixinextras} mods - versions {0.3.6}
[17:40:11] [main/DEBUG] [ne.mi.fm.lo.mo.ModFileParser/LOADING]: Considering mod file candidate 
[17:40:11] [main/DEBUG] [ne.mi.fm.lo.mo.ModFileInfo/LOADING]: Found valid mod file simplebedrockmodel-2.3.3-forge-mc1.20.1.jar with {simplebedrockmodel} mods - versions {2.3.3-forge-mc1.20.1}
[17:40:11] [main/DEBUG] [ne.mi.fm.lo.mo.AbstractJarFileDependencyLocator/]: Failed to load resource META-INF\jarjar\metadata.json from common-image-3.12.0.jar, it does not contain dependency information.
[17:40:11] [main/DEBUG] [ne.mi.fm.lo.mo.AbstractJarFileDependencyLocator/]: Failed to load resource META-INF\jarjar\metadata.json from common-io-3.12.0.jar, it does not contain dependency information.
[17:40:11] [main/DEBUG] [ne.mi.fm.lo.mo.AbstractJarFileDependencyLocator/]: Failed to load resource META-INF\jarjar\metadata.json from common-lang-3.12.0.jar, it does not contain dependency information.
[17:40:11] [main/DEBUG] [ne.mi.fm.lo.mo.AbstractJarFileDependencyLocator/]: Failed to load resource META-INF\jarjar\metadata.json from imageio-core-3.12.0.jar, it does not contain dependency information.
[17:40:11] [main/DEBUG] [ne.mi.fm.lo.mo.AbstractJarFileDependencyLocator/]: Failed to load resource META-INF\jarjar\metadata.json from imageio-metadata-3.12.0.jar, it does not contain dependency information.
[17:40:11] [main/DEBUG] [ne.mi.fm.lo.mo.AbstractJarFileDependencyLocator/]: Failed to load resource META-INF\jarjar\metadata.json from imageio-webp-3.12.0.jar, it does not contain dependency information.
[17:40:11] [main/DEBUG] [ne.mi.fm.lo.mo.AbstractJarFileDependencyLocator/]: Failed to load resource META-INF\jarjar\metadata.json from gson-0.2.1.jar, it does not contain dependency information.
[17:40:11] [main/DEBUG] [ne.mi.fm.lo.mo.AbstractJarFileDependencyLocator/]: Failed to load resource META-INF\jarjar\metadata.json from json-0.2.1.jar, it does not contain dependency information.
[17:40:11] [main/DEBUG] [ne.mi.fm.lo.mo.AbstractJarFileDependencyLocator/]: Failed to load resource META-INF\jarjar\metadata.json from kfflang-4.12.0.jar, it does not contain dependency information.
[17:40:11] [main/DEBUG] [ne.mi.fm.lo.mo.AbstractJarFileDependencyLocator/]: Failed to load resource META-INF\jarjar\metadata.json from kfflib-4.12.0.jar, it does not contain dependency information.
[17:40:11] [main/DEBUG] [ne.mi.fm.lo.mo.AbstractJarFileDependencyLocator/]: Failed to load resource META-INF\jarjar\metadata.json from kffmod-4.12.0.jar, it does not contain dependency information.
[17:40:11] [main/DEBUG] [ne.mi.fm.lo.mo.AbstractJarFileDependencyLocator/]: Failed to load resource META-INF\jarjar\metadata.json from commons-math3-3.6.1.jar, it does not contain dependency information.
[17:40:11] [main/DEBUG] [ne.mi.fm.lo.mo.AbstractJarFileDependencyLocator/]: Failed to load resource META-INF\jarjar\metadata.json from luaj-core-3.0.8-figura.jar, it does not contain dependency information.
[17:40:11] [main/DEBUG] [ne.mi.fm.lo.mo.AbstractJarFileDependencyLocator/]: Failed to load resource META-INF\jarjar\metadata.json from luaj-jse-3.0.8-figura.jar, it does not contain dependency information.
[17:40:11] [main/DEBUG] [ne.mi.fm.lo.mo.AbstractJarFileDependencyLocator/]: Failed to load resource META-INF\jarjar\metadata.json from bcel-6.6.1.jar, it does not contain dependency information.
[17:40:11] [main/DEBUG] [ne.mi.fm.lo.mo.AbstractJarFileDependencyLocator/]: Failed to load resource META-INF\jarjar\metadata.json from mclib-20.jar, it does not contain dependency information.
[17:40:11] [main/DEBUG] [ne.mi.fm.lo.mo.AbstractJarFileDependencyLocator/]: Failed to load resource META-INF\jarjar\metadata.json from MixinExtras-0.3.6.jar, it does not contain dependency information.
[17:40:11] [main/DEBUG] [ne.mi.fm.lo.mo.AbstractJarFileDependencyLocator/]: Failed to load resource META-INF\jarjar\metadata.json from MixinSquared-0.1.1.jar, it does not contain dependency information.
[17:40:11] [main/DEBUG] [ne.mi.fm.lo.mo.AbstractJarFileDependencyLocator/]: Failed to load resource META-INF\jarjar\metadata.json from MixinExtras-0.3.6.jar, it does not contain dependency information.
[17:40:11] [main/DEBUG] [ne.mi.fm.lo.mo.AbstractJarFileDependencyLocator/]: Failed to load resource META-INF\jarjar\metadata.json from MixinExtras-0.3.5.jar, it does not contain dependency information.
[17:40:11] [main/DEBUG] [ne.mi.fm.lo.mo.AbstractJarFileDependencyLocator/]: Failed to load resource META-INF\jarjar\metadata.json from MixinSquared-0.3.3.jar, it does not contain dependency information.
[17:40:11] [main/DEBUG] [ne.mi.fm.lo.mo.AbstractJarFileDependencyLocator/]: Failed to load resource META-INF\jarjar\metadata.json from MixinExtras-0.5.0.jar, it does not contain dependency information.
[17:40:11] [main/DEBUG] [ne.mi.fm.lo.mo.AbstractJarFileDependencyLocator/]: Failed to load resource META-INF\jarjar\metadata.json from MixinExtras-0.5.0.jar, it does not contain dependency information.
[17:40:11] [main/DEBUG] [ne.mi.fm.lo.mo.AbstractJarFileDependencyLocator/]: Failed to load resource META-INF\jarjar\metadata.json from mae-1.1.2.jar, it does not contain dependency information.
[17:40:11] [main/DEBUG] [ne.mi.fm.lo.mo.AbstractJarFileDependencyLocator/]: Failed to load resource META-INF\jarjar\metadata.json from MixinExtras-0.3.6.jar, it does not contain dependency information.
[17:40:11] [main/DEBUG] [ne.mi.fm.lo.mo.AbstractJarFileDependencyLocator/]: Failed to load resource META-INF\jarjar\metadata.json from mae-1.1.2.jar, it does not contain dependency information.
[17:40:11] [main/DEBUG] [ne.mi.fm.lo.mo.AbstractJarFileDependencyLocator/]: Failed to load resource META-INF\jarjar\metadata.json from MixinExtras-0.5.0.jar, it does not contain dependency information.
[17:40:11] [main/DEBUG] [ne.mi.fm.lo.mo.ModFileParser/LOADING]: Considering mod file candidate 
[17:40:11] [main/DEBUG] [ne.mi.fm.lo.mo.ModFileInfo/LOADING]: Found valid mod file mixinsquared-forge-0.3.3.jar with {mixinsquared} mods - versions {0.3.3}
[17:40:11] [main/DEBUG] [ne.mi.fm.lo.mo.ModFileParser/LOADING]: Considering mod file candidate 
[17:40:11] [main/DEBUG] [ne.mi.fm.lo.mo.ModFileInfo/LOADING]: Found valid mod file simplebedrockmodel-2.3.3-forge-mc1.20.1.jar with {simplebedrockmodel} mods - versions {2.3.3-forge-mc1.20.1}
[17:40:11] [main/DEBUG] [ne.mi.fm.lo.mo.ModFileParser/LOADING]: Considering mod file candidate 
[17:40:11] [main/DEBUG] [ne.mi.fm.lo.mo.ModFileInfo/LOADING]: Found valid mod file kffmod-4.12.0.jar with {kotlinforforge} mods - versions {4.12.0}
[17:40:11] [main/INFO] [ne.mi.fm.lo.mo.JarInJarDependencyLocator/]: Found 22 dependencies adding them to mods collection
[17:40:11] [main/DEBUG] [ne.mi.fm.lo.mo.ModFileParser/LOADING]: Considering mod file candidate D:\2026WORK\MCPubgLauncherV2\.runtime\clean\mods\Arena Breakout Infinite Melee Pack-0.1.0.jar
[17:40:11] [main/DEBUG] [ne.mi.fm.lo.mo.ModFileInfo/LOADING]: Found valid mod file Arena Breakout Infinite Melee Pack-0.1.0.jar with {e_ab_i_wt} mods - versions {0.1.0}
[17:40:11] [main/DEBUG] [ne.mi.fm.lo.mo.ModFile/LOADING]: Loading mod file D:\2026WORK\MCPubgLauncherV2\.runtime\clean\mods\Arena Breakout Infinite Melee Pack-0.1.0.jar with languages [LanguageSpec[languageName=lowcodefml, acceptedVersions=[46,)]]
[17:40:11] [main/DEBUG] [ne.mi.fm.lo.mo.ModFileParser/LOADING]: Considering mod file candidate D:\2026WORK\MCPubgLauncherV2\.runtime\clean\mods\mcpubg-0.0.1.jar
[17:40:11] [main/DEBUG] [ne.mi.fm.lo.mo.ModFileInfo/LOADING]: Found valid mod file mcpubg-0.0.1.jar with {mcpubg} mods - versions {0.0.1}
[17:40:11] [main/DEBUG] [ne.mi.fm.lo.mo.ModFile/LOADING]: Loading mod file D:\2026WORK\MCPubgLauncherV2\.runtime\clean\mods\mcpubg-0.0.1.jar with languages [LanguageSpec[languageName=javafml, acceptedVersions=[47,)]]
[17:40:11] [main/DEBUG] [ne.mi.fm.lo.mo.ModFileParser/LOADING]: Considering mod file candidate D:\2026WORK\MCPubgLauncherV2\.runtime\clean\mods\geckolib-forge-1.20.1-4.8.4.jar
[17:40:11] [main/DEBUG] [ne.mi.fm.lo.mo.ModFileInfo/LOADING]: Found valid mod file geckolib-forge-1.20.1-4.8.4.jar with {geckolib} mods - versions {4.8.4}
[17:40:11] [main/DEBUG] [ne.mi.fm.lo.mo.ModFile/LOADING]: Loading mod file D:\2026WORK\MCPubgLauncherV2\.runtime\clean\mods\geckolib-forge-1.20.1-4.8.4.jar with languages [LanguageSpec[languageName=javafml, acceptedVersions=[47,)]]
[17:40:11] [main/DEBUG] [ne.mi.fm.lo.mo.ModFileParser/LOADING]: Considering mod file candidate D:\2026WORK\MCPubgLauncherV2\.runtime\clean\mods\dyairdrop-1.1.0-1.20.1-beta.jar
[17:40:11] [main/DEBUG] [ne.mi.fm.lo.mo.ModFileInfo/LOADING]: Found valid mod file dyairdrop-1.1.0-1.20.1-beta.jar with {dyairdrop} mods - versions {1.0.0}
[17:40:11] [main/DEBUG] [ne.mi.fm.lo.mo.ModFile/LOADING]: Loading mod file D:\2026WORK\MCPubgLauncherV2\.runtime\clean\mods\dyairdrop-1.1.0-1.20.1-beta.jar with languages [LanguageSpec[languageName=javafml, acceptedVersions=[47,)]]
[17:40:11] [main/DEBUG] [ne.mi.fm.lo.mo.ModFileParser/LOADING]: Considering mod file candidate D:\2026WORK\MCPubgLauncherV2\.runtime\clean\mods\tacz-1.20.1-1.1.8-hotfix.jar
[17:40:11] [main/DEBUG] [ne.mi.fm.lo.mo.ModFileInfo/LOADING]: Found valid mod file tacz-1.20.1-1.1.8-hotfix.jar with {tacz} mods - versions {1.1.8-hotfix}
[17:40:11] [main/DEBUG] [ne.mi.fm.lo.mo.ModFile/LOADING]: Loading mod file D:\2026WORK\MCPubgLauncherV2\.runtime\clean\mods\tacz-1.20.1-1.1.8-hotfix.jar with languages [LanguageSpec[languageName=javafml, acceptedVersions=[46,)]]
[17:40:11] [main/DEBUG] [ne.mi.fm.lo.mo.ModFileParser/LOADING]: Considering mod file candidate D:\2026WORK\MCPubgLauncherV2\.runtime\clean\mods\sophisticatedcore-1.20.1-1.3.75.2231.jar
[17:40:11] [main/DEBUG] [ne.mi.fm.lo.mo.ModFileInfo/LOADING]: Found valid mod file sophisticatedcore-1.20.1-1.3.75.2231.jar with {sophisticatedcore} mods - versions {1.3.75.2231}
[17:40:11] [main/DEBUG] [ne.mi.fm.lo.mo.ModFile/LOADING]: Loading mod file D:\2026WORK\MCPubgLauncherV2\.runtime\clean\mods\sophisticatedcore-1.20.1-1.3.75.2231.jar with languages [LanguageSpec[languageName=javafml, acceptedVersions=[47,)]]
[17:40:11] [main/DEBUG] [ne.mi.fm.lo.mo.ModFileParser/LOADING]: Considering mod file candidate D:\2026WORK\MCPubgLauncherV2\.runtime\clean\mods\immersive_weathering-1.20.1-2.0.5-forge.jar
[17:40:11] [main/DEBUG] [ne.mi.fm.lo.mo.ModFileInfo/LOADING]: Found valid mod file immersive_weathering-1.20.1-2.0.5-forge.jar with {immersive_weathering} mods - versions {1.20.1-2.0.5}
[17:40:11] [main/DEBUG] [ne.mi.fm.lo.mo.ModFile/LOADING]: Loading mod file D:\2026WORK\MCPubgLauncherV2\.runtime\clean\mods\immersive_weathering-1.20.1-2.0.5-forge.jar with languages [LanguageSpec[languageName=javafml, acceptedVersions=[40,)]]
[17:40:11] [main/DEBUG] [ne.mi.fm.lo.mo.ModFileParser/LOADING]: Considering mod file candidate D:\2026WORK\MCPubgLauncherV2\.runtime\clean\mods\ragdollified-1.20.1-0.8.0-BETA.jar
[17:40:11] [main/DEBUG] [ne.mi.fm.lo.mo.ModFileInfo/LOADING]: Found valid mod file ragdollified-1.20.1-0.8.0-BETA.jar with {ragdollified} mods - versions {0.8.0-BETA}
[17:40:11] [main/DEBUG] [ne.mi.fm.lo.mo.ModFile/LOADING]: Loading mod file D:\2026WORK\MCPubgLauncherV2\.runtime\clean\mods\ragdollified-1.20.1-0.8.0-BETA.jar with languages [LanguageSpec[languageName=javafml, acceptedVersions=[47,)]]
[17:40:11] [main/DEBUG] [ne.mi.fm.lo.mo.ModFileParser/LOADING]: Considering mod file candidate D:\2026WORK\MCPubgLauncherV2\.runtime\clean\mods\marbledsarsenal-1.20.1forge-2.4.0.0.jar
[17:40:11] [main/DEBUG] [ne.mi.fm.lo.mo.ModFileInfo/LOADING]: Found valid mod file marbledsarsenal-1.20.1forge-2.4.0.0.jar with {marbledsarsenal} mods - versions {2.4.0.0}
[17:40:11] [main/DEBUG] [ne.mi.fm.lo.mo.ModFile/LOADING]: Loading mod file D:\2026WORK\MCPubgLauncherV2\.runtime\clean\mods\marbledsarsenal-1.20.1forge-2.4.0.0.jar with languages [LanguageSpec[languageName=javafml, acceptedVersions=[47,)]]
[17:40:11] [main/DEBUG] [ne.mi.fm.lo.mo.ModFileParser/LOADING]: Considering mod file candidate D:\2026WORK\MCPubgLauncherV2\.runtime\clean\mods\tacz-tweaks-2.14.2-all.jar
[17:40:11] [main/DEBUG] [ne.mi.fm.lo.mo.ModFileInfo/LOADING]: Found valid mod file tacz-tweaks-2.14.2-all.jar with {tacztweaks} mods - versions {2.14.2}
[17:40:11] [main/DEBUG] [ne.mi.fm.lo.mo.ModFile/LOADING]: Loading mod file D:\2026WORK\MCPubgLauncherV2\.runtime\clean\mods\tacz-tweaks-2.14.2-all.jar with languages [LanguageSpec[languageName=javafml, acceptedVersions=[47,)]]
[17:40:11] [main/DEBUG] [ne.mi.fm.lo.mo.ModFileParser/LOADING]: Considering mod file candidate D:\2026WORK\MCPubgLauncherV2\.runtime\clean\mods\berezka_api-1.2.9.5-forge-1.20.1.jar
[17:40:11] [main/DEBUG] [ne.mi.fm.lo.mo.ModFileInfo/LOADING]: Found valid mod file berezka_api-1.2.9.5-forge-1.20.1.jar with {berezka_api} mods - versions {1.2.9.5}
[17:40:11] [main/DEBUG] [ne.mi.fm.lo.mo.ModFile/LOADING]: Loading mod file D:\2026WORK\MCPubgLauncherV2\.runtime\clean\mods\berezka_api-1.2.9.5-forge-1.20.1.jar with languages [LanguageSpec[languageName=javafml, acceptedVersions=[47,)]]
[17:40:11] [main/DEBUG] [ne.mi.fm.lo.mo.ModFileParser/LOADING]: Considering mod file candidate D:\2026WORK\MCPubgLauncherV2\.runtime\clean\mods\journeymap-1.20.1-5.10.3-forge.jar
[17:40:11] [main/DEBUG] [ne.mi.fm.lo.mo.ModFileInfo/LOADING]: Found valid mod file journeymap-1.20.1-5.10.3-forge.jar with {journeymap} mods - versions {5.10.3}
[17:40:11] [main/DEBUG] [ne.mi.fm.lo.mo.ModFile/LOADING]: Loading mod file D:\2026WORK\MCPubgLauncherV2\.runtime\clean\mods\journeymap-1.20.1-5.10.3-forge.jar with languages [LanguageSpec[languageName=javafml, acceptedVersions=[44,)]]
[17:40:11] [main/DEBUG] [ne.mi.fm.lo.mo.ModFileParser/LOADING]: Found coremod journeymap potion effect transformer with Javascript path potion-effects-shift.js
[17:40:11] [main/DEBUG] [ne.mi.fm.lo.mo.ModFile/LOADING]: Found coremod potion-effects-shift.js
[17:40:11] [main/DEBUG] [ne.mi.fm.lo.mo.ModFileParser/LOADING]: Considering mod file candidate D:\2026WORK\MCPubgLauncherV2\.runtime\clean\mods\citadel-2.6.3-1.20.1.jar
[17:40:11] [main/DEBUG] [ne.mi.fm.lo.mo.ModFileInfo/LOADING]: Found valid mod file citadel-2.6.3-1.20.1.jar with {citadel} mods - versions {2.6.3}
[17:40:11] [main/DEBUG] [ne.mi.fm.lo.mo.ModFile/LOADING]: Loading mod file D:\2026WORK\MCPubgLauncherV2\.runtime\clean\mods\citadel-2.6.3-1.20.1.jar with languages [LanguageSpec[languageName=javafml, acceptedVersions=[47,)]]
[17:40:11] [main/DEBUG] [ne.mi.fm.lo.mo.ModFileParser/LOADING]: Considering mod file candidate D:\2026WORK\MCPubgLauncherV2\.runtime\clean\mods\zombieawareness-1.20.1-1.13.1.jar
[17:40:11] [main/DEBUG] [ne.mi.fm.lo.mo.ModFileInfo/LOADING]: Found valid mod file zombieawareness-1.20.1-1.13.1.jar with {zombieawareness} mods - versions {1.20.1-1.13.1}
[17:40:11] [main/DEBUG] [ne.mi.fm.lo.mo.ModFile/LOADING]: Loading mod file D:\2026WORK\MCPubgLauncherV2\.runtime\clean\mods\zombieawareness-1.20.1-1.13.1.jar with languages [LanguageSpec[languageName=javafml, acceptedVersions=[47,)]]
[17:40:11] [main/DEBUG] [ne.mi.fm.lo.mo.ModFileParser/LOADING]: Considering mod file candidate D:\2026WORK\MCPubgLauncherV2\.runtime\clean\mods\mcore-1.20.1-1.0.3.0.jar
[17:40:11] [main/DEBUG] [ne.mi.fm.lo.mo.ModFileInfo/LOADING]: Found valid mod file mcore-1.20.1-1.0.3.0.jar with {mcore} mods - versions {1.0.3.0}
[17:40:11] [main/DEBUG] [ne.mi.fm.lo.mo.ModFile/LOADING]: Loading mod file D:\2026WORK\MCPubgLauncherV2\.runtime\clean\mods\mcore-1.20.1-1.0.3.0.jar with languages [LanguageSpec[languageName=javafml, acceptedVersions=[47,)]]
[17:40:11] [main/DEBUG] [ne.mi.fm.lo.mo.ModFileParser/LOADING]: Considering mod file candidate D:\2026WORK\MCPubgLauncherV2\.runtime\clean\mods\BadMobs-1.20.1-19.0.4.jar
[17:40:11] [main/DEBUG] [ne.mi.fm.lo.mo.ModFileInfo/LOADING]: Found valid mod file BadMobs-1.20.1-19.0.4.jar with {badmobs} mods - versions {19.0.4}
[17:40:11] [main/DEBUG] [ne.mi.fm.lo.mo.ModFile/LOADING]: Loading mod file D:\2026WORK\MCPubgLauncherV2\.runtime\clean\mods\BadMobs-1.20.1-19.0.4.jar with languages [LanguageSpec[languageName=javafml, acceptedVersions=[47,]]]
[17:40:11] [main/DEBUG] [ne.mi.fm.lo.mo.ModFileParser/LOADING]: Considering mod file candidate D:\2026WORK\MCPubgLauncherV2\.runtime\clean\mods\sophisticatedbackpacks-1.20.1-3.24.63.2049.jar
[17:40:11] [main/DEBUG] [ne.mi.fm.lo.mo.ModFileInfo/LOADING]: Found valid mod file sophisticatedbackpacks-1.20.1-3.24.63.2049.jar with {sophisticatedbackpacks} mods - versions {3.24.63.2049}
[17:40:11] [main/DEBUG] [ne.mi.fm.lo.mo.ModFile/LOADING]: Loading mod file D:\2026WORK\MCPubgLauncherV2\.runtime\clean\mods\sophisticatedbackpacks-1.20.1-3.24.63.2049.jar with languages [LanguageSpec[languageName=javafml, acceptedVersions=[47,)]]
[17:40:11] [main/DEBUG] [ne.mi.fm.lo.mo.ModFileParser/LOADING]: Considering mod file candidate D:\2026WORK\MCPubgLauncherV2\.runtime\clean\mods\superbwarfare-0.8.9-final-mc1.20.1-6effe4385-all.jar
[17:40:11] [main/DEBUG] [ne.mi.fm.lo.mo.ModFileInfo/LOADING]: Found valid mod file superbwarfare-0.8.9-final-mc1.20.1-6effe4385-all.jar with {superbwarfare} mods - versions {0.8.9}
[17:40:11] [main/DEBUG] [ne.mi.fm.lo.mo.ModFile/LOADING]: Loading mod file D:\2026WORK\MCPubgLauncherV2\.runtime\clean\mods\superbwarfare-0.8.9-final-mc1.20.1-6effe4385-all.jar with languages [LanguageSpec[languageName=kotlinforforge, acceptedVersions=[4.11.0,)]]
[17:40:11] [main/DEBUG] [ne.mi.fm.lo.mo.ModFileParser/LOADING]: Considering mod file candidate D:\2026WORK\MCPubgLauncherV2\.runtime\clean\mods\The-Hordes-1.20.1-1.6.3g-all.jar
[17:40:11] [main/DEBUG] [ne.mi.fm.lo.mo.ModFileInfo/LOADING]: Found valid mod file The-Hordes-1.20.1-1.6.3g-all.jar with {hordes} mods - versions {1.6.3g}
[17:40:11] [main/DEBUG] [ne.mi.fm.lo.mo.ModFile/LOADING]: Loading mod file D:\2026WORK\MCPubgLauncherV2\.runtime\clean\mods\The-Hordes-1.20.1-1.6.3g-all.jar with languages [LanguageSpec[languageName=javafml, acceptedVersions=[34,)]]
[17:40:11] [main/DEBUG] [ne.mi.fm.lo.mo.ModFileParser/LOADING]: Considering mod file candidate D:\2026WORK\MCPubgLauncherV2\.runtime\clean\mods\nomindlessshooting-2.2.0-1.20.1.jar
[17:40:11] [main/DEBUG] [ne.mi.fm.lo.mo.ModFileInfo/LOADING]: Found valid mod file nomindlessshooting-2.2.0-1.20.1.jar with {nomindlessshooting} mods - versions {2.2.0-1.20.1}
[17:40:11] [main/DEBUG] [ne.mi.fm.lo.mo.ModFile/LOADING]: Loading mod file D:\2026WORK\MCPubgLauncherV2\.runtime\clean\mods\nomindlessshooting-2.2.0-1.20.1.jar with languages [LanguageSpec[languageName=javafml, acceptedVersions=[47,)]]
[17:40:11] [main/DEBUG] [ne.mi.fm.lo.mo.ModFileParser/LOADING]: Considering mod file candidate D:\2026WORK\MCPubgLauncherV2\.runtime\clean\mods\cloth-config-11.1.136-forge.jar
[17:40:11] [main/DEBUG] [ne.mi.fm.lo.mo.ModFileInfo/LOADING]: Found valid mod file cloth-config-11.1.136-forge.jar with {cloth_config} mods - versions {11.1.136}
[17:40:11] [main/DEBUG] [ne.mi.fm.lo.mo.ModFile/LOADING]: Loading mod file D:\2026WORK\MCPubgLauncherV2\.runtime\clean\mods\cloth-config-11.1.136-forge.jar with languages [LanguageSpec[languageName=javafml, acceptedVersions=[34,)]]
[17:40:11] [main/DEBUG] [ne.mi.fm.lo.mo.ModFileParser/LOADING]: Considering mod file candidate D:\2026WORK\MCPubgLauncherV2\.runtime\clean\mods\[TAGZ] Supressing-1.0.jar
[17:40:11] [main/DEBUG] [ne.mi.fm.lo.mo.ModFileInfo/LOADING]: Found valid mod file [TAGZ] Supressing-1.0.jar with {supressingtagz} mods - versions {1.0}
[17:40:11] [main/DEBUG] [ne.mi.fm.lo.mo.ModFile/LOADING]: Loading mod file D:\2026WORK\MCPubgLauncherV2\.runtime\clean\mods\[TAGZ] Supressing-1.0.jar with languages [LanguageSpec[languageName=javafml, acceptedVersions=[47,)]]
[17:40:11] [main/DEBUG] [ne.mi.fm.lo.mo.ModFileParser/LOADING]: Considering mod file candidate D:\2026WORK\MCPubgLauncherV2\.runtime\clean\libraries\net\minecraftforge\forge\1.20.1-47.4.10\forge-1.20.1-47.4.10-universal.jar
[17:40:11] [main/DEBUG] [ne.mi.fm.lo.mo.ModFileInfo/LOADING]: Found valid mod file forge-1.20.1-47.4.10-universal.jar with {forge} mods - versions {47.4.10}
[17:40:11] [main/DEBUG] [ne.mi.fm.lo.mo.ModFile/LOADING]: Loading mod file D:\2026WORK\MCPubgLauncherV2\.runtime\clean\libraries\net\minecraftforge\forge\1.20.1-47.4.10\forge-1.20.1-47.4.10-universal.jar with languages [LanguageSpec[languageName=javafml, acceptedVersions=[24,]]]
[17:40:11] [main/DEBUG] [ne.mi.fm.lo.mo.ModFileParser/LOADING]: Found coremod field_to_method with Javascript path coremods/field_to_method.js
[17:40:11] [main/DEBUG] [ne.mi.fm.lo.mo.ModFileParser/LOADING]: Found coremod field_to_instanceof with Javascript path coremods/field_to_instanceof.js
[17:40:11] [main/DEBUG] [ne.mi.fm.lo.mo.ModFileParser/LOADING]: Found coremod add_bouncer_method with Javascript path coremods/add_bouncer_method.js
[17:40:11] [main/DEBUG] [ne.mi.fm.lo.mo.ModFileParser/LOADING]: Found coremod method_redirector with Javascript path coremods/method_redirector.js
[17:40:11] [main/DEBUG] [ne.mi.fm.lo.mo.ModFile/LOADING]: Found coremod coremods/field_to_method.js
[17:40:11] [main/DEBUG] [ne.mi.fm.lo.mo.ModFile/LOADING]: Found coremod coremods/field_to_instanceof.js
[17:40:11] [main/DEBUG] [ne.mi.fm.lo.mo.ModFile/LOADING]: Found coremod coremods/add_bouncer_method.js
[17:40:11] [main/DEBUG] [ne.mi.fm.lo.mo.ModFile/LOADING]: Found coremod coremods/method_redirector.js
[17:40:11] [main/DEBUG] [ne.mi.fm.lo.mo.ModFileParser/LOADING]: Considering mod file candidate D:\2026WORK\MCPubgLauncherV2\.runtime\clean\mods\rbi-1.20.1-0.2.0.jar
[17:40:11] [main/DEBUG] [ne.mi.fm.lo.mo.ModFileInfo/LOADING]: Found valid mod file rbi-1.20.1-0.2.0.jar with {rbi} mods - versions {0.2.0}
[17:40:11] [main/DEBUG] [ne.mi.fm.lo.mo.ModFile/LOADING]: Loading mod file D:\2026WORK\MCPubgLauncherV2\.runtime\clean\mods\rbi-1.20.1-0.2.0.jar with languages [LanguageSpec[languageName=javafml, acceptedVersions=[47,)]]
[17:40:11] [main/DEBUG] [ne.mi.fm.lo.mo.ModFileParser/LOADING]: Considering mod file candidate D:\2026WORK\MCPubgLauncherV2\.runtime\clean\mods\tacz-mesh-loader-forge-1.20.1-0.1.6.jar
[17:40:11] [main/DEBUG] [ne.mi.fm.lo.mo.ModFileInfo/LOADING]: Found valid mod file tacz-mesh-loader-forge-1.20.1-0.1.6.jar with {taczmeshloader} mods - versions {0.1.6}
[17:40:11] [main/DEBUG] [ne.mi.fm.lo.mo.ModFile/LOADING]: Loading mod file D:\2026WORK\MCPubgLauncherV2\.runtime\clean\mods\tacz-mesh-loader-forge-1.20.1-0.1.6.jar with languages [LanguageSpec[languageName=javafml, acceptedVersions=[47,)]]
[17:40:11] [main/DEBUG] [ne.mi.fm.lo.mo.ModFileParser/LOADING]: Considering mod file candidate D:\2026WORK\MCPubgLauncherV2\.runtime\clean\mods\accuratehitboxes-neoforge-2.4.1-1.20.1.jar
[17:40:11] [main/DEBUG] [ne.mi.fm.lo.mo.ModFileInfo/LOADING]: Found valid mod file accuratehitboxes-neoforge-2.4.1-1.20.1.jar with {accuratehitboxes} mods - versions {2.4.1}
[17:40:11] [main/DEBUG] [ne.mi.fm.lo.mo.ModFile/LOADING]: Loading mod file D:\2026WORK\MCPubgLauncherV2\.runtime\clean\mods\accuratehitboxes-neoforge-2.4.1-1.20.1.jar with languages [LanguageSpec[languageName=javafml, acceptedVersions=[47,)]]
[17:40:11] [main/DEBUG] [ne.mi.fm.lo.mo.ModFileParser/LOADING]: Considering mod file candidate D:\2026WORK\MCPubgLauncherV2\.runtime\clean\mods\FarmersDelight-1.20.1-1.3.2.jar
[17:40:11] [main/DEBUG] [ne.mi.fm.lo.mo.ModFileInfo/LOADING]: Found valid mod file FarmersDelight-1.20.1-1.3.2.jar with {farmersdelight} mods - versions {1.20.1-1.3.2}
[17:40:11] [main/DEBUG] [ne.mi.fm.lo.mo.ModFile/LOADING]: Loading mod file D:\2026WORK\MCPubgLauncherV2\.runtime\clean\mods\FarmersDelight-1.20.1-1.3.2.jar with languages [LanguageSpec[languageName=javafml, acceptedVersions=[46,)]]
[17:40:11] [main/DEBUG] [ne.mi.fm.lo.mo.ModFileInfo/LOADING]: Found valid mod file client-1.20.1-20230612.114412-srg.jar with {minecraft} mods - versions {1.20.1}
[17:40:11] [main/DEBUG] [ne.mi.fm.lo.mo.ModFile/LOADING]: Loading mod file D:\2026WORK\MCPubgLauncherV2\.runtime\clean\libraries\net\minecraft\client\1.20.1-20230612.114412\client-1.20.1-20230612.114412-srg.jar with languages [LanguageSpec[languageName=minecraft, acceptedVersions=1]]
[17:40:11] [main/DEBUG] [ne.mi.fm.lo.mo.ModFileParser/LOADING]: Considering mod file candidate D:\2026WORK\MCPubgLauncherV2\.runtime\clean\mods\immersive_ballistic-1.3.jar
[17:40:11] [main/DEBUG] [ne.mi.fm.lo.mo.ModFileInfo/LOADING]: Found valid mod file immersive_ballistic-1.3.jar with {immersive_ballistic} mods - versions {1.3}
[17:40:11] [main/DEBUG] [ne.mi.fm.lo.mo.ModFile/LOADING]: Loading mod file D:\2026WORK\MCPubgLauncherV2\.runtime\clean\mods\immersive_ballistic-1.3.jar with languages [LanguageSpec[languageName=javafml, acceptedVersions=[47,)]]
[17:40:11] [main/DEBUG] [ne.mi.fm.lo.mo.ModFileParser/LOADING]: Considering mod file candidate D:\2026WORK\MCPubgLauncherV2\.runtime\clean\mods\moonlight-1.20-2.16.34-forge.jar
[17:40:11] [main/DEBUG] [ne.mi.fm.lo.mo.ModFileInfo/LOADING]: Found valid mod file moonlight-1.20-2.16.34-forge.jar with {moonlight} mods - versions {1.20-2.16.34}
[17:40:11] [main/DEBUG] [ne.mi.fm.lo.mo.ModFile/LOADING]: Loading mod file D:\2026WORK\MCPubgLauncherV2\.runtime\clean\mods\moonlight-1.20-2.16.34-forge.jar with languages [LanguageSpec[languageName=javafml, acceptedVersions=[40,)]]
[17:40:11] [main/DEBUG] [ne.mi.fm.lo.mo.ModFileParser/LOADING]: Considering mod file candidate D:\2026WORK\MCPubgLauncherV2\.runtime\clean\mods\TerraBlender-forge-1.20.1-3.0.1.10.jar
[17:40:11] [main/DEBUG] [ne.mi.fm.lo.mo.ModFileInfo/LOADING]: Found valid mod file TerraBlender-forge-1.20.1-3.0.1.10.jar with {terrablender} mods - versions {3.0.1.10}
[17:40:11] [main/DEBUG] [ne.mi.fm.lo.mo.ModFile/LOADING]: Loading mod file D:\2026WORK\MCPubgLauncherV2\.runtime\clean\mods\TerraBlender-forge-1.20.1-3.0.1.10.jar with languages [LanguageSpec[languageName=javafml, acceptedVersions=[47,)]]
[17:40:11] [main/DEBUG] [ne.mi.fm.lo.mo.ModFileParser/LOADING]: Considering mod file candidate D:\2026WORK\MCPubgLauncherV2\.runtime\clean\mods\survival_instinct-1.0.2-forge-1.20.1.jar
[17:40:11] [main/DEBUG] [ne.mi.fm.lo.mo.ModFileInfo/LOADING]: Found valid mod file survival_instinct-1.0.2-forge-1.20.1.jar with {survival_instinct} mods - versions {1.0.2}
[17:40:11] [main/DEBUG] [ne.mi.fm.lo.mo.ModFile/LOADING]: Loading mod file D:\2026WORK\MCPubgLauncherV2\.runtime\clean\mods\survival_instinct-1.0.2-forge-1.20.1.jar with languages [LanguageSpec[languageName=javafml, acceptedVersions=[47,)]]
[17:40:11] [main/DEBUG] [ne.mi.fm.lo.mo.ModFileParser/LOADING]: Considering mod file candidate D:\2026WORK\MCPubgLauncherV2\.runtime\clean\mods\lrtactical-1.20.1-0.4.1.jar
[17:40:11] [main/DEBUG] [ne.mi.fm.lo.mo.ModFileInfo/LOADING]: Found valid mod file lrtactical-1.20.1-0.4.1.jar with {lrtactical} mods - versions {0.4.1}
[17:40:11] [main/DEBUG] [ne.mi.fm.lo.mo.ModFile/LOADING]: Loading mod file D:\2026WORK\MCPubgLauncherV2\.runtime\clean\mods\lrtactical-1.20.1-0.4.1.jar with languages [LanguageSpec[languageName=javafml, acceptedVersions=[47,)]]
[17:40:11] [main/DEBUG] [ne.mi.fm.lo.mo.ModFileParser/LOADING]: Considering mod file candidate 
[17:40:11] [main/DEBUG] [ne.mi.fm.lo.mo.ModFileInfo/LOADING]: Found valid mod file kffmod-4.12.0.jar with {kotlinforforge} mods - versions {4.12.0}
[17:40:11] [main/DEBUG] [ne.mi.fm.lo.mo.ModFile/LOADING]: Loading mod file  with languages [LanguageSpec[languageName=kotlinforforge, acceptedVersions=[4,)]]
[17:40:11] [main/DEBUG] [ne.mi.fm.lo.mo.ModFileParser/LOADING]: Considering mod file candidate D:\2026WORK\MCPubgLauncherV2\.runtime\clean\mods\jmvworldborder-1.0.2.jar
[17:40:11] [main/DEBUG] [ne.mi.fm.lo.mo.ModFileInfo/LOADING]: Found valid mod file jmvworldborder-1.0.2.jar with {jmvworldborder} mods - versions {1.0.2}
[17:40:11] [main/DEBUG] [ne.mi.fm.lo.mo.ModFile/LOADING]: Loading mod file D:\2026WORK\MCPubgLauncherV2\.runtime\clean\mods\jmvworldborder-1.0.2.jar with languages [LanguageSpec[languageName=javafml, acceptedVersions=[47,)]]
[17:40:11] [main/DEBUG] [ne.mi.fm.lo.mo.ModFileParser/LOADING]: Considering mod file candidate D:\2026WORK\MCPubgLauncherV2\.runtime\clean\mods\curios-forge-5.14.1+1.20.1.jar
[17:40:11] [main/DEBUG] [ne.mi.fm.lo.mo.ModFileInfo/LOADING]: Found valid mod file curios-forge-5.14.1+1.20.1.jar with {curios} mods - versions {5.14.1+1.20.1}
[17:40:11] [main/DEBUG] [ne.mi.fm.lo.mo.ModFile/LOADING]: Loading mod file D:\2026WORK\MCPubgLauncherV2\.runtime\clean\mods\curios-forge-5.14.1+1.20.1.jar with languages [LanguageSpec[languageName=javafml, acceptedVersions=[41,)]]
[17:40:11] [main/DEBUG] [ne.mi.fm.lo.mo.ModFileParser/LOADING]: Considering mod file candidate D:\2026WORK\MCPubgLauncherV2\.runtime\clean\mods\tacz_realisticblood-1.0.8-forge-1.20.1.jar
[17:40:11] [main/DEBUG] [ne.mi.fm.lo.mo.ModFileInfo/LOADING]: Found valid mod file tacz_realisticblood-1.0.8-forge-1.20.1.jar with {tacz_realisticblood} mods - versions {1.0.8}
[17:40:11] [main/DEBUG] [ne.mi.fm.lo.mo.ModFile/LOADING]: Loading mod file D:\2026WORK\MCPubgLauncherV2\.runtime\clean\mods\tacz_realisticblood-1.0.8-forge-1.20.1.jar with languages [LanguageSpec[languageName=javafml, acceptedVersions=[47,)]]
[17:40:11] [main/DEBUG] [ne.mi.fm.lo.mo.ModFileParser/LOADING]: Considering mod file candidate 
[17:40:11] [main/DEBUG] [ne.mi.fm.lo.mo.ModFileInfo/LOADING]: Found valid mod file simplebedrockmodel-2.3.3-forge-mc1.20.1.jar with {simplebedrockmodel} mods - versions {2.3.3-forge-mc1.20.1}
[17:40:11] [main/DEBUG] [ne.mi.fm.lo.mo.ModFile/LOADING]: Loading mod file  with languages [LanguageSpec[languageName=javafml, acceptedVersions=[47,)]]
[17:40:11] [main/DEBUG] [ne.mi.fm.lo.mo.ModFileParser/LOADING]: Considering mod file candidate D:\2026WORK\MCPubgLauncherV2\.runtime\clean\mods\endlessammo-2.0.jar
[17:40:11] [main/DEBUG] [ne.mi.fm.lo.mo.ModFileInfo/LOADING]: Found valid mod file endlessammo-2.0.jar with {endlessammo} mods - versions {2.0}
[17:40:11] [main/DEBUG] [ne.mi.fm.lo.mo.ModFile/LOADING]: Loading mod file D:\2026WORK\MCPubgLauncherV2\.runtime\clean\mods\endlessammo-2.0.jar with languages [LanguageSpec[languageName=javafml, acceptedVersions=[47,)]]
[17:40:11] [main/DEBUG] [ne.mi.fm.lo.mo.ModFileParser/LOADING]: Considering mod file candidate D:\2026WORK\MCPubgLauncherV2\.runtime\clean\mods\Keerdm_20Zombie_20Apocalypse_20Essentials_20(TACZ)_201.42.jar
[17:40:11] [main/DEBUG] [ne.mi.fm.lo.mo.ModFileInfo/LOADING]: Found valid mod file Keerdm_20Zombie_20Apocalypse_20Essentials_20(TACZ)_201.42.jar with {keerdm_zombie_essentials} mods - versions {1.42}
[17:40:11] [main/DEBUG] [ne.mi.fm.lo.mo.ModFile/LOADING]: Loading mod file D:\2026WORK\MCPubgLauncherV2\.runtime\clean\mods\Keerdm_20Zombie_20Apocalypse_20Essentials_20(TACZ)_201.42.jar with languages [LanguageSpec[languageName=lowcodefml, acceptedVersions=[40,)]]
[17:40:11] [main/DEBUG] [ne.mi.fm.lo.mo.ModFileParser/LOADING]: Considering mod file candidate D:\2026WORK\MCPubgLauncherV2\.runtime\clean\mods\lootchestrefill-1.1.2.jar
[17:40:11] [main/DEBUG] [ne.mi.fm.lo.mo.ModFileInfo/LOADING]: Found valid mod file lootchestrefill-1.1.2.jar with {lootchestrefill} mods - versions {1.0.0}
[17:40:11] [main/DEBUG] [ne.mi.fm.lo.mo.ModFile/LOADING]: Loading mod file D:\2026WORK\MCPubgLauncherV2\.runtime\clean\mods\lootchestrefill-1.1.2.jar with languages [LanguageSpec[languageName=javafml, acceptedVersions=[47,)]]
[17:40:11] [main/DEBUG] [ne.mi.fm.lo.mo.ModFileParser/LOADING]: Considering mod file candidate D:\2026WORK\MCPubgLauncherV2\.runtime\clean\mods\chaoszproject-bandits-1.0.0-1.20.1.jar
[17:40:11] [main/DEBUG] [ne.mi.fm.lo.mo.ModFileInfo/LOADING]: Found valid mod file chaoszproject-bandits-1.0.0-1.20.1.jar with {chaoszprojectbandits} mods - versions {1.0.0}
[17:40:11] [main/DEBUG] [ne.mi.fm.lo.mo.ModFile/LOADING]: Loading mod file D:\2026WORK\MCPubgLauncherV2\.runtime\clean\mods\chaoszproject-bandits-1.0.0-1.20.1.jar with languages [LanguageSpec[languageName=javafml, acceptedVersions=[47,)]]
[17:40:11] [main/DEBUG] [ne.mi.fm.lo.mo.ModFileParser/LOADING]: Considering mod file candidate D:\2026WORK\MCPubgLauncherV2\.runtime\clean\mods\ParCool-1.20.1-3.4.3.3.jar
[17:40:11] [main/DEBUG] [ne.mi.fm.lo.mo.ModFileInfo/LOADING]: Found valid mod file ParCool-1.20.1-3.4.3.3.jar with {parcool} mods - versions {3.4.3.3}
[17:40:11] [main/DEBUG] [ne.mi.fm.lo.mo.ModFile/LOADING]: Loading mod file D:\2026WORK\MCPubgLauncherV2\.runtime\clean\mods\ParCool-1.20.1-3.4.3.3.jar with languages [LanguageSpec[languageName=javafml, acceptedVersions=[43,)]]
[17:40:11] [main/DEBUG] [ne.mi.fm.lo.mo.ModFileParser/LOADING]: Considering mod file candidate D:\2026WORK\MCPubgLauncherV2\.runtime\clean\mods\taczadditions-1.20.1-1.1.1.jar
[17:40:11] [main/DEBUG] [ne.mi.fm.lo.mo.ModFileInfo/LOADING]: Found valid mod file taczadditions-1.20.1-1.1.1.jar with {taczadditions} mods - versions {1.1.1}
[17:40:11] [main/DEBUG] [ne.mi.fm.lo.mo.ModFile/LOADING]: Loading mod file D:\2026WORK\MCPubgLauncherV2\.runtime\clean\mods\taczadditions-1.20.1-1.1.1.jar with languages [LanguageSpec[languageName=javafml, acceptedVersions=[6,)]]
[17:40:11] [main/DEBUG] [ne.mi.fm.lo.mo.ModFileParser/LOADING]: Considering mod file candidate D:\2026WORK\MCPubgLauncherV2\.runtime\clean\mods\lostcities-1.20-7.5.1.jar
[17:40:11] [main/DEBUG] [ne.mi.fm.lo.mo.ModFileInfo/LOADING]: Found valid mod file lostcities-1.20-7.5.1.jar with {lostcities} mods - versions {1.20-7.5.1}
[17:40:11] [main/DEBUG] [ne.mi.fm.lo.mo.ModFile/LOADING]: Loading mod file D:\2026WORK\MCPubgLauncherV2\.runtime\clean\mods\lostcities-1.20-7.5.1.jar with languages [LanguageSpec[languageName=javafml, acceptedVersions=[47,)]]
[17:40:11] [main/DEBUG] [ne.mi.fm.lo.mo.ModFileParser/LOADING]: Considering mod file candidate D:\2026WORK\MCPubgLauncherV2\.runtime\clean\mods\tacticalvests-1.0.4-forge-1.20.1.jar
[17:40:11] [main/DEBUG] [ne.mi.fm.lo.mo.ModFileInfo/LOADING]: Found valid mod file tacticalvests-1.0.4-forge-1.20.1.jar with {tacticalvests} mods - versions {1.0.4}
[17:40:11] [main/DEBUG] [ne.mi.fm.lo.mo.ModFile/LOADING]: Loading mod file D:\2026WORK\MCPubgLauncherV2\.runtime\clean\mods\tacticalvests-1.0.4-forge-1.20.1.jar with languages [LanguageSpec[languageName=javafml, acceptedVersions=[47,)]]
[17:40:11] [main/DEBUG] [ne.mi.fm.lo.mo.ModFileParser/LOADING]: Considering mod file candidate D:\2026WORK\MCPubgLauncherV2\.runtime\clean\mods\Atlas Lib-1.20.1-1.1.12.jar
[17:40:11] [main/DEBUG] [ne.mi.fm.lo.mo.ModFileInfo/LOADING]: Found valid mod file Atlas Lib-1.20.1-1.1.12.jar with {atlaslib} mods - versions {1.1.12}
[17:40:11] [main/DEBUG] [ne.mi.fm.lo.mo.ModFile/LOADING]: Loading mod file D:\2026WORK\MCPubgLauncherV2\.runtime\clean\mods\Atlas Lib-1.20.1-1.1.12.jar with languages [LanguageSpec[languageName=javafml, acceptedVersions=[46,)]]
[17:40:11] [main/DEBUG] [ne.mi.fm.lo.mo.ModFileParser/LOADING]: Considering mod file candidate D:\2026WORK\MCPubgLauncherV2\.runtime\clean\mods\coroutil-forge-1.20.1-1.3.7.jar
[17:40:11] [main/DEBUG] [ne.mi.fm.lo.mo.ModFileInfo/LOADING]: Found valid mod file coroutil-forge-1.20.1-1.3.7.jar with {coroutil} mods - versions {1.20.1-1.3.7}
[17:40:11] [main/DEBUG] [ne.mi.fm.lo.mo.ModFile/LOADING]: Loading mod file D:\2026WORK\MCPubgLauncherV2\.runtime\clean\mods\coroutil-forge-1.20.1-1.3.7.jar with languages [LanguageSpec[languageName=javafml, acceptedVersions=[47,)]]
[17:40:11] [main/DEBUG] [ne.mi.fm.lo.mo.ModFileParser/LOADING]: Considering mod file candidate D:\2026WORK\MCPubgLauncherV2\.runtime\clean\mods\architectury-9.2.14-forge.jar
[17:40:11] [main/DEBUG] [ne.mi.fm.lo.mo.ModFileInfo/LOADING]: Found valid mod file architectury-9.2.14-forge.jar with {architectury} mods - versions {9.2.14}
[17:40:11] [main/DEBUG] [ne.mi.fm.lo.mo.ModFile/LOADING]: Loading mod file D:\2026WORK\MCPubgLauncherV2\.runtime\clean\mods\architectury-9.2.14-forge.jar with languages [LanguageSpec[languageName=javafml, acceptedVersions=[46,)]]
[17:40:11] [main/DEBUG] [ne.mi.fm.lo.mo.ModFileParser/LOADING]: Considering mod file candidate D:\2026WORK\MCPubgLauncherV2\.runtime\clean\mods\AI-Improvements-1.20-0.5.2.jar
[17:40:11] [main/DEBUG] [ne.mi.fm.lo.mo.ModFileInfo/LOADING]: Found valid mod file AI-Improvements-1.20-0.5.2.jar with {aiimprovements} mods - versions {0.5.2}
[17:40:11] [main/DEBUG] [ne.mi.fm.lo.mo.ModFile/LOADING]: Loading mod file D:\2026WORK\MCPubgLauncherV2\.runtime\clean\mods\AI-Improvements-1.20-0.5.2.jar with languages [LanguageSpec[languageName=javafml, acceptedVersions=[46,)]]
[17:40:11] [main/DEBUG] [ne.mi.fm.lo.mo.ModFileParser/LOADING]: Considering mod file candidate D:\2026WORK\MCPubgLauncherV2\.runtime\clean\mods\yet_another_config_lib_v3-3.6.6+1.20.1-forge.jar
[17:40:11] [main/DEBUG] [ne.mi.fm.lo.mo.ModFileInfo/LOADING]: Found valid mod file yet_another_config_lib_v3-3.6.6+1.20.1-forge.jar with {yet_another_config_lib_v3} mods - versions {3.6.6+1.20.1-forge}
[17:40:11] [main/DEBUG] [ne.mi.fm.lo.mo.ModFile/LOADING]: Loading mod file D:\2026WORK\MCPubgLauncherV2\.runtime\clean\mods\yet_another_config_lib_v3-3.6.6+1.20.1-forge.jar with languages [LanguageSpec[languageName=javafml, acceptedVersions=[46,)]]
[17:40:11] [main/DEBUG] [ne.mi.fm.lo.mo.ModFileParser/LOADING]: Considering mod file candidate D:\2026WORK\MCPubgLauncherV2\.runtime\clean\mods\framework-forge-1.20.1-0.8.0.jar
[17:40:11] [main/DEBUG] [ne.mi.fm.lo.mo.ModFileInfo/LOADING]: Found valid mod file framework-forge-1.20.1-0.8.0.jar with {framework} mods - versions {0.8.0}
[17:40:11] [main/DEBUG] [ne.mi.fm.lo.mo.ModFile/LOADING]: Loading mod file D:\2026WORK\MCPubgLauncherV2\.runtime\clean\mods\framework-forge-1.20.1-0.8.0.jar with languages [LanguageSpec[languageName=javafml, acceptedVersions=[39,)]]
[17:40:11] [main/DEBUG] [ne.mi.fm.lo.mo.ModFile/LOADING]: Loading mod file  with languages []
[17:40:11] [main/DEBUG] [ne.mi.fm.lo.mo.ModFile/LOADING]: Loading mod file  with languages []
[17:40:11] [main/DEBUG] [ne.mi.fm.lo.mo.ModFile/LOADING]: Loading mod file  with languages []
[17:40:11] [main/DEBUG] [ne.mi.fm.lo.mo.ModFile/LOADING]: Loading mod file  with languages []
[17:40:11] [main/DEBUG] [ne.mi.fm.lo.mo.ModFile/LOADING]: Loading mod file  with languages []
[17:40:11] [main/DEBUG] [ne.mi.fm.lo.mo.ModFile/LOADING]: Loading mod file  with languages []
[17:40:11] [main/DEBUG] [ne.mi.fm.lo.mo.ModFile/LOADING]: Loading mod file  with languages []
[17:40:11] [main/DEBUG] [ne.mi.fm.lo.mo.ModFile/LOADING]: Loading mod file  with languages []
[17:40:11] [main/DEBUG] [ne.mi.fm.lo.mo.ModFileParser/LOADING]: Considering mod file candidate 
[17:40:11] [main/DEBUG] [ne.mi.fm.lo.mo.ModFileInfo/LOADING]: Found valid mod file mixinsquared-forge-0.3.3.jar with {mixinsquared} mods - versions {0.3.3}
[17:40:11] [main/DEBUG] [ne.mi.fm.lo.mo.ModFile/LOADING]: Loading mod file  with languages [LanguageSpec[languageName=javafml, acceptedVersions=*]]
[17:40:11] [main/DEBUG] [ne.mi.fm.lo.mo.ModFile/LOADING]: Loading mod file  with languages []
[17:40:11] [main/DEBUG] [ne.mi.fm.lo.mo.ModFile/LOADING]: Loading mod file  with languages []
[17:40:11] [main/DEBUG] [ne.mi.fm.lo.mo.ModFile/LOADING]: Loading mod file  with languages []
[17:40:11] [main/DEBUG] [ne.mi.fm.lo.mo.ModFile/LOADING]: Loading mod file  with languages []
[17:40:11] [main/DEBUG] [ne.mi.fm.lo.mo.ModFile/LOADING]: Loading mod file  with languages []
[17:40:11] [main/DEBUG] [ne.mi.fm.lo.mo.ModFile/LOADING]: Loading mod file  with languages []
[17:40:11] [main/DEBUG] [ne.mi.fm.lo.mo.ModFile/LOADING]: Loading mod file  with languages []
[17:40:11] [main/DEBUG] [ne.mi.fm.lo.mo.ModFile/LOADING]: Loading mod file  with languages []
[17:40:11] [main/DEBUG] [ne.mi.fm.lo.mo.ModFile/LOADING]: Loading mod file  with languages []
[17:40:11] [main/DEBUG] [ne.mi.fm.lo.mo.ModFile/LOADING]: Loading mod file  with languages []
[17:40:11] [main/DEBUG] [ne.mi.fm.lo.mo.ModFile/LOADING]: Loading mod file  with languages []
[17:40:11] [main/DEBUG] [ne.mi.fm.lo.mo.ModFile/LOADING]: Loading mod file  with languages []
[17:40:11] [main/DEBUG] [ne.mi.fm.lo.mo.ModFile/LOADING]: Loading mod file  with languages []
[17:40:11] [main/DEBUG] [ne.mi.fm.lo.mo.ModFile/LOADING]: Loading mod file  with languages []
[17:40:11] [main/DEBUG] [ne.mi.fm.lo.mo.ModFile/LOADING]: Loading mod file  with languages []
[17:40:11] [main/DEBUG] [ne.mi.fm.lo.mo.ModFile/LOADING]: Loading mod file  with languages []
[17:40:11] [main/DEBUG] [ne.mi.fm.lo.mo.ModFile/LOADING]: Loading mod file  with languages []
[17:40:11] [main/DEBUG] [ne.mi.fm.lo.mo.ModFile/LOADING]: Loading mod file  with languages []
[17:40:11] [main/DEBUG] [ne.mi.fm.lo.mo.ModFileParser/LOADING]: Considering mod file candidate 
[17:40:11] [main/DEBUG] [ne.mi.fm.lo.mo.ModFileInfo/LOADING]: Found valid mod file mixinsquared-forge-0.3.3.jar with {mixinsquared} mods - versions {0.3.3}
[17:40:11] [main/DEBUG] [ne.mi.fm.lo.mo.ModFile/LOADING]: Loading mod file  with languages [LanguageSpec[languageName=javafml, acceptedVersions=*]]
[17:40:11] [main/DEBUG] [ne.mi.fm.lo.mo.ModFile/LOADING]: Loading mod file  with languages []
[17:40:11] [main/DEBUG] [ne.mi.fm.lo.mo.ModFile/LOADING]: Loading mod file  with languages []
[17:40:11] [main/DEBUG] [ne.mi.fm.lo.mo.ModFile/LOADING]: Loading mod file  with languages []
[17:40:11] [main/DEBUG] [ne.mi.fm.lo.mo.ModFile/LOADING]: Loading mod file  with languages []
[17:40:11] [main/DEBUG] [ne.mi.fm.lo.mo.ModFile/LOADING]: Loading mod file  with languages []
[17:40:11] [main/DEBUG] [ne.mi.fm.lo.mo.ModFile/LOADING]: Loading mod file  with languages []
[17:40:11] [main/DEBUG] [ne.mi.fm.lo.mo.ModFile/LOADING]: Loading mod file  with languages []
[17:40:11] [main/DEBUG] [ne.mi.fm.lo.mo.ModFile/LOADING]: Loading mod file  with languages []
[17:40:11] [main/DEBUG] [ne.mi.fm.lo.mo.ModFile/LOADING]: Loading mod file  with languages []
[17:40:11] [main/DEBUG] [ne.mi.fm.lo.mo.ModFile/LOADING]: Loading mod file  with languages []
[17:40:11] [main/DEBUG] [cp.mo.mo.TransformationServiceDecorator/MODLAUNCHER]: End scan trigger - transformation service fml
[17:40:11] [main/DEBUG] [ne.mi.fm.lo.LanguageLoadingProvider/CORE]: Found 4 language providers
[17:40:11] [main/DEBUG] [ne.mi.fm.lo.LanguageLoadingProvider/CORE]: Found language provider minecraft, version 1.0
[17:40:11] [main/DEBUG] [ne.mi.fm.lo.LanguageLoadingProvider/CORE]: Found language provider kotlinforforge, version 4.12.0
[17:40:11] [main/DEBUG] [ne.mi.fm.lo.LanguageLoadingProvider/CORE]: Found language provider javafml, version 47
[17:40:11] [main/DEBUG] [ne.mi.fm.lo.LanguageLoadingProvider/CORE]: Found language provider lowcodefml, version 47
[17:40:11] [main/DEBUG] [ne.mi.fm.lo.UniqueModListBuilder/]: Found 2 mods for first modid org.quiltmc.parsers.json, selecting most recent based on version data
[17:40:11] [main/DEBUG] [ne.mi.fm.lo.UniqueModListBuilder/]: Selected file json-0.2.1.jar for modid org.quiltmc.parsers.json with version 0.0NONE
[17:40:11] [main/DEBUG] [ne.mi.fm.lo.UniqueModListBuilder/]: Found 2 mods for first modid mclib, selecting most recent based on version data
[17:40:11] [main/DEBUG] [ne.mi.fm.lo.UniqueModListBuilder/]: Selected file mclib-20.jar for modid mclib with version 0.0NONE
[17:40:11] [main/DEBUG] [ne.mi.fm.lo.UniqueModListBuilder/]: Found 2 mods for first modid luaj.core.figura, selecting most recent based on version data
[17:40:11] [main/DEBUG] [ne.mi.fm.lo.UniqueModListBuilder/]: Selected file luaj-core-3.0.8-figura.jar for modid luaj.core.figura with version 0.0NONE
[17:40:11] [main/DEBUG] [ne.mi.fm.lo.UniqueModListBuilder/]: Found 2 mods for first modid mixinextras, selecting most recent based on version data
[17:40:11] [main/DEBUG] [ne.mi.fm.lo.UniqueModListBuilder/]: Selected file mixinextras-forge-0.5.0.jar for modid mixinextras with version 0.5.0
[17:40:11] [main/DEBUG] [ne.mi.fm.lo.UniqueModListBuilder/]: Found 2 mods for first modid com.twelvemonkeys.imageio.webp, selecting most recent based on version data
[17:40:11] [main/DEBUG] [ne.mi.fm.lo.UniqueModListBuilder/]: Selected file imageio-webp-3.12.0.jar for modid com.twelvemonkeys.imageio.webp with version 3.12.0
[17:40:11] [main/DEBUG] [ne.mi.fm.lo.UniqueModListBuilder/]: Found 2 mods for first modid com.twelvemonkeys.common.lang, selecting most recent based on version data
[17:40:11] [main/DEBUG] [ne.mi.fm.lo.UniqueModListBuilder/]: Selected file common-lang-3.12.0.jar for modid com.twelvemonkeys.common.lang with version 3.12.0
[17:40:11] [main/DEBUG] [ne.mi.fm.lo.UniqueModListBuilder/]: Found 2 mods for first modid com.twelvemonkeys.imageio.metadata, selecting most recent based on version data
[17:40:11] [main/DEBUG] [ne.mi.fm.lo.UniqueModListBuilder/]: Selected file imageio-metadata-3.12.0.jar for modid com.twelvemonkeys.imageio.metadata with version 3.12.0
[17:40:11] [main/DEBUG] [ne.mi.fm.lo.UniqueModListBuilder/]: Found 2 mods for first modid com.twelvemonkeys.common.image, selecting most recent based on version data
[17:40:11] [main/DEBUG] [ne.mi.fm.lo.UniqueModListBuilder/]: Selected file common-image-3.12.0.jar for modid com.twelvemonkeys.common.image with version 3.12.0
[17:40:11] [main/DEBUG] [ne.mi.fm.lo.UniqueModListBuilder/]: Found 2 mods for first modid mixinsquared, selecting most recent based on version data
[17:40:11] [main/DEBUG] [ne.mi.fm.lo.UniqueModListBuilder/]: Selected file mixinsquared-forge-0.3.3.jar for modid mixinsquared with version 0.3.3
[17:40:11] [main/DEBUG] [ne.mi.fm.lo.UniqueModListBuilder/]: Found 2 mods for first modid mae, selecting most recent based on version data
[17:40:11] [main/DEBUG] [ne.mi.fm.lo.UniqueModListBuilder/]: Selected file mae-1.1.2.jar for modid mae with version 0.0NONE
[17:40:11] [main/DEBUG] [ne.mi.fm.lo.UniqueModListBuilder/]: Found 2 mods for first modid luaj.jse.figura, selecting most recent based on version data
[17:40:11] [main/DEBUG] [ne.mi.fm.lo.UniqueModListBuilder/]: Selected file luaj-jse-3.0.8-figura.jar for modid luaj.jse.figura with version 0.0NONE
[17:40:11] [main/DEBUG] [ne.mi.fm.lo.UniqueModListBuilder/]: Found 2 mods for first modid org.apache.bcel, selecting most recent based on version data
[17:40:11] [main/DEBUG] [ne.mi.fm.lo.UniqueModListBuilder/]: Selected file bcel-6.6.1.jar for modid org.apache.bcel with version 6.6.1
[17:40:11] [main/DEBUG] [ne.mi.fm.lo.UniqueModListBuilder/]: Found 2 mods for first modid MixinSquared, selecting most recent based on version data
[17:40:11] [main/DEBUG] [ne.mi.fm.lo.UniqueModListBuilder/]: Selected file MixinSquared-0.3.3.jar for modid MixinSquared with version 0.0NONE
[17:40:11] [main/DEBUG] [ne.mi.fm.lo.UniqueModListBuilder/]: Found 2 mods for first modid com.twelvemonkeys.imageio.core, selecting most recent based on version data
[17:40:11] [main/DEBUG] [ne.mi.fm.lo.UniqueModListBuilder/]: Selected file imageio-core-3.12.0.jar for modid com.twelvemonkeys.imageio.core with version 3.12.0
[17:40:11] [main/DEBUG] [ne.mi.fm.lo.UniqueModListBuilder/]: Found 2 mods for first modid thedarkcolour.kotlinforforge.kfflib, selecting most recent based on version data
[17:40:11] [main/DEBUG] [ne.mi.fm.lo.UniqueModListBuilder/]: Selected file kfflib-4.12.0.jar for modid thedarkcolour.kotlinforforge.kfflib with version 4.12.0
[17:40:11] [main/DEBUG] [ne.mi.fm.lo.UniqueModListBuilder/]: Found 2 mods for first modid com.twelvemonkeys.common.io, selecting most recent based on version data
[17:40:11] [main/DEBUG] [ne.mi.fm.lo.UniqueModListBuilder/]: Selected file common-io-3.12.0.jar for modid com.twelvemonkeys.common.io with version 3.12.0
[17:40:11] [main/DEBUG] [ne.mi.fm.lo.UniqueModListBuilder/]: Found 2 mods for first modid org.quiltmc.parsers.gson, selecting most recent based on version data
[17:40:11] [main/DEBUG] [ne.mi.fm.lo.UniqueModListBuilder/]: Selected file gson-0.2.1.jar for modid org.quiltmc.parsers.gson with version 0.0NONE
[17:40:11] [main/DEBUG] [ne.mi.fm.lo.UniqueModListBuilder/]: Found 2 mods for first modid MixinExtras, selecting most recent based on version data
[17:40:11] [main/DEBUG] [ne.mi.fm.lo.UniqueModListBuilder/]: Selected file MixinExtras-0.5.0.jar for modid MixinExtras with version 0.5.0
[17:40:11] [main/DEBUG] [ne.mi.fm.lo.UniqueModListBuilder/]: Found 2 mods for first modid commons.math3, selecting most recent based on version data
[17:40:11] [main/DEBUG] [ne.mi.fm.lo.UniqueModListBuilder/]: Selected file commons-math3-3.6.1.jar for modid commons.math3 with version 3.6.1
[17:40:11] [main/DEBUG] [ne.mi.fm.lo.ModSorter/]: Configured system mods: [minecraft, forge]
[17:40:11] [main/DEBUG] [ne.mi.fm.lo.ModSorter/]: Found system mod: minecraft
[17:40:11] [main/DEBUG] [ne.mi.fm.lo.ModSorter/]: Found system mod: forge
[17:40:11] [main/DEBUG] [ne.mi.fm.lo.ModSorter/LOADING]: Found 111 mod requirements (90 mandatory, 21 optional)
[17:40:11] [main/DEBUG] [ne.mi.fm.lo.ModSorter/LOADING]: Found 0 mod requirements missing (0 mandatory, 0 optional)
[17:40:12] [main/DEBUG] [cp.mo.mo.TransformationServicesHandler/MODLAUNCHER]: Transformation services loading transformers
[17:40:12] [main/DEBUG] [cp.mo.mo.TransformationServiceDecorator/MODLAUNCHER]: Initializing transformers for transformation service mixin
[17:40:12] [main/DEBUG] [cp.mo.mo.TransformationServiceDecorator/MODLAUNCHER]: Initialized transformers for transformation service mixin
[17:40:12] [main/DEBUG] [cp.mo.mo.TransformationServiceDecorator/MODLAUNCHER]: Initializing transformers for transformation service fml
[17:40:12] [main/DEBUG] [ne.mi.fm.lo.FMLServiceProvider/CORE]: Loading coremod transformers
[17:40:12] [main/DEBUG] [ne.mi.co.CoreModEngine/COREMOD]: Loading CoreMod from potion-effects-shift.js
[17:40:12] [main/DEBUG] [ne.mi.co.CoreModEngine/COREMOD]: CoreMod loaded successfully
[17:40:12] [main/DEBUG] [ne.mi.co.CoreModEngine/COREMOD]: Loading CoreMod from coremods/field_to_method.js
[17:40:12] [main/DEBUG] [ne.mi.co.CoreModEngine/COREMOD]: CoreMod loaded successfully
[17:40:12] [main/DEBUG] [ne.mi.co.CoreModEngine/COREMOD]: Loading CoreMod from coremods/field_to_instanceof.js
[17:40:12] [main/DEBUG] [ne.mi.co.CoreModEngine/COREMOD]: CoreMod loaded successfully
[17:40:12] [main/DEBUG] [ne.mi.co.CoreModEngine/COREMOD]: Loading CoreMod from coremods/add_bouncer_method.js
[17:40:12] [main/DEBUG] [ne.mi.co.CoreModEngine/COREMOD]: CoreMod loaded successfully
[17:40:12] [main/DEBUG] [ne.mi.co.CoreModEngine/COREMOD]: Loading CoreMod from coremods/method_redirector.js
[17:40:12] [main/DEBUG] [ne.mi.co.CoreModEngine/COREMOD]: CoreMod loaded successfully
[17:40:12] [main/DEBUG] [cp.mo.mo.TransformStore/MODLAUNCHER]: Adding transformer net.minecraftforge.coremod.transformer.CoreModMethodTransformer@5c134052 to Target : METHOD {Lnet/minecraft/client/gui/Gui;} {m_93028_} {(Lcom/mojang/blaze3d/vertex/PoseStack;)V}
[17:40:12] [main/DEBUG] [cp.mo.mo.TransformStore/MODLAUNCHER]: Adding transformer net.minecraftforge.coremod.transformer.CoreModClassTransformer@667dcaad to Target : CLASS {Lnet/minecraft/world/level/biome/Biome;} {} {V}
[17:40:12] [main/DEBUG] [cp.mo.mo.TransformStore/MODLAUNCHER]: Adding transformer net.minecraftforge.coremod.transformer.CoreModClassTransformer@22d7fd41 to Target : CLASS {Lnet/minecraft/world/level/levelgen/structure/Structure;} {} {V}
[17:40:12] [main/DEBUG] [cp.mo.mo.TransformStore/MODLAUNCHER]: Adding transformer net.minecraftforge.coremod.transformer.CoreModClassTransformer@2c748a15 to Target : CLASS {Lnet/minecraft/world/effect/MobEffectInstance;} {} {V}
[17:40:12] [main/DEBUG] [cp.mo.mo.TransformStore/MODLAUNCHER]: Adding transformer net.minecraftforge.coremod.transformer.CoreModClassTransformer@19fd43da to Target : CLASS {Lnet/minecraft/world/level/block/LiquidBlock;} {} {V}
[17:40:12] [main/DEBUG] [cp.mo.mo.TransformStore/MODLAUNCHER]: Adding transformer net.minecraftforge.coremod.transformer.CoreModClassTransformer@115dcaea to Target : CLASS {Lnet/minecraft/world/item/BucketItem;} {} {V}
[17:40:12] [main/DEBUG] [cp.mo.mo.TransformStore/MODLAUNCHER]: Adding transformer net.minecraftforge.coremod.transformer.CoreModClassTransformer@cfd1075 to Target : CLASS {Lnet/minecraft/world/level/block/StairBlock;} {} {V}
[17:40:12] [main/DEBUG] [cp.mo.mo.TransformStore/MODLAUNCHER]: Adding transformer net.minecraftforge.coremod.transformer.CoreModClassTransformer@45117dd to Target : CLASS {Lnet/minecraft/world/level/block/FlowerPotBlock;} {} {V}
[17:40:12] [main/DEBUG] [cp.mo.mo.TransformStore/MODLAUNCHER]: Adding transformer net.minecraftforge.coremod.transformer.CoreModClassTransformer@7741771e to Target : CLASS {Lnet/minecraft/world/item/ItemStack;} {} {V}
[17:40:12] [main/DEBUG] [cp.mo.mo.TransformStore/MODLAUNCHER]: Adding transformer net.minecraftforge.coremod.transformer.CoreModClassTransformer@834e986 to Target : CLASS {Lnet/minecraft/network/play/client/CClientSettingsPacket;} {} {V}
[17:40:12] [main/DEBUG] [cp.mo.mo.TransformStore/MODLAUNCHER]: Adding transformer net.minecraftforge.coremod.transformer.CoreModClassTransformer@6cae2e4d to Target : CLASS {Lnet/minecraft/world/entity/EntityType;} {} {V}
[17:40:12] [main/DEBUG] [cp.mo.mo.TransformStore/MODLAUNCHER]: Adding transformer net.minecraftforge.coremod.transformer.CoreModClassTransformer@6cae2e4d to Target : CLASS {Lnet/minecraft/world/level/levelgen/structure/templatesystem/StructureTemplate;} {} {V}
[17:40:12] [main/DEBUG] [cp.mo.mo.TransformStore/MODLAUNCHER]: Adding transformer net.minecraftforge.coremod.transformer.CoreModClassTransformer@6cae2e4d to Target : CLASS {Lnet/minecraft/world/level/levelgen/PhantomSpawner;} {} {V}
[17:40:12] [main/DEBUG] [cp.mo.mo.TransformStore/MODLAUNCHER]: Adding transformer net.minecraftforge.coremod.transformer.CoreModClassTransformer@6cae2e4d to Target : CLASS {Lnet/minecraft/world/entity/monster/ZombieVillager;} {} {V}
[17:40:12] [main/DEBUG] [cp.mo.mo.TransformStore/MODLAUNCHER]: Adding transformer net.minecraftforge.coremod.transformer.CoreModClassTransformer@6cae2e4d to Target : CLASS {Lnet/minecraft/world/level/NaturalSpawner;} {} {V}
[17:40:12] [main/DEBUG] [cp.mo.mo.TransformStore/MODLAUNCHER]: Adding transformer net.minecraftforge.coremod.transformer.CoreModClassTransformer@6cae2e4d to Target : CLASS {Lnet/minecraft/world/entity/raid/Raid;} {} {V}
[17:40:12] [main/DEBUG] [cp.mo.mo.TransformStore/MODLAUNCHER]: Adding transformer net.minecraftforge.coremod.transformer.CoreModClassTransformer@6cae2e4d to Target : CLASS {Lnet/minecraft/server/commands/RaidCommand;} {} {V}
[17:40:12] [main/DEBUG] [cp.mo.mo.TransformStore/MODLAUNCHER]: Adding transformer net.minecraftforge.coremod.transformer.CoreModClassTransformer@6cae2e4d to Target : CLASS {Lnet/minecraft/world/entity/monster/Zombie;} {} {V}
[17:40:12] [main/DEBUG] [cp.mo.mo.TransformStore/MODLAUNCHER]: Adding transformer net.minecraftforge.coremod.transformer.CoreModClassTransformer@6cae2e4d to Target : CLASS {Lnet/minecraft/world/level/levelgen/structure/structures/SwampHutPiece;} {} {V}
[17:40:12] [main/DEBUG] [cp.mo.mo.TransformStore/MODLAUNCHER]: Adding transformer net.minecraftforge.coremod.transformer.CoreModClassTransformer@6cae2e4d to Target : CLASS {Lnet/minecraft/world/entity/monster/Strider;} {} {V}
[17:40:12] [main/DEBUG] [cp.mo.mo.TransformStore/MODLAUNCHER]: Adding transformer net.minecraftforge.coremod.transformer.CoreModClassTransformer@6cae2e4d to Target : CLASS {Lnet/minecraft/world/entity/monster/Spider;} {} {V}
[17:40:12] [main/DEBUG] [cp.mo.mo.TransformStore/MODLAUNCHER]: Adding transformer net.minecraftforge.coremod.transformer.CoreModClassTransformer@6cae2e4d to Target : CLASS {Lnet/minecraft/world/level/levelgen/structure/structures/OceanRuinPieces$OceanRuinPiece;} {} {V}
[17:40:12] [main/DEBUG] [cp.mo.mo.TransformStore/MODLAUNCHER]: Adding transformer net.minecraftforge.coremod.transformer.CoreModClassTransformer@6cae2e4d to Target : CLASS {Lnet/minecraft/world/entity/npc/Villager;} {} {V}
[17:40:12] [main/DEBUG] [cp.mo.mo.TransformStore/MODLAUNCHER]: Adding transformer net.minecraftforge.coremod.transformer.CoreModClassTransformer@6cae2e4d to Target : CLASS {Lnet/minecraft/world/entity/animal/horse/SkeletonTrapGoal;} {} {V}
[17:40:12] [main/DEBUG] [cp.mo.mo.TransformStore/MODLAUNCHER]: Adding transformer net.minecraftforge.coremod.transformer.CoreModClassTransformer@6cae2e4d to Target : CLASS {Lnet/minecraft/world/entity/ai/village/VillageSiege;} {} {V}
[17:40:12] [main/DEBUG] [cp.mo.mo.TransformStore/MODLAUNCHER]: Adding transformer net.minecraftforge.coremod.transformer.CoreModClassTransformer@6cae2e4d to Target : CLASS {Lnet/minecraft/world/entity/animal/frog/Tadpole;} {} {V}
[17:40:12] [main/DEBUG] [cp.mo.mo.TransformStore/MODLAUNCHER]: Adding transformer net.minecraftforge.coremod.transformer.CoreModClassTransformer@6cae2e4d to Target : CLASS {Lnet/minecraft/world/level/levelgen/structure/structures/OceanMonumentPieces$OceanMonumentPiece;} {} {V}
[17:40:12] [main/DEBUG] [cp.mo.mo.TransformStore/MODLAUNCHER]: Adding transformer net.minecraftforge.coremod.transformer.CoreModClassTransformer@6cae2e4d to Target : CLASS {Lnet/minecraft/world/level/levelgen/structure/structures/WoodlandMansionPieces$WoodlandMansionPiece;} {} {V}
[17:40:12] [main/DEBUG] [cp.mo.mo.TransformStore/MODLAUNCHER]: Adding transformer net.minecraftforge.coremod.transformer.CoreModClassTransformer@6cae2e4d to Target : CLASS {Lnet/minecraft/server/commands/SummonCommand;} {} {V}
[17:40:12] [main/DEBUG] [cp.mo.mo.TransformStore/MODLAUNCHER]: Adding transformer net.minecraftforge.coremod.transformer.CoreModClassTransformer@6cae2e4d to Target : CLASS {Lnet/minecraft/world/entity/monster/Evoker$EvokerSummonSpellGoal;} {} {V}
[17:40:12] [main/DEBUG] [cp.mo.mo.TransformStore/MODLAUNCHER]: Adding transformer net.minecraftforge.coremod.transformer.CoreModClassTransformer@6cae2e4d to Target : CLASS {Lnet/minecraft/world/entity/npc/CatSpawner;} {} {V}
[17:40:12] [main/DEBUG] [cp.mo.mo.TransformStore/MODLAUNCHER]: Adding transformer net.minecraftforge.coremod.transformer.CoreModClassTransformer@6cae2e4d to Target : CLASS {Lnet/minecraft/world/level/levelgen/PatrolSpawner;} {} {V}
[17:40:12] [main/DEBUG] [cp.mo.mo.TransformationServiceDecorator/MODLAUNCHER]: Initialized transformers for transformation service fml
[17:40:13] [main/DEBUG] [mixin/]: Processing prepare() for PlatformAgent[MixinPlatformAgentDefault:ModLauncher Root Container(ModLauncher:4f56a0a2)]
[17:40:13] [main/DEBUG] [mixin/]: Processing launch tasks for PlatformAgent[MixinPlatformAgentDefault:ModLauncher Root Container(ModLauncher:4f56a0a2)]
[17:40:13] [main/DEBUG] [mixin/]: Adding mixin platform agents for container SecureJarResource(e_ab_i_wt)
[17:40:13] [main/DEBUG] [mixin/]: Instancing new MixinPlatformAgentMinecraftForge for SecureJarResource(e_ab_i_wt)
[17:40:13] [main/DEBUG] [mixin/]: MixinPlatformAgentMinecraftForge rejected container SecureJarResource(e_ab_i_wt)
[17:40:13] [main/DEBUG] [mixin/]: Instancing new MixinPlatformAgentDefault for SecureJarResource(e_ab_i_wt)
[17:40:13] [main/DEBUG] [mixin/]: MixinPlatformAgentDefault accepted container SecureJarResource(e_ab_i_wt)
[17:40:13] [main/DEBUG] [mixin/]: Processing prepare() for PlatformAgent[MixinPlatformAgentDefault:SecureJarResource(e_ab_i_wt)]
[17:40:13] [main/DEBUG] [mixin/]: Adding mixin platform agents for container SecureJarResource(mcpubg)
[17:40:13] [main/DEBUG] [mixin/]: Instancing new MixinPlatformAgentMinecraftForge for SecureJarResource(mcpubg)
[17:40:13] [main/DEBUG] [mixin/]: MixinPlatformAgentMinecraftForge rejected container SecureJarResource(mcpubg)
[17:40:13] [main/DEBUG] [mixin/]: Instancing new MixinPlatformAgentDefault for SecureJarResource(mcpubg)
[17:40:13] [main/DEBUG] [mixin/]: MixinPlatformAgentDefault accepted container SecureJarResource(mcpubg)
[17:40:13] [main/DEBUG] [mixin/]: Processing prepare() for PlatformAgent[MixinPlatformAgentDefault:SecureJarResource(mcpubg)]
[17:40:13] [main/DEBUG] [mixin/]: Adding mixin platform agents for container SecureJarResource(geckolib)
[17:40:13] [main/DEBUG] [mixin/]: Instancing new MixinPlatformAgentMinecraftForge for SecureJarResource(geckolib)
[17:40:13] [main/DEBUG] [mixin/]: MixinPlatformAgentMinecraftForge rejected container SecureJarResource(geckolib)
[17:40:13] [main/DEBUG] [mixin/]: Instancing new MixinPlatformAgentDefault for SecureJarResource(geckolib)
[17:40:13] [main/DEBUG] [mixin/]: MixinPlatformAgentDefault accepted container SecureJarResource(geckolib)
[17:40:13] [main/DEBUG] [mixin/]: Processing prepare() for PlatformAgent[MixinPlatformAgentDefault:SecureJarResource(geckolib)]
[17:40:13] [main/DEBUG] [mixin/]: Registering mixin config: geckolib.mixins.json
[17:40:13] [main/DEBUG] [mixin/]: Compatibility level JAVA_17 specified by geckolib.mixins.json is higher than the maximum level supported by this version of mixin (JAVA_13).
[17:40:13] [main/INFO] [mixin/]: Compatibility level set to JAVA_17
[17:40:13] [main/DEBUG] [mixin/]: Adding mixin platform agents for container SecureJarResource(dyairdrop)
[17:40:13] [main/DEBUG] [mixin/]: Instancing new MixinPlatformAgentMinecraftForge for SecureJarResource(dyairdrop)
[17:40:13] [main/DEBUG] [mixin/]: MixinPlatformAgentMinecraftForge rejected container SecureJarResource(dyairdrop)
[17:40:13] [main/DEBUG] [mixin/]: Instancing new MixinPlatformAgentDefault for SecureJarResource(dyairdrop)
[17:40:13] [main/DEBUG] [mixin/]: MixinPlatformAgentDefault accepted container SecureJarResource(dyairdrop)
[17:40:13] [main/DEBUG] [mixin/]: Processing prepare() for PlatformAgent[MixinPlatformAgentDefault:SecureJarResource(dyairdrop)]
[17:40:13] [main/DEBUG] [mixin/]: Adding mixin platform agents for container SecureJarResource(tacz)
[17:40:13] [main/DEBUG] [mixin/]: Instancing new MixinPlatformAgentMinecraftForge for SecureJarResource(tacz)
[17:40:13] [main/DEBUG] [mixin/]: MixinPlatformAgentMinecraftForge rejected container SecureJarResource(tacz)
[17:40:13] [main/DEBUG] [mixin/]: Instancing new MixinPlatformAgentDefault for SecureJarResource(tacz)
[17:40:13] [main/DEBUG] [mixin/]: MixinPlatformAgentDefault accepted container SecureJarResource(tacz)
[17:40:13] [main/DEBUG] [mixin/]: Processing prepare() for PlatformAgent[MixinPlatformAgentDefault:SecureJarResource(tacz)]
[17:40:13] [main/DEBUG] [mixin/]: Registering mixin config: tacz.mixins.json
[17:40:13] [main/DEBUG] [mixin/]: Registering mixin config: tacz.compat.acceleratedrendering.mixins.json
[17:40:13] [main/DEBUG] [mixin/]: Adding mixin platform agents for container SecureJarResource(sophisticatedcore)
[17:40:13] [main/DEBUG] [mixin/]: Instancing new MixinPlatformAgentMinecraftForge for SecureJarResource(sophisticatedcore)
[17:40:13] [main/DEBUG] [mixin/]: MixinPlatformAgentMinecraftForge rejected container SecureJarResource(sophisticatedcore)
[17:40:13] [main/DEBUG] [mixin/]: Instancing new MixinPlatformAgentDefault for SecureJarResource(sophisticatedcore)
[17:40:13] [main/DEBUG] [mixin/]: MixinPlatformAgentDefault accepted container SecureJarResource(sophisticatedcore)
[17:40:13] [main/DEBUG] [mixin/]: Processing prepare() for PlatformAgent[MixinPlatformAgentDefault:SecureJarResource(sophisticatedcore)]
[17:40:13] [main/DEBUG] [mixin/]: Registering mixin config: sophisticatedcore.mixins.json
[17:40:13] [main/DEBUG] [mixin/]: Registering mixin config: sophisticatedcore.create.mixins.json
[17:40:13] [main/DEBUG] [mixin/]: Adding mixin platform agents for container SecureJarResource(immersive_weathering)
[17:40:13] [main/DEBUG] [mixin/]: Instancing new MixinPlatformAgentMinecraftForge for SecureJarResource(immersive_weathering)
[17:40:13] [main/DEBUG] [mixin/]: MixinPlatformAgentMinecraftForge rejected container SecureJarResource(immersive_weathering)
[17:40:13] [main/DEBUG] [mixin/]: Instancing new MixinPlatformAgentDefault for SecureJarResource(immersive_weathering)
[17:40:13] [main/DEBUG] [mixin/]: MixinPlatformAgentDefault accepted container SecureJarResource(immersive_weathering)
[17:40:13] [main/DEBUG] [mixin/]: Processing prepare() for PlatformAgent[MixinPlatformAgentDefault:SecureJarResource(immersive_weathering)]
[17:40:13] [main/DEBUG] [mixin/]: Registering mixin config: immersive_weathering-common.mixins.json
[17:40:13] [main/DEBUG] [mixin/]: Registering mixin config: immersive_weathering.mixins.json
[17:40:13] [main/DEBUG] [mixin/]: Compatibility level JAVA_16 specified by immersive_weathering.mixins.json is higher than the maximum level supported by this version of mixin (JAVA_13).
[17:40:13] [main/DEBUG] [mixin/]: Adding mixin platform agents for container SecureJarResource(marbledsarsenal)
[17:40:13] [main/DEBUG] [mixin/]: Instancing new MixinPlatformAgentMinecraftForge for SecureJarResource(marbledsarsenal)
[17:40:13] [main/DEBUG] [mixin/]: MixinPlatformAgentMinecraftForge rejected container SecureJarResource(marbledsarsenal)
[17:40:13] [main/DEBUG] [mixin/]: Instancing new MixinPlatformAgentDefault for SecureJarResource(marbledsarsenal)
[17:40:13] [main/DEBUG] [mixin/]: MixinPlatformAgentDefault accepted container SecureJarResource(marbledsarsenal)
[17:40:13] [main/DEBUG] [mixin/]: Processing prepare() for PlatformAgent[MixinPlatformAgentDefault:SecureJarResource(marbledsarsenal)]
[17:40:13] [main/DEBUG] [mixin/]: Adding mixin platform agents for container SecureJarResource(tacztweaks)
[17:40:13] [main/DEBUG] [mixin/]: Instancing new MixinPlatformAgentMinecraftForge for SecureJarResource(tacztweaks)
[17:40:13] [main/DEBUG] [mixin/]: MixinPlatformAgentMinecraftForge rejected container SecureJarResource(tacztweaks)
[17:40:13] [main/DEBUG] [mixin/]: Instancing new MixinPlatformAgentDefault for SecureJarResource(tacztweaks)
[17:40:13] [main/DEBUG] [mixin/]: MixinPlatformAgentDefault accepted container SecureJarResource(tacztweaks)
[17:40:13] [main/DEBUG] [mixin/]: Processing prepare() for PlatformAgent[MixinPlatformAgentDefault:SecureJarResource(tacztweaks)]
[17:40:13] [main/DEBUG] [mixin/]: Registering mixin config: tacztweaks.mixins.json
[17:40:13] [main/DEBUG] [mixin/]: Compatibility level JAVA_8 specified by tacztweaks.mixins.json is lower than the default level supported by the current mixin service (JAVA_16).
[17:40:13] [main/DEBUG] [mixin/]: Adding mixin platform agents for container SecureJarResource(journeymap)
[17:40:13] [main/DEBUG] [mixin/]: Instancing new MixinPlatformAgentMinecraftForge for SecureJarResource(journeymap)
[17:40:13] [main/DEBUG] [mixin/]: MixinPlatformAgentMinecraftForge rejected container SecureJarResource(journeymap)
[17:40:13] [main/DEBUG] [mixin/]: Instancing new MixinPlatformAgentDefault for SecureJarResource(journeymap)
[17:40:13] [main/DEBUG] [mixin/]: MixinPlatformAgentDefault accepted container SecureJarResource(journeymap)
[17:40:13] [main/DEBUG] [mixin/]: Processing prepare() for PlatformAgent[MixinPlatformAgentDefault:SecureJarResource(journeymap)]
[17:40:13] [main/DEBUG] [mixin/]: Registering mixin config: journeymap.mixins.json
[17:40:13] [main/DEBUG] [mixin/]: Adding mixin platform agents for container SecureJarResource(berezka_api)
[17:40:13] [main/DEBUG] [mixin/]: Instancing new MixinPlatformAgentMinecraftForge for SecureJarResource(berezka_api)
[17:40:13] [main/DEBUG] [mixin/]: MixinPlatformAgentMinecraftForge rejected container SecureJarResource(berezka_api)
[17:40:13] [main/DEBUG] [mixin/]: Instancing new MixinPlatformAgentDefault for SecureJarResource(berezka_api)
[17:40:13] [main/DEBUG] [mixin/]: MixinPlatformAgentDefault accepted container SecureJarResource(berezka_api)
[17:40:13] [main/DEBUG] [mixin/]: Processing prepare() for PlatformAgent[MixinPlatformAgentDefault:SecureJarResource(berezka_api)]
[17:40:13] [main/DEBUG] [mixin/]: Registering mixin config: berezka_api.mixins.json
[17:40:13] [main/DEBUG] [mixin/]: Compatibility level JAVA_8 specified by berezka_api.mixins.json is lower than the default level supported by the current mixin service (JAVA_16).
[17:40:13] [main/DEBUG] [mixin/]: Adding mixin platform agents for container SecureJarResource(citadel)
[17:40:13] [main/DEBUG] [mixin/]: Instancing new MixinPlatformAgentMinecraftForge for SecureJarResource(citadel)
[17:40:13] [main/DEBUG] [mixin/]: MixinPlatformAgentMinecraftForge rejected container SecureJarResource(citadel)
[17:40:13] [main/DEBUG] [mixin/]: Instancing new MixinPlatformAgentDefault for SecureJarResource(citadel)
[17:40:13] [main/DEBUG] [mixin/]: MixinPlatformAgentDefault accepted container SecureJarResource(citadel)
[17:40:13] [main/DEBUG] [mixin/]: Processing prepare() for PlatformAgent[MixinPlatformAgentDefault:SecureJarResource(citadel)]
[17:40:13] [main/DEBUG] [mixin/]: Registering mixin config: citadel.mixins.json
[17:40:13] [main/DEBUG] [mixin/]: Adding mixin platform agents for container SecureJarResource(zombieawareness)
[17:40:13] [main/DEBUG] [mixin/]: Instancing new MixinPlatformAgentMinecraftForge for SecureJarResource(zombieawareness)
[17:40:13] [main/DEBUG] [mixin/]: MixinPlatformAgentMinecraftForge rejected container SecureJarResource(zombieawareness)
[17:40:13] [main/DEBUG] [mixin/]: Instancing new MixinPlatformAgentDefault for SecureJarResource(zombieawareness)
[17:40:13] [main/DEBUG] [mixin/]: MixinPlatformAgentDefault accepted container SecureJarResource(zombieawareness)
[17:40:13] [main/DEBUG] [mixin/]: Processing prepare() for PlatformAgent[MixinPlatformAgentDefault:SecureJarResource(zombieawareness)]
[17:40:13] [main/DEBUG] [mixin/]: Registering mixin config: zombieawareness.mixins.json
[17:40:13] [main/DEBUG] [mixin/]: Adding mixin platform agents for container SecureJarResource(mcore)
[17:40:13] [main/DEBUG] [mixin/]: Instancing new MixinPlatformAgentMinecraftForge for SecureJarResource(mcore)
[17:40:13] [main/DEBUG] [mixin/]: MixinPlatformAgentMinecraftForge rejected container SecureJarResource(mcore)
[17:40:13] [main/DEBUG] [mixin/]: Instancing new MixinPlatformAgentDefault for SecureJarResource(mcore)
[17:40:13] [main/DEBUG] [mixin/]: MixinPlatformAgentDefault accepted container SecureJarResource(mcore)
[17:40:13] [main/DEBUG] [mixin/]: Processing prepare() for PlatformAgent[MixinPlatformAgentDefault:SecureJarResource(mcore)]
[17:40:13] [main/DEBUG] [mixin/]: Adding mixin platform agents for container SecureJarResource(badmobs)
[17:40:13] [main/DEBUG] [mixin/]: Instancing new MixinPlatformAgentMinecraftForge for SecureJarResource(badmobs)
[17:40:13] [main/DEBUG] [mixin/]: MixinPlatformAgentMinecraftForge rejected container SecureJarResource(badmobs)
[17:40:13] [main/DEBUG] [mixin/]: Instancing new MixinPlatformAgentDefault for SecureJarResource(badmobs)
[17:40:13] [main/DEBUG] [mixin/]: MixinPlatformAgentDefault accepted container SecureJarResource(badmobs)
[17:40:13] [main/DEBUG] [mixin/]: Processing prepare() for PlatformAgent[MixinPlatformAgentDefault:SecureJarResource(badmobs)]
[17:40:13] [main/DEBUG] [mixin/]: Adding mixin platform agents for container SecureJarResource(sophisticatedbackpacks)
[17:40:13] [main/DEBUG] [mixin/]: Instancing new MixinPlatformAgentMinecraftForge for SecureJarResource(sophisticatedbackpacks)
[17:40:13] [main/DEBUG] [mixin/]: MixinPlatformAgentMinecraftForge rejected container SecureJarResource(sophisticatedbackpacks)
[17:40:13] [main/DEBUG] [mixin/]: Instancing new MixinPlatformAgentDefault for SecureJarResource(sophisticatedbackpacks)
[17:40:13] [main/DEBUG] [mixin/]: MixinPlatformAgentDefault accepted container SecureJarResource(sophisticatedbackpacks)
[17:40:13] [main/DEBUG] [mixin/]: Processing prepare() for PlatformAgent[MixinPlatformAgentDefault:SecureJarResource(sophisticatedbackpacks)]
[17:40:13] [main/DEBUG] [mixin/]: Registering mixin config: sophisticatedbackpacks.mixins.json
[17:40:13] [main/DEBUG] [mixin/]: Adding mixin platform agents for container SecureJarResource(superbwarfare)
[17:40:13] [main/DEBUG] [mixin/]: Instancing new MixinPlatformAgentMinecraftForge for SecureJarResource(superbwarfare)
[17:40:13] [main/DEBUG] [mixin/]: MixinPlatformAgentMinecraftForge rejected container SecureJarResource(superbwarfare)
[17:40:13] [main/DEBUG] [mixin/]: Instancing new MixinPlatformAgentDefault for SecureJarResource(superbwarfare)
[17:40:13] [main/DEBUG] [mixin/]: MixinPlatformAgentDefault accepted container SecureJarResource(superbwarfare)
[17:40:13] [main/DEBUG] [mixin/]: Processing prepare() for PlatformAgent[MixinPlatformAgentDefault:SecureJarResource(superbwarfare)]
[17:40:13] [main/DEBUG] [mixin/]: Registering mixin config: mixins.superbwarfare.json
[17:40:13] [main/DEBUG] [mixin/]: Adding mixin platform agents for container SecureJarResource(hordes)
[17:40:13] [main/DEBUG] [mixin/]: Instancing new MixinPlatformAgentMinecraftForge for SecureJarResource(hordes)
[17:40:13] [main/DEBUG] [mixin/]: MixinPlatformAgentMinecraftForge rejected container SecureJarResource(hordes)
[17:40:13] [main/DEBUG] [mixin/]: Instancing new MixinPlatformAgentDefault for SecureJarResource(hordes)
[17:40:13] [main/DEBUG] [mixin/]: MixinPlatformAgentDefault accepted container SecureJarResource(hordes)
[17:40:13] [main/DEBUG] [mixin/]: Processing prepare() for PlatformAgent[MixinPlatformAgentDefault:SecureJarResource(hordes)]
[17:40:13] [main/DEBUG] [mixin/]: Registering mixin config: hordes.mixin.json
[17:40:13] [main/DEBUG] [mixin/]: Adding mixin platform agents for container SecureJarResource(nomindlessshooting)
[17:40:13] [main/DEBUG] [mixin/]: Instancing new MixinPlatformAgentMinecraftForge for SecureJarResource(nomindlessshooting)
[17:40:13] [main/DEBUG] [mixin/]: MixinPlatformAgentMinecraftForge rejected container SecureJarResource(nomindlessshooting)
[17:40:13] [main/DEBUG] [mixin/]: Instancing new MixinPlatformAgentDefault for SecureJarResource(nomindlessshooting)
[17:40:13] [main/DEBUG] [mixin/]: MixinPlatformAgentDefault accepted container SecureJarResource(nomindlessshooting)
[17:40:13] [main/DEBUG] [mixin/]: Processing prepare() for PlatformAgent[MixinPlatformAgentDefault:SecureJarResource(nomindlessshooting)]
[17:40:13] [main/DEBUG] [mixin/]: Adding mixin platform agents for container SecureJarResource(cloth_config)
[17:40:13] [main/DEBUG] [mixin/]: Instancing new MixinPlatformAgentMinecraftForge for SecureJarResource(cloth_config)
[17:40:13] [main/DEBUG] [mixin/]: MixinPlatformAgentMinecraftForge rejected container SecureJarResource(cloth_config)
[17:40:13] [main/DEBUG] [mixin/]: Instancing new MixinPlatformAgentDefault for SecureJarResource(cloth_config)
[17:40:13] [main/DEBUG] [mixin/]: MixinPlatformAgentDefault accepted container SecureJarResource(cloth_config)
[17:40:13] [main/DEBUG] [mixin/]: Processing prepare() for PlatformAgent[MixinPlatformAgentDefault:SecureJarResource(cloth_config)]
[17:40:13] [main/DEBUG] [mixin/]: Adding mixin platform agents for container SecureJarResource(forge)
[17:40:13] [main/DEBUG] [mixin/]: Instancing new MixinPlatformAgentMinecraftForge for SecureJarResource(forge)
[17:40:13] [main/DEBUG] [mixin/]: MixinPlatformAgentMinecraftForge rejected container SecureJarResource(forge)
[17:40:13] [main/DEBUG] [mixin/]: Instancing new MixinPlatformAgentDefault for SecureJarResource(forge)
[17:40:13] [main/DEBUG] [mixin/]: MixinPlatformAgentDefault accepted container SecureJarResource(forge)
[17:40:13] [main/DEBUG] [mixin/]: Processing prepare() for PlatformAgent[MixinPlatformAgentDefault:SecureJarResource(forge)]
[17:40:13] [main/DEBUG] [mixin/]: Adding mixin platform agents for container SecureJarResource(supressingtagz)
[17:40:13] [main/DEBUG] [mixin/]: Instancing new MixinPlatformAgentMinecraftForge for SecureJarResource(supressingtagz)
[17:40:13] [main/DEBUG] [mixin/]: MixinPlatformAgentMinecraftForge rejected container SecureJarResource(supressingtagz)
[17:40:13] [main/DEBUG] [mixin/]: Instancing new MixinPlatformAgentDefault for SecureJarResource(supressingtagz)
[17:40:13] [main/DEBUG] [mixin/]: MixinPlatformAgentDefault accepted container SecureJarResource(supressingtagz)
[17:40:13] [main/DEBUG] [mixin/]: Processing prepare() for PlatformAgent[MixinPlatformAgentDefault:SecureJarResource(supressingtagz)]
[17:40:13] [main/DEBUG] [mixin/]: Registering mixin config: supressingtagz.mixins.json
[17:40:13] [main/DEBUG] [mixin/]: Compatibility level JAVA_8 specified by supressingtagz.mixins.json is lower than the default level supported by the current mixin service (JAVA_16).
[17:40:13] [main/DEBUG] [mixin/]: Adding mixin platform agents for container SecureJarResource(rbi)
[17:40:13] [main/DEBUG] [mixin/]: Instancing new MixinPlatformAgentMinecraftForge for SecureJarResource(rbi)
[17:40:13] [main/DEBUG] [mixin/]: MixinPlatformAgentMinecraftForge rejected container SecureJarResource(rbi)
[17:40:13] [main/DEBUG] [mixin/]: Instancing new MixinPlatformAgentDefault for SecureJarResource(rbi)
[17:40:13] [main/DEBUG] [mixin/]: MixinPlatformAgentDefault accepted container SecureJarResource(rbi)
[17:40:13] [main/DEBUG] [mixin/]: Processing prepare() for PlatformAgent[MixinPlatformAgentDefault:SecureJarResource(rbi)]
[17:40:13] [main/DEBUG] [mixin/]: Registering mixin config: rbi.mixins.json
[17:40:13] [main/DEBUG] [mixin/]: Adding mixin platform agents for container SecureJarResource(taczmeshloader)
[17:40:13] [main/DEBUG] [mixin/]: Instancing new MixinPlatformAgentMinecraftForge for SecureJarResource(taczmeshloader)
[17:40:13] [main/DEBUG] [mixin/]: MixinPlatformAgentMinecraftForge rejected container SecureJarResource(taczmeshloader)
[17:40:13] [main/DEBUG] [mixin/]: Instancing new MixinPlatformAgentDefault for SecureJarResource(taczmeshloader)
[17:40:13] [main/DEBUG] [mixin/]: MixinPlatformAgentDefault accepted container SecureJarResource(taczmeshloader)
[17:40:13] [main/DEBUG] [mixin/]: Processing prepare() for PlatformAgent[MixinPlatformAgentDefault:SecureJarResource(taczmeshloader)]
[17:40:13] [main/DEBUG] [mixin/]: Registering mixin config: taczmeshloader.mixins.json
[17:40:13] [main/DEBUG] [mixin/]: Adding mixin platform agents for container SecureJarResource(accuratehitboxes)
[17:40:13] [main/DEBUG] [mixin/]: Instancing new MixinPlatformAgentMinecraftForge for SecureJarResource(accuratehitboxes)
[17:40:13] [main/DEBUG] [mixin/]: MixinPlatformAgentMinecraftForge rejected container SecureJarResource(accuratehitboxes)
[17:40:13] [main/DEBUG] [mixin/]: Instancing new MixinPlatformAgentDefault for SecureJarResource(accuratehitboxes)
[17:40:13] [main/DEBUG] [mixin/]: MixinPlatformAgentDefault accepted container SecureJarResource(accuratehitboxes)
[17:40:13] [main/DEBUG] [mixin/]: Processing prepare() for PlatformAgent[MixinPlatformAgentDefault:SecureJarResource(accuratehitboxes)]
[17:40:13] [main/DEBUG] [mixin/]: Registering mixin config: accuratehitboxes.mixins.json
[17:40:13] [main/DEBUG] [mixin/]: Registering mixin config: accuratehitboxes.client.mixins.json
[17:40:13] [main/DEBUG] [mixin/]: Registering mixin config: accuratehitboxes.compat.mixins.json
[17:40:13] [main/DEBUG] [mixin/]: Registering mixin config: accuratehitboxes.tacz.mixins.json
[17:40:13] [main/DEBUG] [mixin/]: Adding mixin platform agents for container SecureJarResource(minecraft)
[17:40:13] [main/DEBUG] [mixin/]: Instancing new MixinPlatformAgentMinecraftForge for SecureJarResource(minecraft)
[17:40:13] [main/DEBUG] [mixin/]: MixinPlatformAgentMinecraftForge rejected container SecureJarResource(minecraft)
[17:40:13] [main/DEBUG] [mixin/]: Instancing new MixinPlatformAgentDefault for SecureJarResource(minecraft)
[17:40:13] [main/DEBUG] [mixin/]: MixinPlatformAgentDefault accepted container SecureJarResource(minecraft)
[17:40:13] [main/DEBUG] [mixin/]: Processing prepare() for PlatformAgent[MixinPlatformAgentDefault:SecureJarResource(minecraft)]
[17:40:13] [main/DEBUG] [mixin/]: Adding mixin platform agents for container SecureJarResource(farmersdelight)
[17:40:13] [main/DEBUG] [mixin/]: Instancing new MixinPlatformAgentMinecraftForge for SecureJarResource(farmersdelight)
[17:40:13] [main/DEBUG] [mixin/]: MixinPlatformAgentMinecraftForge rejected container SecureJarResource(farmersdelight)
[17:40:13] [main/DEBUG] [mixin/]: Instancing new MixinPlatformAgentDefault for SecureJarResource(farmersdelight)
[17:40:13] [main/DEBUG] [mixin/]: MixinPlatformAgentDefault accepted container SecureJarResource(farmersdelight)
[17:40:13] [main/DEBUG] [mixin/]: Processing prepare() for PlatformAgent[MixinPlatformAgentDefault:SecureJarResource(farmersdelight)]
[17:40:13] [main/DEBUG] [mixin/]: Registering mixin config: farmersdelight.mixins.json
[17:40:13] [main/DEBUG] [mixin/]: Adding mixin platform agents for container SecureJarResource(immersive_ballistic)
[17:40:13] [main/DEBUG] [mixin/]: Instancing new MixinPlatformAgentMinecraftForge for SecureJarResource(immersive_ballistic)
[17:40:13] [main/DEBUG] [mixin/]: MixinPlatformAgentMinecraftForge rejected container SecureJarResource(immersive_ballistic)
[17:40:13] [main/DEBUG] [mixin/]: Instancing new MixinPlatformAgentDefault for SecureJarResource(immersive_ballistic)
[17:40:13] [main/DEBUG] [mixin/]: MixinPlatformAgentDefault accepted container SecureJarResource(immersive_ballistic)
[17:40:13] [main/DEBUG] [mixin/]: Processing prepare() for PlatformAgent[MixinPlatformAgentDefault:SecureJarResource(immersive_ballistic)]
[17:40:13] [main/DEBUG] [mixin/]: Registering mixin config: immersive_ballistic.mixins.json
[17:40:13] [main/DEBUG] [mixin/]: Compatibility level JAVA_13 specified by immersive_ballistic.mixins.json is lower than the default level supported by the current mixin service (JAVA_16).
[17:40:13] [main/DEBUG] [mixin/]: Adding mixin platform agents for container SecureJarResource(terrablender)
[17:40:13] [main/DEBUG] [mixin/]: Instancing new MixinPlatformAgentMinecraftForge for SecureJarResource(terrablender)
[17:40:13] [main/DEBUG] [mixin/]: MixinPlatformAgentMinecraftForge rejected container SecureJarResource(terrablender)
[17:40:13] [main/DEBUG] [mixin/]: Instancing new MixinPlatformAgentDefault for SecureJarResource(terrablender)
[17:40:13] [main/DEBUG] [mixin/]: MixinPlatformAgentDefault accepted container SecureJarResource(terrablender)
[17:40:13] [main/DEBUG] [mixin/]: Processing prepare() for PlatformAgent[MixinPlatformAgentDefault:SecureJarResource(terrablender)]
[17:40:13] [main/DEBUG] [mixin/]: Registering mixin config: terrablender.mixins.json
[17:40:13] [main/DEBUG] [mixin/]: Registering mixin config: terrablender_forge.mixins.json
[17:40:13] [main/DEBUG] [mixin/]: Adding mixin platform agents for container SecureJarResource(moonlight)
[17:40:13] [main/DEBUG] [mixin/]: Instancing new MixinPlatformAgentMinecraftForge for SecureJarResource(moonlight)
[17:40:13] [main/DEBUG] [mixin/]: MixinPlatformAgentMinecraftForge rejected container SecureJarResource(moonlight)
[17:40:13] [main/DEBUG] [mixin/]: Instancing new MixinPlatformAgentDefault for SecureJarResource(moonlight)
[17:40:13] [main/DEBUG] [mixin/]: MixinPlatformAgentDefault accepted container SecureJarResource(moonlight)
[17:40:13] [main/DEBUG] [mixin/]: Processing prepare() for PlatformAgent[MixinPlatformAgentDefault:SecureJarResource(moonlight)]
[17:40:13] [main/DEBUG] [mixin/]: Registering mixin config: moonlight-common.mixins.json
[17:40:13] [main/DEBUG] [mixin/]: Registering mixin config: moonlight.mixins.json
[17:40:13] [main/DEBUG] [mixin/]: Adding mixin platform agents for container SecureJarResource(mixinsquared)
[17:40:13] [main/DEBUG] [mixin/]: Instancing new MixinPlatformAgentMinecraftForge for SecureJarResource(mixinsquared)
[17:40:13] [main/DEBUG] [mixin/]: MixinPlatformAgentMinecraftForge rejected container SecureJarResource(mixinsquared)
[17:40:13] [main/DEBUG] [mixin/]: Instancing new MixinPlatformAgentDefault for SecureJarResource(mixinsquared)
[17:40:13] [main/DEBUG] [mixin/]: MixinPlatformAgentDefault accepted container SecureJarResource(mixinsquared)
[17:40:13] [main/DEBUG] [mixin/]: Processing prepare() for PlatformAgent[MixinPlatformAgentDefault:SecureJarResource(mixinsquared)]
[17:40:13] [main/DEBUG] [mixin/]: Registering mixin config: mixinsquared.init.mixins.json
[17:40:13] [main/DEBUG] [mixin/]: Adding mixin platform agents for container SecureJarResource(survival_instinct)
[17:40:13] [main/DEBUG] [mixin/]: Instancing new MixinPlatformAgentMinecraftForge for SecureJarResource(survival_instinct)
[17:40:13] [main/DEBUG] [mixin/]: MixinPlatformAgentMinecraftForge rejected container SecureJarResource(survival_instinct)
[17:40:13] [main/DEBUG] [mixin/]: Instancing new MixinPlatformAgentDefault for SecureJarResource(survival_instinct)
[17:40:13] [main/DEBUG] [mixin/]: MixinPlatformAgentDefault accepted container SecureJarResource(survival_instinct)
[17:40:13] [main/DEBUG] [mixin/]: Processing prepare() for PlatformAgent[MixinPlatformAgentDefault:SecureJarResource(survival_instinct)]
[17:40:13] [main/DEBUG] [mixin/]: Adding mixin platform agents for container SecureJarResource(lrtactical)
[17:40:13] [main/DEBUG] [mixin/]: Instancing new MixinPlatformAgentMinecraftForge for SecureJarResource(lrtactical)
[17:40:13] [main/DEBUG] [mixin/]: MixinPlatformAgentMinecraftForge rejected container SecureJarResource(lrtactical)
[17:40:13] [main/DEBUG] [mixin/]: Instancing new MixinPlatformAgentDefault for SecureJarResource(lrtactical)
[17:40:13] [main/DEBUG] [mixin/]: MixinPlatformAgentDefault accepted container SecureJarResource(lrtactical)
[17:40:13] [main/DEBUG] [mixin/]: Processing prepare() for PlatformAgent[MixinPlatformAgentDefault:SecureJarResource(lrtactical)]
[17:40:13] [main/DEBUG] [mixin/]: Registering mixin config: lrtactical.mixins.json
[17:40:13] [main/DEBUG] [mixin/]: Compatibility level JAVA_8 specified by lrtactical.mixins.json is lower than the default level supported by the current mixin service (JAVA_16).
[17:40:13] [main/DEBUG] [mixin/]: Adding mixin platform agents for container SecureJarResource(kotlinforforge)
[17:40:13] [main/DEBUG] [mixin/]: Instancing new MixinPlatformAgentMinecraftForge for SecureJarResource(kotlinforforge)
[17:40:13] [main/DEBUG] [mixin/]: MixinPlatformAgentMinecraftForge rejected container SecureJarResource(kotlinforforge)
[17:40:13] [main/DEBUG] [mixin/]: Instancing new MixinPlatformAgentDefault for SecureJarResource(kotlinforforge)
[17:40:13] [main/DEBUG] [mixin/]: MixinPlatformAgentDefault accepted container SecureJarResource(kotlinforforge)
[17:40:13] [main/DEBUG] [mixin/]: Processing prepare() for PlatformAgent[MixinPlatformAgentDefault:SecureJarResource(kotlinforforge)]
[17:40:13] [main/DEBUG] [mixin/]: Adding mixin platform agents for container SecureJarResource(jmvworldborder)
[17:40:13] [main/DEBUG] [mixin/]: Instancing new MixinPlatformAgentMinecraftForge for SecureJarResource(jmvworldborder)
[17:40:13] [main/DEBUG] [mixin/]: MixinPlatformAgentMinecraftForge rejected container SecureJarResource(jmvworldborder)
[17:40:13] [main/DEBUG] [mixin/]: Instancing new MixinPlatformAgentDefault for SecureJarResource(jmvworldborder)
[17:40:13] [main/DEBUG] [mixin/]: MixinPlatformAgentDefault accepted container SecureJarResource(jmvworldborder)
[17:40:13] [main/DEBUG] [mixin/]: Processing prepare() for PlatformAgent[MixinPlatformAgentDefault:SecureJarResource(jmvworldborder)]
[17:40:13] [main/DEBUG] [mixin/]: Adding mixin platform agents for container SecureJarResource(tacz_realisticblood)
[17:40:13] [main/DEBUG] [mixin/]: Instancing new MixinPlatformAgentMinecraftForge for SecureJarResource(tacz_realisticblood)
[17:40:13] [main/DEBUG] [mixin/]: MixinPlatformAgentMinecraftForge rejected container SecureJarResource(tacz_realisticblood)
[17:40:13] [main/DEBUG] [mixin/]: Instancing new MixinPlatformAgentDefault for SecureJarResource(tacz_realisticblood)
[17:40:13] [main/DEBUG] [mixin/]: MixinPlatformAgentDefault accepted container SecureJarResource(tacz_realisticblood)
[17:40:13] [main/DEBUG] [mixin/]: Processing prepare() for PlatformAgent[MixinPlatformAgentDefault:SecureJarResource(tacz_realisticblood)]
[17:40:13] [main/DEBUG] [mixin/]: Adding mixin platform agents for container SecureJarResource(curios)
[17:40:13] [main/DEBUG] [mixin/]: Instancing new MixinPlatformAgentMinecraftForge for SecureJarResource(curios)
[17:40:13] [main/DEBUG] [mixin/]: MixinPlatformAgentMinecraftForge rejected container SecureJarResource(curios)
[17:40:13] [main/DEBUG] [mixin/]: Instancing new MixinPlatformAgentDefault for SecureJarResource(curios)
[17:40:13] [main/DEBUG] [mixin/]: MixinPlatformAgentDefault accepted container SecureJarResource(curios)
[17:40:13] [main/DEBUG] [mixin/]: Processing prepare() for PlatformAgent[MixinPlatformAgentDefault:SecureJarResource(curios)]
[17:40:13] [main/DEBUG] [mixin/]: Registering mixin config: curios.mixins.json
[17:40:13] [main/DEBUG] [mixin/]: Adding mixin platform agents for container SecureJarResource(ragdollified)
[17:40:13] [main/DEBUG] [mixin/]: Instancing new MixinPlatformAgentMinecraftForge for SecureJarResource(ragdollified)
[17:40:13] [main/DEBUG] [mixin/]: MixinPlatformAgentMinecraftForge rejected container SecureJarResource(ragdollified)
[17:40:13] [main/DEBUG] [mixin/]: Instancing new MixinPlatformAgentDefault for SecureJarResource(ragdollified)
[17:40:13] [main/DEBUG] [mixin/]: MixinPlatformAgentDefault accepted container SecureJarResource(ragdollified)
[17:40:13] [main/DEBUG] [mixin/]: Processing prepare() for PlatformAgent[MixinPlatformAgentDefault:SecureJarResource(ragdollified)]
[17:40:13] [main/DEBUG] [mixin/]: Registering mixin config: ragdollified.mixins.json
[17:40:13] [main/DEBUG] [mixin/]: Adding mixin platform agents for container SecureJarResource(simplebedrockmodel)
[17:40:13] [main/DEBUG] [mixin/]: Instancing new MixinPlatformAgentMinecraftForge for SecureJarResource(simplebedrockmodel)
[17:40:13] [main/DEBUG] [mixin/]: MixinPlatformAgentMinecraftForge rejected container SecureJarResource(simplebedrockmodel)
[17:40:13] [main/DEBUG] [mixin/]: Instancing new MixinPlatformAgentDefault for SecureJarResource(simplebedrockmodel)
[17:40:13] [main/DEBUG] [mixin/]: MixinPlatformAgentDefault accepted container SecureJarResource(simplebedrockmodel)
[17:40:13] [main/DEBUG] [mixin/]: Processing prepare() for PlatformAgent[MixinPlatformAgentDefault:SecureJarResource(simplebedrockmodel)]
[17:40:13] [main/DEBUG] [mixin/]: Registering mixin config: simplebedrockmodel.mixins.json
[17:40:13] [main/DEBUG] [mixin/]: Compatibility level JAVA_8 specified by simplebedrockmodel.mixins.json is lower than the default level supported by the current mixin service (JAVA_16).
[17:40:13] [main/DEBUG] [mixin/]: Adding mixin platform agents for container SecureJarResource(endlessammo)
[17:40:13] [main/DEBUG] [mixin/]: Instancing new MixinPlatformAgentMinecraftForge for SecureJarResource(endlessammo)
[17:40:13] [main/DEBUG] [mixin/]: MixinPlatformAgentMinecraftForge rejected container SecureJarResource(endlessammo)
[17:40:13] [main/DEBUG] [mixin/]: Instancing new MixinPlatformAgentDefault for SecureJarResource(endlessammo)
[17:40:13] [main/DEBUG] [mixin/]: MixinPlatformAgentDefault accepted container SecureJarResource(endlessammo)
[17:40:13] [main/DEBUG] [mixin/]: Processing prepare() for PlatformAgent[MixinPlatformAgentDefault:SecureJarResource(endlessammo)]
[17:40:13] [main/DEBUG] [mixin/]: Adding mixin platform agents for container SecureJarResource(lootchestrefill)
[17:40:13] [main/DEBUG] [mixin/]: Instancing new MixinPlatformAgentMinecraftForge for SecureJarResource(lootchestrefill)
[17:40:13] [main/DEBUG] [mixin/]: MixinPlatformAgentMinecraftForge rejected container SecureJarResource(lootchestrefill)
[17:40:13] [main/DEBUG] [mixin/]: Instancing new MixinPlatformAgentDefault for SecureJarResource(lootchestrefill)
[17:40:13] [main/DEBUG] [mixin/]: MixinPlatformAgentDefault accepted container SecureJarResource(lootchestrefill)
[17:40:13] [main/DEBUG] [mixin/]: Processing prepare() for PlatformAgent[MixinPlatformAgentDefault:SecureJarResource(lootchestrefill)]
[17:40:13] [main/DEBUG] [mixin/]: Adding mixin platform agents for container SecureJarResource(parcool)
[17:40:13] [main/DEBUG] [mixin/]: Instancing new MixinPlatformAgentMinecraftForge for SecureJarResource(parcool)
[17:40:13] [main/DEBUG] [mixin/]: MixinPlatformAgentMinecraftForge rejected container SecureJarResource(parcool)
[17:40:13] [main/DEBUG] [mixin/]: Instancing new MixinPlatformAgentDefault for SecureJarResource(parcool)
[17:40:13] [main/DEBUG] [mixin/]: MixinPlatformAgentDefault accepted container SecureJarResource(parcool)
[17:40:13] [main/DEBUG] [mixin/]: Processing prepare() for PlatformAgent[MixinPlatformAgentDefault:SecureJarResource(parcool)]
[17:40:13] [main/DEBUG] [mixin/]: Registering mixin config: parcool.mixins.json
[17:40:13] [main/DEBUG] [mixin/]: Adding mixin platform agents for container SecureJarResource(chaoszprojectbandits)
[17:40:13] [main/DEBUG] [mixin/]: Instancing new MixinPlatformAgentMinecraftForge for SecureJarResource(chaoszprojectbandits)
[17:40:13] [main/DEBUG] [mixin/]: MixinPlatformAgentMinecraftForge rejected container SecureJarResource(chaoszprojectbandits)
[17:40:13] [main/DEBUG] [mixin/]: Instancing new MixinPlatformAgentDefault for SecureJarResource(chaoszprojectbandits)
[17:40:13] [main/DEBUG] [mixin/]: MixinPlatformAgentDefault accepted container SecureJarResource(chaoszprojectbandits)
[17:40:13] [main/DEBUG] [mixin/]: Processing prepare() for PlatformAgent[MixinPlatformAgentDefault:SecureJarResource(chaoszprojectbandits)]
[17:40:13] [main/DEBUG] [mixin/]: Adding mixin platform agents for container SecureJarResource(taczadditions)
[17:40:13] [main/DEBUG] [mixin/]: Instancing new MixinPlatformAgentMinecraftForge for SecureJarResource(taczadditions)
[17:40:13] [main/DEBUG] [mixin/]: MixinPlatformAgentMinecraftForge rejected container SecureJarResource(taczadditions)
[17:40:13] [main/DEBUG] [mixin/]: Instancing new MixinPlatformAgentDefault for SecureJarResource(taczadditions)
[17:40:13] [main/DEBUG] [mixin/]: MixinPlatformAgentDefault accepted container SecureJarResource(taczadditions)
[17:40:13] [main/DEBUG] [mixin/]: Processing prepare() for PlatformAgent[MixinPlatformAgentDefault:SecureJarResource(taczadditions)]
[17:40:13] [main/DEBUG] [mixin/]: Registering mixin config: taczadditions.mixins.json
[17:40:13] [main/DEBUG] [mixin/]: Adding mixin platform agents for container SecureJarResource(lostcities)
[17:40:13] [main/DEBUG] [mixin/]: Instancing new MixinPlatformAgentMinecraftForge for SecureJarResource(lostcities)
[17:40:13] [main/DEBUG] [mixin/]: MixinPlatformAgentMinecraftForge rejected container SecureJarResource(lostcities)
[17:40:13] [main/DEBUG] [mixin/]: Instancing new MixinPlatformAgentDefault for SecureJarResource(lostcities)
[17:40:13] [main/DEBUG] [mixin/]: MixinPlatformAgentDefault accepted container SecureJarResource(lostcities)
[17:40:13] [main/DEBUG] [mixin/]: Processing prepare() for PlatformAgent[MixinPlatformAgentDefault:SecureJarResource(lostcities)]
[17:40:13] [main/DEBUG] [mixin/]: Adding mixin platform agents for container SecureJarResource(keerdm_zombie_essentials)
[17:40:13] [main/DEBUG] [mixin/]: Instancing new MixinPlatformAgentMinecraftForge for SecureJarResource(keerdm_zombie_essentials)
[17:40:13] [main/DEBUG] [mixin/]: MixinPlatformAgentMinecraftForge rejected container SecureJarResource(keerdm_zombie_essentials)
[17:40:13] [main/DEBUG] [mixin/]: Instancing new MixinPlatformAgentDefault for SecureJarResource(keerdm_zombie_essentials)
[17:40:13] [main/DEBUG] [mixin/]: MixinPlatformAgentDefault accepted container SecureJarResource(keerdm_zombie_essentials)
[17:40:13] [main/DEBUG] [mixin/]: Processing prepare() for PlatformAgent[MixinPlatformAgentDefault:SecureJarResource(keerdm_zombie_essentials)]
[17:40:13] [main/DEBUG] [mixin/]: Adding mixin platform agents for container SecureJarResource(tacticalvests)
[17:40:13] [main/DEBUG] [mixin/]: Instancing new MixinPlatformAgentMinecraftForge for SecureJarResource(tacticalvests)
[17:40:13] [main/DEBUG] [mixin/]: MixinPlatformAgentMinecraftForge rejected container SecureJarResource(tacticalvests)
[17:40:13] [main/DEBUG] [mixin/]: Instancing new MixinPlatformAgentDefault for SecureJarResource(tacticalvests)
[17:40:13] [main/DEBUG] [mixin/]: MixinPlatformAgentDefault accepted container SecureJarResource(tacticalvests)
[17:40:13] [main/DEBUG] [mixin/]: Processing prepare() for PlatformAgent[MixinPlatformAgentDefault:SecureJarResource(tacticalvests)]
[17:40:13] [main/DEBUG] [mixin/]: Adding mixin platform agents for container SecureJarResource(atlaslib)
[17:40:13] [main/DEBUG] [mixin/]: Instancing new MixinPlatformAgentMinecraftForge for SecureJarResource(atlaslib)
[17:40:13] [main/DEBUG] [mixin/]: MixinPlatformAgentMinecraftForge rejected container SecureJarResource(atlaslib)
[17:40:13] [main/DEBUG] [mixin/]: Instancing new MixinPlatformAgentDefault for SecureJarResource(atlaslib)
[17:40:13] [main/DEBUG] [mixin/]: MixinPlatformAgentDefault accepted container SecureJarResource(atlaslib)
[17:40:13] [main/DEBUG] [mixin/]: Processing prepare() for PlatformAgent[MixinPlatformAgentDefault:SecureJarResource(atlaslib)]
[17:40:13] [main/DEBUG] [mixin/]: Adding mixin platform agents for container SecureJarResource(coroutil)
[17:40:13] [main/DEBUG] [mixin/]: Instancing new MixinPlatformAgentMinecraftForge for SecureJarResource(coroutil)
[17:40:13] [main/DEBUG] [mixin/]: MixinPlatformAgentMinecraftForge rejected container SecureJarResource(coroutil)
[17:40:13] [main/DEBUG] [mixin/]: Instancing new MixinPlatformAgentDefault for SecureJarResource(coroutil)
[17:40:13] [main/DEBUG] [mixin/]: MixinPlatformAgentDefault accepted container SecureJarResource(coroutil)
[17:40:13] [main/DEBUG] [mixin/]: Processing prepare() for PlatformAgent[MixinPlatformAgentDefault:SecureJarResource(coroutil)]
[17:40:13] [main/DEBUG] [mixin/]: Registering mixin config: coroutil.mixins.json
[17:40:13] [main/DEBUG] [mixin/]: Adding mixin platform agents for container SecureJarResource(architectury)
[17:40:13] [main/DEBUG] [mixin/]: Instancing new MixinPlatformAgentMinecraftForge for SecureJarResource(architectury)
[17:40:13] [main/DEBUG] [mixin/]: MixinPlatformAgentMinecraftForge rejected container SecureJarResource(architectury)
[17:40:13] [main/DEBUG] [mixin/]: Instancing new MixinPlatformAgentDefault for SecureJarResource(architectury)
[17:40:13] [main/DEBUG] [mixin/]: MixinPlatformAgentDefault accepted container SecureJarResource(architectury)
[17:40:13] [main/DEBUG] [mixin/]: Processing prepare() for PlatformAgent[MixinPlatformAgentDefault:SecureJarResource(architectury)]
[17:40:13] [main/DEBUG] [mixin/]: Registering mixin config: architectury.mixins.json
[17:40:13] [main/DEBUG] [mixin/]: Compatibility level JAVA_16 specified by architectury.mixins.json is higher than the maximum level supported by this version of mixin (JAVA_13).
[17:40:13] [main/DEBUG] [mixin/]: Registering mixin config: architectury-common.mixins.json
[17:40:13] [main/DEBUG] [mixin/]: Compatibility level JAVA_16 specified by architectury-common.mixins.json is higher than the maximum level supported by this version of mixin (JAVA_13).
[17:40:13] [main/DEBUG] [mixin/]: Adding mixin platform agents for container SecureJarResource(aiimprovements)
[17:40:13] [main/DEBUG] [mixin/]: Instancing new MixinPlatformAgentMinecraftForge for SecureJarResource(aiimprovements)
[17:40:13] [main/DEBUG] [mixin/]: MixinPlatformAgentMinecraftForge rejected container SecureJarResource(aiimprovements)
[17:40:13] [main/DEBUG] [mixin/]: Instancing new MixinPlatformAgentDefault for SecureJarResource(aiimprovements)
[17:40:13] [main/DEBUG] [mixin/]: MixinPlatformAgentDefault accepted container SecureJarResource(aiimprovements)
[17:40:13] [main/DEBUG] [mixin/]: Processing prepare() for PlatformAgent[MixinPlatformAgentDefault:SecureJarResource(aiimprovements)]
[17:40:13] [main/DEBUG] [mixin/]: Adding mixin platform agents for container SecureJarResource(yet_another_config_lib_v3)
[17:40:13] [main/DEBUG] [mixin/]: Instancing new MixinPlatformAgentMinecraftForge for SecureJarResource(yet_another_config_lib_v3)
[17:40:13] [main/DEBUG] [mixin/]: MixinPlatformAgentMinecraftForge rejected container SecureJarResource(yet_another_config_lib_v3)
[17:40:13] [main/DEBUG] [mixin/]: Instancing new MixinPlatformAgentDefault for SecureJarResource(yet_another_config_lib_v3)
[17:40:13] [main/DEBUG] [mixin/]: MixinPlatformAgentDefault accepted container SecureJarResource(yet_another_config_lib_v3)
[17:40:13] [main/DEBUG] [mixin/]: Processing prepare() for PlatformAgent[MixinPlatformAgentDefault:SecureJarResource(yet_another_config_lib_v3)]
[17:40:13] [main/DEBUG] [mixin/]: Registering mixin config: yacl.mixins.json
[17:40:13] [main/ERROR] [mixin/]: Mixin config yacl.mixins.json does not specify "minVersion" property
[17:40:13] [main/DEBUG] [mixin/]: Adding mixin platform agents for container SecureJarResource(framework)
[17:40:13] [main/DEBUG] [mixin/]: Instancing new MixinPlatformAgentMinecraftForge for SecureJarResource(framework)
[17:40:13] [main/DEBUG] [mixin/]: MixinPlatformAgentMinecraftForge rejected container SecureJarResource(framework)
[17:40:13] [main/DEBUG] [mixin/]: Instancing new MixinPlatformAgentDefault for SecureJarResource(framework)
[17:40:13] [main/DEBUG] [mixin/]: MixinPlatformAgentDefault accepted container SecureJarResource(framework)
[17:40:13] [main/DEBUG] [mixin/]: Processing prepare() for PlatformAgent[MixinPlatformAgentDefault:SecureJarResource(framework)]
[17:40:13] [main/DEBUG] [mixin/]: Adding mixin platform agents for container SecureJarResource(mclib)
[17:40:13] [main/DEBUG] [mixin/]: Instancing new MixinPlatformAgentMinecraftForge for SecureJarResource(mclib)
[17:40:13] [main/DEBUG] [mixin/]: MixinPlatformAgentMinecraftForge rejected container SecureJarResource(mclib)
[17:40:13] [main/DEBUG] [mixin/]: Instancing new MixinPlatformAgentDefault for SecureJarResource(mclib)
[17:40:13] [main/DEBUG] [mixin/]: MixinPlatformAgentDefault accepted container SecureJarResource(mclib)
[17:40:13] [main/DEBUG] [mixin/]: Processing prepare() for PlatformAgent[MixinPlatformAgentDefault:SecureJarResource(mclib)]
[17:40:13] [main/DEBUG] [mixin/]: Adding mixin platform agents for container SecureJarResource(org.quiltmc.parsers.json)
[17:40:13] [main/DEBUG] [mixin/]: Instancing new MixinPlatformAgentMinecraftForge for SecureJarResource(org.quiltmc.parsers.json)
[17:40:13] [main/DEBUG] [mixin/]: MixinPlatformAgentMinecraftForge rejected container SecureJarResource(org.quiltmc.parsers.json)
[17:40:13] [main/DEBUG] [mixin/]: Instancing new MixinPlatformAgentDefault for SecureJarResource(org.quiltmc.parsers.json)
[17:40:13] [main/DEBUG] [mixin/]: MixinPlatformAgentDefault accepted container SecureJarResource(org.quiltmc.parsers.json)
[17:40:13] [main/DEBUG] [mixin/]: Processing prepare() for PlatformAgent[MixinPlatformAgentDefault:SecureJarResource(org.quiltmc.parsers.json)]
[17:40:13] [main/DEBUG] [mixin/]: Adding mixin platform agents for container SecureJarResource(luaj.core.figura)
[17:40:13] [main/DEBUG] [mixin/]: Instancing new MixinPlatformAgentMinecraftForge for SecureJarResource(luaj.core.figura)
[17:40:13] [main/DEBUG] [mixin/]: MixinPlatformAgentMinecraftForge rejected container SecureJarResource(luaj.core.figura)
[17:40:13] [main/DEBUG] [mixin/]: Instancing new MixinPlatformAgentDefault for SecureJarResource(luaj.core.figura)
[17:40:13] [main/DEBUG] [mixin/]: MixinPlatformAgentDefault accepted container SecureJarResource(luaj.core.figura)
[17:40:13] [main/DEBUG] [mixin/]: Processing prepare() for PlatformAgent[MixinPlatformAgentDefault:SecureJarResource(luaj.core.figura)]
[17:40:13] [main/DEBUG] [mixin/]: Adding mixin platform agents for container SecureJarResource(com.twelvemonkeys.imageio.webp)
[17:40:13] [main/DEBUG] [mixin/]: Instancing new MixinPlatformAgentMinecraftForge for SecureJarResource(com.twelvemonkeys.imageio.webp)
[17:40:13] [main/DEBUG] [mixin/]: MixinPlatformAgentMinecraftForge rejected container SecureJarResource(com.twelvemonkeys.imageio.webp)
[17:40:13] [main/DEBUG] [mixin/]: Instancing new MixinPlatformAgentDefault for SecureJarResource(com.twelvemonkeys.imageio.webp)
[17:40:13] [main/DEBUG] [mixin/]: MixinPlatformAgentDefault accepted container SecureJarResource(com.twelvemonkeys.imageio.webp)
[17:40:13] [main/DEBUG] [mixin/]: Processing prepare() for PlatformAgent[MixinPlatformAgentDefault:SecureJarResource(com.twelvemonkeys.imageio.webp)]
[17:40:13] [main/DEBUG] [mixin/]: Adding mixin platform agents for container SecureJarResource(mixinextras)
[17:40:13] [main/DEBUG] [mixin/]: Instancing new MixinPlatformAgentMinecraftForge for SecureJarResource(mixinextras)
[17:40:13] [main/DEBUG] [mixin/]: MixinPlatformAgentMinecraftForge rejected container SecureJarResource(mixinextras)
[17:40:13] [main/DEBUG] [mixin/]: Instancing new MixinPlatformAgentDefault for SecureJarResource(mixinextras)
[17:40:13] [main/DEBUG] [mixin/]: MixinPlatformAgentDefault accepted container SecureJarResource(mixinextras)
[17:40:13] [main/DEBUG] [mixin/]: Processing prepare() for PlatformAgent[MixinPlatformAgentDefault:SecureJarResource(mixinextras)]
[17:40:13] [main/DEBUG] [mixin/]: Registering mixin config: mixinextras.init.mixins.json
[17:40:13] [main/DEBUG] [mixin/]: Adding mixin platform agents for container SecureJarResource(com.twelvemonkeys.common.lang)
[17:40:13] [main/DEBUG] [mixin/]: Instancing new MixinPlatformAgentMinecraftForge for SecureJarResource(com.twelvemonkeys.common.lang)
[17:40:13] [main/DEBUG] [mixin/]: MixinPlatformAgentMinecraftForge rejected container SecureJarResource(com.twelvemonkeys.common.lang)
[17:40:13] [main/DEBUG] [mixin/]: Instancing new MixinPlatformAgentDefault for SecureJarResource(com.twelvemonkeys.common.lang)
[17:40:13] [main/DEBUG] [mixin/]: MixinPlatformAgentDefault accepted container SecureJarResource(com.twelvemonkeys.common.lang)
[17:40:13] [main/DEBUG] [mixin/]: Processing prepare() for PlatformAgent[MixinPlatformAgentDefault:SecureJarResource(com.twelvemonkeys.common.lang)]
[17:40:13] [main/DEBUG] [mixin/]: Adding mixin platform agents for container SecureJarResource(com.twelvemonkeys.imageio.metadata)
[17:40:13] [main/DEBUG] [mixin/]: Instancing new MixinPlatformAgentMinecraftForge for SecureJarResource(com.twelvemonkeys.imageio.metadata)
[17:40:13] [main/DEBUG] [mixin/]: MixinPlatformAgentMinecraftForge rejected container SecureJarResource(com.twelvemonkeys.imageio.metadata)
[17:40:13] [main/DEBUG] [mixin/]: Instancing new MixinPlatformAgentDefault for SecureJarResource(com.twelvemonkeys.imageio.metadata)
[17:40:13] [main/DEBUG] [mixin/]: MixinPlatformAgentDefault accepted container SecureJarResource(com.twelvemonkeys.imageio.metadata)
[17:40:13] [main/DEBUG] [mixin/]: Processing prepare() for PlatformAgent[MixinPlatformAgentDefault:SecureJarResource(com.twelvemonkeys.imageio.metadata)]
[17:40:13] [main/DEBUG] [mixin/]: Adding mixin platform agents for container SecureJarResource(com.twelvemonkeys.common.image)
[17:40:13] [main/DEBUG] [mixin/]: Instancing new MixinPlatformAgentMinecraftForge for SecureJarResource(com.twelvemonkeys.common.image)
[17:40:13] [main/DEBUG] [mixin/]: MixinPlatformAgentMinecraftForge rejected container SecureJarResource(com.twelvemonkeys.common.image)
[17:40:13] [main/DEBUG] [mixin/]: Instancing new MixinPlatformAgentDefault for SecureJarResource(com.twelvemonkeys.common.image)
[17:40:13] [main/DEBUG] [mixin/]: MixinPlatformAgentDefault accepted container SecureJarResource(com.twelvemonkeys.common.image)
[17:40:13] [main/DEBUG] [mixin/]: Processing prepare() for PlatformAgent[MixinPlatformAgentDefault:SecureJarResource(com.twelvemonkeys.common.image)]
[17:40:13] [main/DEBUG] [mixin/]: Adding mixin platform agents for container SecureJarResource(mae)
[17:40:13] [main/DEBUG] [mixin/]: Instancing new MixinPlatformAgentMinecraftForge for SecureJarResource(mae)
[17:40:13] [main/DEBUG] [mixin/]: MixinPlatformAgentMinecraftForge rejected container SecureJarResource(mae)
[17:40:13] [main/DEBUG] [mixin/]: Instancing new MixinPlatformAgentDefault for SecureJarResource(mae)
[17:40:13] [main/DEBUG] [mixin/]: MixinPlatformAgentDefault accepted container SecureJarResource(mae)
[17:40:13] [main/DEBUG] [mixin/]: Processing prepare() for PlatformAgent[MixinPlatformAgentDefault:SecureJarResource(mae)]
[17:40:13] [main/DEBUG] [mixin/]: Adding mixin platform agents for container SecureJarResource(luaj.jse.figura)
[17:40:13] [main/DEBUG] [mixin/]: Instancing new MixinPlatformAgentMinecraftForge for SecureJarResource(luaj.jse.figura)
[17:40:13] [main/DEBUG] [mixin/]: MixinPlatformAgentMinecraftForge rejected container SecureJarResource(luaj.jse.figura)
[17:40:13] [main/DEBUG] [mixin/]: Instancing new MixinPlatformAgentDefault for SecureJarResource(luaj.jse.figura)
[17:40:13] [main/DEBUG] [mixin/]: MixinPlatformAgentDefault accepted container SecureJarResource(luaj.jse.figura)
[17:40:13] [main/DEBUG] [mixin/]: Processing prepare() for PlatformAgent[MixinPlatformAgentDefault:SecureJarResource(luaj.jse.figura)]
[17:40:13] [main/DEBUG] [mixin/]: Adding mixin platform agents for container SecureJarResource(org.apache.bcel)
[17:40:13] [main/DEBUG] [mixin/]: Instancing new MixinPlatformAgentMinecraftForge for SecureJarResource(org.apache.bcel)
[17:40:13] [main/DEBUG] [mixin/]: MixinPlatformAgentMinecraftForge rejected container SecureJarResource(org.apache.bcel)
[17:40:13] [main/DEBUG] [mixin/]: Instancing new MixinPlatformAgentDefault for SecureJarResource(org.apache.bcel)
[17:40:13] [main/DEBUG] [mixin/]: MixinPlatformAgentDefault accepted container SecureJarResource(org.apache.bcel)
[17:40:13] [main/DEBUG] [mixin/]: Processing prepare() for PlatformAgent[MixinPlatformAgentDefault:SecureJarResource(org.apache.bcel)]
[17:40:13] [main/DEBUG] [mixin/]: Adding mixin platform agents for container SecureJarResource(com.twelvemonkeys.imageio.core)
[17:40:13] [main/DEBUG] [mixin/]: Instancing new MixinPlatformAgentMinecraftForge for SecureJarResource(com.twelvemonkeys.imageio.core)
[17:40:13] [main/DEBUG] [mixin/]: MixinPlatformAgentMinecraftForge rejected container SecureJarResource(com.twelvemonkeys.imageio.core)
[17:40:13] [main/DEBUG] [mixin/]: Instancing new MixinPlatformAgentDefault for SecureJarResource(com.twelvemonkeys.imageio.core)
[17:40:13] [main/DEBUG] [mixin/]: MixinPlatformAgentDefault accepted container SecureJarResource(com.twelvemonkeys.imageio.core)
[17:40:13] [main/DEBUG] [mixin/]: Processing prepare() for PlatformAgent[MixinPlatformAgentDefault:SecureJarResource(com.twelvemonkeys.imageio.core)]
[17:40:13] [main/DEBUG] [mixin/]: Adding mixin platform agents for container SecureJarResource(MixinSquared)
[17:40:13] [main/DEBUG] [mixin/]: Instancing new MixinPlatformAgentMinecraftForge for SecureJarResource(MixinSquared)
[17:40:13] [main/DEBUG] [mixin/]: MixinPlatformAgentMinecraftForge rejected container SecureJarResource(MixinSquared)
[17:40:13] [main/DEBUG] [mixin/]: Instancing new MixinPlatformAgentDefault for SecureJarResource(MixinSquared)
[17:40:13] [main/DEBUG] [mixin/]: MixinPlatformAgentDefault accepted container SecureJarResource(MixinSquared)
[17:40:13] [main/DEBUG] [mixin/]: Processing prepare() for PlatformAgent[MixinPlatformAgentDefault:SecureJarResource(MixinSquared)]
[17:40:13] [main/DEBUG] [mixin/]: Adding mixin platform agents for container SecureJarResource(thedarkcolour.kotlinforforge.kfflib)
[17:40:13] [main/DEBUG] [mixin/]: Instancing new MixinPlatformAgentMinecraftForge for SecureJarResource(thedarkcolour.kotlinforforge.kfflib)
[17:40:13] [main/DEBUG] [mixin/]: MixinPlatformAgentMinecraftForge rejected container SecureJarResource(thedarkcolour.kotlinforforge.kfflib)
[17:40:13] [main/DEBUG] [mixin/]: Instancing new MixinPlatformAgentDefault for SecureJarResource(thedarkcolour.kotlinforforge.kfflib)
[17:40:13] [main/DEBUG] [mixin/]: MixinPlatformAgentDefault accepted container SecureJarResource(thedarkcolour.kotlinforforge.kfflib)
[17:40:13] [main/DEBUG] [mixin/]: Processing prepare() for PlatformAgent[MixinPlatformAgentDefault:SecureJarResource(thedarkcolour.kotlinforforge.kfflib)]
[17:40:13] [main/DEBUG] [mixin/]: Adding mixin platform agents for container SecureJarResource(com.twelvemonkeys.common.io)
[17:40:13] [main/DEBUG] [mixin/]: Instancing new MixinPlatformAgentMinecraftForge for SecureJarResource(com.twelvemonkeys.common.io)
[17:40:13] [main/DEBUG] [mixin/]: MixinPlatformAgentMinecraftForge rejected container SecureJarResource(com.twelvemonkeys.common.io)
[17:40:13] [main/DEBUG] [mixin/]: Instancing new MixinPlatformAgentDefault for SecureJarResource(com.twelvemonkeys.common.io)
[17:40:13] [main/DEBUG] [mixin/]: MixinPlatformAgentDefault accepted container SecureJarResource(com.twelvemonkeys.common.io)
[17:40:13] [main/DEBUG] [mixin/]: Processing prepare() for PlatformAgent[MixinPlatformAgentDefault:SecureJarResource(com.twelvemonkeys.common.io)]
[17:40:13] [main/DEBUG] [mixin/]: Adding mixin platform agents for container SecureJarResource(org.quiltmc.parsers.gson)
[17:40:13] [main/DEBUG] [mixin/]: Instancing new MixinPlatformAgentMinecraftForge for SecureJarResource(org.quiltmc.parsers.gson)
[17:40:13] [main/DEBUG] [mixin/]: MixinPlatformAgentMinecraftForge rejected container SecureJarResource(org.quiltmc.parsers.gson)
[17:40:13] [main/DEBUG] [mixin/]: Instancing new MixinPlatformAgentDefault for SecureJarResource(org.quiltmc.parsers.gson)
[17:40:13] [main/DEBUG] [mixin/]: MixinPlatformAgentDefault accepted container SecureJarResource(org.quiltmc.parsers.gson)
[17:40:13] [main/DEBUG] [mixin/]: Processing prepare() for PlatformAgent[MixinPlatformAgentDefault:SecureJarResource(org.quiltmc.parsers.gson)]
[17:40:13] [main/DEBUG] [mixin/]: Adding mixin platform agents for container SecureJarResource(MixinExtras)
[17:40:13] [main/DEBUG] [mixin/]: Instancing new MixinPlatformAgentMinecraftForge for SecureJarResource(MixinExtras)
[17:40:13] [main/DEBUG] [mixin/]: MixinPlatformAgentMinecraftForge rejected container SecureJarResource(MixinExtras)
[17:40:13] [main/DEBUG] [mixin/]: Instancing new MixinPlatformAgentDefault for SecureJarResource(MixinExtras)
[17:40:13] [main/DEBUG] [mixin/]: MixinPlatformAgentDefault accepted container SecureJarResource(MixinExtras)
[17:40:13] [main/DEBUG] [mixin/]: Processing prepare() for PlatformAgent[MixinPlatformAgentDefault:SecureJarResource(MixinExtras)]
[17:40:13] [main/DEBUG] [mixin/]: Adding mixin platform agents for container SecureJarResource(commons.math3)
[17:40:13] [main/DEBUG] [mixin/]: Instancing new MixinPlatformAgentMinecraftForge for SecureJarResource(commons.math3)
[17:40:13] [main/DEBUG] [mixin/]: MixinPlatformAgentMinecraftForge rejected container SecureJarResource(commons.math3)
[17:40:13] [main/DEBUG] [mixin/]: Instancing new MixinPlatformAgentDefault for SecureJarResource(commons.math3)
[17:40:13] [main/DEBUG] [mixin/]: MixinPlatformAgentDefault accepted container SecureJarResource(commons.math3)
[17:40:13] [main/DEBUG] [mixin/]: Processing prepare() for PlatformAgent[MixinPlatformAgentDefault:SecureJarResource(commons.math3)]
[17:40:13] [main/DEBUG] [mixin/]: inject() running with 72 agents
[17:40:13] [main/DEBUG] [mixin/]: Processing inject() for PlatformAgent[MixinPlatformAgentDefault:ModLauncher Root Container(ModLauncher:4f56a0a2)]
[17:40:13] [main/DEBUG] [mixin/]: Processing inject() for PlatformAgent[MixinPlatformAgentDefault:SecureJarResource(e_ab_i_wt)]
[17:40:13] [main/DEBUG] [mixin/]: Processing inject() for PlatformAgent[MixinPlatformAgentDefault:SecureJarResource(mcpubg)]
[17:40:13] [main/DEBUG] [mixin/]: Processing inject() for PlatformAgent[MixinPlatformAgentDefault:SecureJarResource(geckolib)]
[17:40:13] [main/DEBUG] [mixin/]: Processing inject() for PlatformAgent[MixinPlatformAgentDefault:SecureJarResource(dyairdrop)]
[17:40:13] [main/DEBUG] [mixin/]: Processing inject() for PlatformAgent[MixinPlatformAgentDefault:SecureJarResource(tacz)]
[17:40:13] [main/DEBUG] [mixin/]: Processing inject() for PlatformAgent[MixinPlatformAgentDefault:SecureJarResource(sophisticatedcore)]
[17:40:13] [main/DEBUG] [mixin/]: Processing inject() for PlatformAgent[MixinPlatformAgentDefault:SecureJarResource(immersive_weathering)]
[17:40:13] [main/DEBUG] [mixin/]: Processing inject() for PlatformAgent[MixinPlatformAgentDefault:SecureJarResource(marbledsarsenal)]
[17:40:13] [main/DEBUG] [mixin/]: Processing inject() for PlatformAgent[MixinPlatformAgentDefault:SecureJarResource(tacztweaks)]
[17:40:13] [main/DEBUG] [mixin/]: Processing inject() for PlatformAgent[MixinPlatformAgentDefault:SecureJarResource(journeymap)]
[17:40:13] [main/DEBUG] [mixin/]: Processing inject() for PlatformAgent[MixinPlatformAgentDefault:SecureJarResource(berezka_api)]
[17:40:13] [main/DEBUG] [mixin/]: Processing inject() for PlatformAgent[MixinPlatformAgentDefault:SecureJarResource(citadel)]
[17:40:13] [main/DEBUG] [mixin/]: Processing inject() for PlatformAgent[MixinPlatformAgentDefault:SecureJarResource(zombieawareness)]
[17:40:13] [main/DEBUG] [mixin/]: Processing inject() for PlatformAgent[MixinPlatformAgentDefault:SecureJarResource(mcore)]
[17:40:13] [main/DEBUG] [mixin/]: Processing inject() for PlatformAgent[MixinPlatformAgentDefault:SecureJarResource(badmobs)]
[17:40:13] [main/DEBUG] [mixin/]: Processing inject() for PlatformAgent[MixinPlatformAgentDefault:SecureJarResource(sophisticatedbackpacks)]
[17:40:13] [main/DEBUG] [mixin/]: Processing inject() for PlatformAgent[MixinPlatformAgentDefault:SecureJarResource(superbwarfare)]
[17:40:13] [main/DEBUG] [mixin/]: Processing inject() for PlatformAgent[MixinPlatformAgentDefault:SecureJarResource(hordes)]
[17:40:13] [main/DEBUG] [mixin/]: Processing inject() for PlatformAgent[MixinPlatformAgentDefault:SecureJarResource(nomindlessshooting)]
[17:40:13] [main/DEBUG] [mixin/]: Processing inject() for PlatformAgent[MixinPlatformAgentDefault:SecureJarResource(cloth_config)]
[17:40:13] [main/DEBUG] [mixin/]: Processing inject() for PlatformAgent[MixinPlatformAgentDefault:SecureJarResource(forge)]
[17:40:13] [main/DEBUG] [mixin/]: Processing inject() for PlatformAgent[MixinPlatformAgentDefault:SecureJarResource(supressingtagz)]
[17:40:13] [main/DEBUG] [mixin/]: Processing inject() for PlatformAgent[MixinPlatformAgentDefault:SecureJarResource(rbi)]
[17:40:13] [main/DEBUG] [mixin/]: Processing inject() for PlatformAgent[MixinPlatformAgentDefault:SecureJarResource(taczmeshloader)]
[17:40:13] [main/DEBUG] [mixin/]: Processing inject() for PlatformAgent[MixinPlatformAgentDefault:SecureJarResource(accuratehitboxes)]
[17:40:13] [main/DEBUG] [mixin/]: Processing inject() for PlatformAgent[MixinPlatformAgentDefault:SecureJarResource(minecraft)]
[17:40:13] [main/DEBUG] [mixin/]: Processing inject() for PlatformAgent[MixinPlatformAgentDefault:SecureJarResource(farmersdelight)]
[17:40:13] [main/DEBUG] [mixin/]: Processing inject() for PlatformAgent[MixinPlatformAgentDefault:SecureJarResource(immersive_ballistic)]
[17:40:13] [main/DEBUG] [mixin/]: Processing inject() for PlatformAgent[MixinPlatformAgentDefault:SecureJarResource(terrablender)]
[17:40:13] [main/DEBUG] [mixin/]: Processing inject() for PlatformAgent[MixinPlatformAgentDefault:SecureJarResource(moonlight)]
[17:40:13] [main/DEBUG] [mixin/]: Processing inject() for PlatformAgent[MixinPlatformAgentDefault:SecureJarResource(mixinsquared)]
[17:40:13] [main/DEBUG] [mixin/]: Processing inject() for PlatformAgent[MixinPlatformAgentDefault:SecureJarResource(survival_instinct)]
[17:40:13] [main/DEBUG] [mixin/]: Processing inject() for PlatformAgent[MixinPlatformAgentDefault:SecureJarResource(lrtactical)]
[17:40:13] [main/DEBUG] [mixin/]: Processing inject() for PlatformAgent[MixinPlatformAgentDefault:SecureJarResource(kotlinforforge)]
[17:40:13] [main/DEBUG] [mixin/]: Processing inject() for PlatformAgent[MixinPlatformAgentDefault:SecureJarResource(jmvworldborder)]
[17:40:13] [main/DEBUG] [mixin/]: Processing inject() for PlatformAgent[MixinPlatformAgentDefault:SecureJarResource(tacz_realisticblood)]
[17:40:13] [main/DEBUG] [mixin/]: Processing inject() for PlatformAgent[MixinPlatformAgentDefault:SecureJarResource(curios)]
[17:40:13] [main/DEBUG] [mixin/]: Processing inject() for PlatformAgent[MixinPlatformAgentDefault:SecureJarResource(ragdollified)]
[17:40:13] [main/DEBUG] [mixin/]: Processing inject() for PlatformAgent[MixinPlatformAgentDefault:SecureJarResource(simplebedrockmodel)]
[17:40:13] [main/DEBUG] [mixin/]: Processing inject() for PlatformAgent[MixinPlatformAgentDefault:SecureJarResource(endlessammo)]
[17:40:13] [main/DEBUG] [mixin/]: Processing inject() for PlatformAgent[MixinPlatformAgentDefault:SecureJarResource(lootchestrefill)]
[17:40:13] [main/DEBUG] [mixin/]: Processing inject() for PlatformAgent[MixinPlatformAgentDefault:SecureJarResource(parcool)]
[17:40:13] [main/DEBUG] [mixin/]: Processing inject() for PlatformAgent[MixinPlatformAgentDefault:SecureJarResource(chaoszprojectbandits)]
[17:40:13] [main/DEBUG] [mixin/]: Processing inject() for PlatformAgent[MixinPlatformAgentDefault:SecureJarResource(taczadditions)]
[17:40:13] [main/DEBUG] [mixin/]: Processing inject() for PlatformAgent[MixinPlatformAgentDefault:SecureJarResource(lostcities)]
[17:40:13] [main/DEBUG] [mixin/]: Processing inject() for PlatformAgent[MixinPlatformAgentDefault:SecureJarResource(keerdm_zombie_essentials)]
[17:40:13] [main/DEBUG] [mixin/]: Processing inject() for PlatformAgent[MixinPlatformAgentDefault:SecureJarResource(tacticalvests)]
[17:40:13] [main/DEBUG] [mixin/]: Processing inject() for PlatformAgent[MixinPlatformAgentDefault:SecureJarResource(atlaslib)]
[17:40:13] [main/DEBUG] [mixin/]: Processing inject() for PlatformAgent[MixinPlatformAgentDefault:SecureJarResource(coroutil)]
[17:40:13] [main/DEBUG] [mixin/]: Processing inject() for PlatformAgent[MixinPlatformAgentDefault:SecureJarResource(architectury)]
[17:40:13] [main/DEBUG] [mixin/]: Processing inject() for PlatformAgent[MixinPlatformAgentDefault:SecureJarResource(aiimprovements)]
[17:40:13] [main/DEBUG] [mixin/]: Processing inject() for PlatformAgent[MixinPlatformAgentDefault:SecureJarResource(yet_another_config_lib_v3)]
[17:40:13] [main/DEBUG] [mixin/]: Processing inject() for PlatformAgent[MixinPlatformAgentDefault:SecureJarResource(framework)]
[17:40:13] [main/DEBUG] [mixin/]: Processing inject() for PlatformAgent[MixinPlatformAgentDefault:SecureJarResource(mclib)]
[17:40:13] [main/DEBUG] [mixin/]: Processing inject() for PlatformAgent[MixinPlatformAgentDefault:SecureJarResource(org.quiltmc.parsers.json)]
[17:40:13] [main/DEBUG] [mixin/]: Processing inject() for PlatformAgent[MixinPlatformAgentDefault:SecureJarResource(luaj.core.figura)]
[17:40:13] [main/DEBUG] [mixin/]: Processing inject() for PlatformAgent[MixinPlatformAgentDefault:SecureJarResource(com.twelvemonkeys.imageio.webp)]
[17:40:13] [main/DEBUG] [mixin/]: Processing inject() for PlatformAgent[MixinPlatformAgentDefault:SecureJarResource(mixinextras)]
[17:40:13] [main/DEBUG] [mixin/]: Processing inject() for PlatformAgent[MixinPlatformAgentDefault:SecureJarResource(com.twelvemonkeys.common.lang)]
[17:40:13] [main/DEBUG] [mixin/]: Processing inject() for PlatformAgent[MixinPlatformAgentDefault:SecureJarResource(com.twelvemonkeys.imageio.metadata)]
[17:40:13] [main/DEBUG] [mixin/]: Processing inject() for PlatformAgent[MixinPlatformAgentDefault:SecureJarResource(com.twelvemonkeys.common.image)]
[17:40:13] [main/DEBUG] [mixin/]: Processing inject() for PlatformAgent[MixinPlatformAgentDefault:SecureJarResource(mae)]
[17:40:13] [main/DEBUG] [mixin/]: Processing inject() for PlatformAgent[MixinPlatformAgentDefault:SecureJarResource(luaj.jse.figura)]
[17:40:13] [main/DEBUG] [mixin/]: Processing inject() for PlatformAgent[MixinPlatformAgentDefault:SecureJarResource(org.apache.bcel)]
[17:40:13] [main/DEBUG] [mixin/]: Processing inject() for PlatformAgent[MixinPlatformAgentDefault:SecureJarResource(com.twelvemonkeys.imageio.core)]
[17:40:13] [main/DEBUG] [mixin/]: Processing inject() for PlatformAgent[MixinPlatformAgentDefault:SecureJarResource(MixinSquared)]
[17:40:13] [main/DEBUG] [mixin/]: Processing inject() for PlatformAgent[MixinPlatformAgentDefault:SecureJarResource(thedarkcolour.kotlinforforge.kfflib)]
[17:40:13] [main/DEBUG] [mixin/]: Processing inject() for PlatformAgent[MixinPlatformAgentDefault:SecureJarResource(com.twelvemonkeys.common.io)]
[17:40:13] [main/DEBUG] [mixin/]: Processing inject() for PlatformAgent[MixinPlatformAgentDefault:SecureJarResource(org.quiltmc.parsers.gson)]
[17:40:13] [main/DEBUG] [mixin/]: Processing inject() for PlatformAgent[MixinPlatformAgentDefault:SecureJarResource(MixinExtras)]
[17:40:13] [main/DEBUG] [mixin/]: Processing inject() for PlatformAgent[MixinPlatformAgentDefault:SecureJarResource(commons.math3)]
[17:40:13] [main/INFO] [cp.mo.mo.LaunchServiceHandler/MODLAUNCHER]: Launching target 'forgeclient' with arguments [--version, 1.20.1-forge-47.4.10, --gameDir, D:\2026WORK\MCPubgLauncherV2\.runtime\clean, --assetsDir, D:\2026WORK\MCPubgLauncherV2\.runtime\clean\assets, --uuid, 00000000000000000000000000000000, --username, DemoPlayer, --assetIndex, 5, --accessToken, ????????, --clientId, ${clientid}, --xuid, ${auth_xuid}, --userType, msa, --versionType, release, --height, 700, --width, 1100, --demo]
[17:40:13] [main/DEBUG] [mixin/]: Error cleaning class output directory: .mixin.out
[17:40:13] [main/DEBUG] [mixin/]: Preparing mixins for MixinEnvironment[DEFAULT]
[17:40:13] [main/DEBUG] [mixin/]: Selecting config geckolib.mixins.json
[17:40:13] [main/DEBUG] [mixin/]: Selecting config tacz.mixins.json
[17:40:13] [main/DEBUG] [mixin/]: Selecting config tacz.compat.acceleratedrendering.mixins.json
[17:40:13] [main/DEBUG] [mixin/]: Selecting config sophisticatedcore.mixins.json
[17:40:13] [main/DEBUG] [mixin/]: Selecting config sophisticatedcore.create.mixins.json
[17:40:13] [main/DEBUG] [mixin/]: Selecting config immersive_weathering-common.mixins.json
[17:40:13] [main/DEBUG] [mixin/]: Selecting config immersive_weathering.mixins.json
[17:40:13] [main/DEBUG] [mixin/]: Selecting config tacztweaks.mixins.json
[17:40:13] [main/DEBUG] [mixin/]: Selecting config journeymap.mixins.json
[17:40:13] [main/DEBUG] [mixin/]: Selecting config berezka_api.mixins.json
[17:40:13] [main/DEBUG] [mixin/]: Selecting config citadel.mixins.json
[17:40:13] [main/DEBUG] [mixin/]: Selecting config zombieawareness.mixins.json
[17:40:13] [main/DEBUG] [mixin/]: Selecting config sophisticatedbackpacks.mixins.json
[17:40:13] [main/DEBUG] [mixin/]: Selecting config mixins.superbwarfare.json
[17:40:13] [main/DEBUG] [mixin/]: Selecting config hordes.mixin.json
[17:40:13] [main/DEBUG] [mixin/]: Selecting config supressingtagz.mixins.json
[17:40:13] [main/WARN] [mixin/]: Reference map 'SupressingTAGZ.refmap.json' for supressingtagz.mixins.json could not be read. If this is a development environment you can ignore this message
[17:40:13] [main/DEBUG] [mixin/]: Selecting config rbi.mixins.json
[17:40:13] [main/WARN] [mixin/]: Reference map 'rbi.refmap.json' for rbi.mixins.json could not be read. If this is a development environment you can ignore this message
[17:40:13] [main/DEBUG] [mixin/]: Selecting config taczmeshloader.mixins.json
[17:40:13] [main/DEBUG] [mixin/]: Selecting config accuratehitboxes.mixins.json
[17:40:13] [main/DEBUG] [mixin/]: Selecting config accuratehitboxes.client.mixins.json
[17:40:14] [main/DEBUG] [mixin/]: Selecting config accuratehitboxes.compat.mixins.json
[17:40:14] [main/DEBUG] [mixin/]: Selecting config accuratehitboxes.tacz.mixins.json
[17:40:14] [main/DEBUG] [mixin/]: Selecting config farmersdelight.mixins.json
[17:40:14] [main/DEBUG] [mixin/]: Selecting config immersive_ballistic.mixins.json
[17:40:14] [main/DEBUG] [mixin/]: Selecting config terrablender.mixins.json
[17:40:14] [main/DEBUG] [mixin/]: Selecting config terrablender_forge.mixins.json
[17:40:14] [main/DEBUG] [mixin/]: Selecting config moonlight-common.mixins.json
[17:40:14] [main/DEBUG] [mixin/]: Selecting config moonlight.mixins.json
[17:40:14] [main/DEBUG] [mixin/]: Selecting config mixinsquared.init.mixins.json
[17:40:14] [main/DEBUG] [mixin/]: Registering new target selector for @mixinsquared:handler with com.bawnorton.mixinsquared.selector.DynamicSelectorHandler
[17:40:14] [main/DEBUG] [mixinsquared/]: Registered canceller me.muksc.tacztweaks.ModMixinCanceller
[17:40:14] [main/DEBUG] [mixin/]: Selecting config lrtactical.mixins.json
[17:40:14] [main/DEBUG] [mixin/]: Selecting config curios.mixins.json
[17:40:14] [main/DEBUG] [mixin/]: Selecting config ragdollified.mixins.json
[17:40:14] [main/DEBUG] [mixin/]: Selecting config simplebedrockmodel.mixins.json
[17:40:14] [main/DEBUG] [mixin/]: Selecting config parcool.mixins.json
[17:40:14] [main/DEBUG] [mixin/]: Selecting config taczadditions.mixins.json
[17:40:14] [main/DEBUG] [mixin/]: Selecting config coroutil.mixins.json
[17:40:14] [main/WARN] [mixin/]: Reference map 'coroutil.refmap.json' for coroutil.mixins.json could not be read. If this is a development environment you can ignore this message
[17:40:14] [main/DEBUG] [mixin/]: Selecting config architectury.mixins.json
[17:40:14] [main/DEBUG] [mixin/]: Selecting config architectury-common.mixins.json
[17:40:14] [main/DEBUG] [mixin/]: Selecting config yacl.mixins.json
[17:40:14] [main/DEBUG] [mixin/]: Selecting config mixinextras.init.mixins.json
[17:40:14] [main/DEBUG] [MixinExtras|Service/]: com.llamalad7.mixinextras.service.MixinExtrasServiceImpl(version=0.5.0) is taking over from null
[17:40:14] [main/DEBUG] [mixin/]: Registering new injector for @Inject with org.spongepowered.asm.mixin.injection.struct.CallbackInjectionInfo
[17:40:14] [main/DEBUG] [mixin/]: Registering new injector for @ModifyArg with org.spongepowered.asm.mixin.injection.struct.ModifyArgInjectionInfo
[17:40:14] [main/DEBUG] [mixin/]: Registering new injector for @ModifyArgs with org.spongepowered.asm.mixin.injection.struct.ModifyArgsInjectionInfo
[17:40:14] [main/DEBUG] [mixin/]: Registering new injector for @Redirect with org.spongepowered.asm.mixin.injection.struct.RedirectInjectionInfo
[17:40:14] [main/DEBUG] [mixin/]: Registering new injector for @ModifyVariable with org.spongepowered.asm.mixin.injection.struct.ModifyVariableInjectionInfo
[17:40:14] [main/DEBUG] [mixin/]: Registering new injector for @ModifyConstant with org.spongepowered.asm.mixin.injection.struct.ModifyConstantInjectionInfo
[17:40:14] [main/DEBUG] [mixin/]: Preparing geckolib.mixins.json (1)
[17:40:14] [main/DEBUG] [mixin/]: Preparing tacz.mixins.json (15)
[17:40:14] [main/DEBUG] [ne.mi.co.tr.CoreModBaseTransformer/COREMOD]: Transforming net/minecraft/world/level/block/StairBlock
[17:40:14] [main/DEBUG] [mixin/]: Preparing tacz.compat.acceleratedrendering.mixins.json (1)
[17:40:14] [main/DEBUG] [mixin/]: Preparing sophisticatedcore.mixins.json (3)
[17:40:14] [main/DEBUG] [mixin/]: Preparing sophisticatedcore.create.mixins.json (1)
[17:40:14] [main/DEBUG] [mixin/]: Preparing immersive_weathering-common.mixins.json (26)
[17:40:14] [main/DEBUG] [ne.mi.co.tr.CoreModBaseTransformer/COREMOD]: Transforming net/minecraft/world/level/block/LiquidBlock
[17:40:14] [main/DEBUG] [ne.mi.co.tr.CoreModBaseTransformer/COREMOD]: Transforming net/minecraft/world/level/biome/Biome
[17:40:14] [main/DEBUG] [mixin/]: Preparing immersive_weathering.mixins.json (5)
[17:40:14] [main/DEBUG] [mixin/]: Preparing tacztweaks.mixins.json (95)
[17:40:14] [main/DEBUG] [mixin/]: Preparing journeymap.mixins.json (3)
[17:40:14] [main/DEBUG] [mixin/]: Preparing berezka_api.mixins.json (1)
[17:40:14] [main/DEBUG] [mixin/]: Preparing citadel.mixins.json (16)
[17:40:14] [main/DEBUG] [mixin/]: Preparing zombieawareness.mixins.json (4)
[17:40:14] [main/DEBUG] [mixin/]: Preparing sophisticatedbackpacks.mixins.json (1)
[17:40:14] [main/DEBUG] [mixin/]: Preparing mixins.superbwarfare.json (36)
[17:40:14] [main/DEBUG] [ne.mi.co.tr.CoreModBaseTransformer/COREMOD]: Transforming net/minecraft/world/entity/npc/Villager
[17:40:15] [main/DEBUG] [mixin/]: Preparing hordes.mixin.json (26)
[17:40:15] [main/DEBUG] [ne.mi.co.tr.CoreModBaseTransformer/COREMOD]: Transforming net/minecraft/world/entity/monster/Zombie
[17:40:15] [main/DEBUG] [ne.mi.co.tr.CoreModBaseTransformer/COREMOD]: Transforming net/minecraft/world/entity/monster/ZombieVillager
[17:40:15] [main/DEBUG] [mixin/]: Preparing supressingtagz.mixins.json (0)
[17:40:15] [main/DEBUG] [mixin/]: Preparing rbi.mixins.json (1)
>>> [SHRAPNEL PLUGIN] Superb Warfare detected: true. Applying fix.
[17:40:15] [main/DEBUG] [mixin/]: Preparing taczmeshloader.mixins.json (7)
[17:40:15] [main/DEBUG] [mixin/]: Preparing accuratehitboxes.mixins.json (2)
[17:40:15] [main/DEBUG] [mixin/]: Preparing accuratehitboxes.client.mixins.json (6)
[17:40:15] [main/DEBUG] [mixin/]: Preparing accuratehitboxes.compat.mixins.json (1)
[17:40:15] [main/DEBUG] [mixin/]: Preparing accuratehitboxes.tacz.mixins.json (1)
[17:40:15] [main/DEBUG] [mixin/]: Preparing farmersdelight.mixins.json (14)
[17:40:15] [main/DEBUG] [mixin/]: Preparing immersive_ballistic.mixins.json (1)
[17:40:15] [main/DEBUG] [mixin/]: Preparing terrablender.mixins.json (7)
[17:40:15] [main/DEBUG] [mixin/]: Preparing terrablender_forge.mixins.json (0)
[17:40:15] [main/DEBUG] [mixin/]: Preparing moonlight-common.mixins.json (40)
[17:40:15] [main/DEBUG] [mixin/]: Preparing moonlight.mixins.json (13)
[17:40:15] [main/DEBUG] [mixin/]: Preparing mixinsquared.init.mixins.json (0)
[17:40:15] [main/DEBUG] [mixin/]: Preparing lrtactical.mixins.json (8)
[17:40:15] [main/DEBUG] [mixin/]: Preparing curios.mixins.json (13)
[17:40:15] [main/DEBUG] [mixin/]: Preparing ragdollified.mixins.json (3)
[17:40:15] [main/DEBUG] [mixin/]: Preparing simplebedrockmodel.mixins.json (4)
[17:40:15] [main/DEBUG] [mixin/]: Preparing parcool.mixins.json (10)
[17:40:15] [main/DEBUG] [mixin/]: Preparing taczadditions.mixins.json (15)
[17:40:15] [main/WARN] [mixin/]: Error loading class: toni/sodiumdynamiclights/SodiumDynamicLights (java.lang.ClassNotFoundException: toni.sodiumdynamiclights.SodiumDynamicLights)
[17:40:15] [main/WARN] [mixin/]: @Mixin target toni.sodiumdynamiclights.SodiumDynamicLights was not found taczadditions.mixins.json:SodiumSelfLuminanceMixin
[17:40:15] [main/DEBUG] [mixin/]: Preparing coroutil.mixins.json (0)
[17:40:15] [main/DEBUG] [mixin/]: Preparing architectury.mixins.json (9)
[17:40:15] [main/DEBUG] [mixin/]: Preparing architectury-common.mixins.json (10)
[17:40:15] [main/DEBUG] [ne.mi.co.tr.CoreModBaseTransformer/COREMOD]: Transforming net/minecraft/world/item/BucketItem
[17:40:15] [main/DEBUG] [ne.mi.co.tr.CoreModBaseTransformer/COREMOD]: Transforming net/minecraft/world/entity/EntityType
[17:40:15] [main/DEBUG] [mixin/]: Preparing yacl.mixins.json (5)
[17:40:15] [main/DEBUG] [mixin/]: Preparing mixinextras.init.mixins.json (0)
[17:40:15] [main/DEBUG] [mixin/]: Inner class net/mehvahdjukaar/moonlight/core/mixins/forge/ItemMixin$1 in net/mehvahdjukaar/moonlight/core/mixins/forge/ItemMixin on net/minecraft/world/item/Item gets unique name net/minecraft/world/item/Item$Anonymous$50a8b0ab825440cdbb0185b8af843590
[17:40:16] [main/WARN] [mixin/]: Error loading class: org/jetbrains/annotations/ApiStatus$Internal (java.lang.ClassNotFoundException: org.jetbrains.annotations.ApiStatus$Internal)
[17:40:16] [main/DEBUG] [mixin/]: Prepared 379 mixins in 2.092 sec (5.5ms avg) (0ms load, 0ms transform, 0ms plugin)
[17:40:16] [main/INFO] [MixinExtras|Service/]: Initializing MixinExtras via com.llamalad7.mixinextras.service.MixinExtrasServiceImpl(version=0.5.0).
[17:40:16] [main/DEBUG] [mixin/]: Registering new injector for @SugarWrapper with com.llamalad7.mixinextras.sugar.impl.SugarWrapperInjectionInfo
[17:40:16] [main/DEBUG] [mixin/]: Registering new injector for @FactoryRedirectWrapper with com.llamalad7.mixinextras.wrapper.factory.FactoryRedirectWrapperInjectionInfo
[17:40:16] [main/DEBUG] [mixin/]: Registering new injector for @ExpressionInjectorWrapper with com.llamalad7.mixinextras.expression.impl.wrapper.ExpressionInjectorWrapperInjectionInfo
[17:40:16] [main/DEBUG] [mixin/]: Mixing MinecraftMixin from mixins.superbwarfare.json into net.minecraft.client.Minecraft
[17:40:16] [main/DEBUG] [mixin/]: Mixing MinecraftMixin from moonlight-common.mixins.json into net.minecraft.client.Minecraft
[17:40:16] [main/DEBUG] [ne.mi.co.tr.CoreModBaseTransformer/COREMOD]: Transforming net/minecraft/world/item/ItemStack
[17:40:16] [main/DEBUG] [mixin/]: Mixing client.MinecraftMixin from lrtactical.mixins.json into net.minecraft.client.Minecraft
[17:40:16] [main/DEBUG] [mixin/]: lrtactical.mixins.json:client.MinecraftMixin: Class version 61 required is higher than the class version supported by the current version of Mixin (JAVA_8 supports class version 52)
[17:40:16] [main/DEBUG] [mixin/]: Renaming synthetic method lambda$lrtactical$shouldReleaseUsingItem$0(Lme/xjqsh/lrtactical/item/index/ConsumableIndex;)Ljava/lang/Boolean; to mdb1e039$lambda$lrtactical$shouldReleaseUsingItem$0$0 in lrtactical.mixins.json:client.MinecraftMixin
[17:40:16] [main/DEBUG] [mixin/]: Mixing MixinMinecraft from architectury.mixins.json into net.minecraft.client.Minecraft
[17:40:16] [main/DEBUG] [mixin/]: Mixing MinecraftMixin from yacl.mixins.json into net.minecraft.client.Minecraft
[17:40:16] [main/DEBUG] [io.ne.ut.in.lo.InternalLoggerFactory/]: Using SLF4J as the default logging framework
[17:40:16] [main/DEBUG] [io.ne.ut.ResourceLeakDetector/]: -Dio.netty.leakDetection.level: simple
[17:40:16] [main/DEBUG] [io.ne.ut.ResourceLeakDetector/]: -Dio.netty.leakDetection.targetRecords: 4
[17:40:16] [main/DEBUG] [mixin/]: Mixing client.TranslatableContentsMixin from journeymap.mixins.json into net.minecraft.network.chat.contents.TranslatableContents
[17:40:16] [main/DEBUG] [mixin/]: Mixing tweaks.ResourceLocationMixin from tacztweaks.mixins.json into net.minecraft.resources.ResourceLocation
[17:40:16] [main/DEBUG] [mixin/]: tacztweaks.mixins.json:tweaks.ResourceLocationMixin: Class version 61 required is higher than the class version supported by the current version of Mixin (JAVA_8 supports class version 52)
[17:40:16] [main/DEBUG] [os.ut.FileUtil/]: No oshi.properties file found from ClassLoader cpw.mods.modlauncher.TransformingClassLoader@46fc522d
[17:40:17] [main/DEBUG] [os.ut.FileUtil/]: No oshi.architecture.properties file found from ClassLoader cpw.mods.modlauncher.TransformingClassLoader@46fc522d
[17:40:17] [pool-4-thread-1/DEBUG] [mixin/]: Mixing MixinBuiltInRegistries from terrablender.mixins.json into net.minecraft.core.registries.BuiltInRegistries
[17:40:17] [pool-4-thread-1/DEBUG] [mixin/]: Renaming synthetic method lambda$registerSimple$0(Lnet/minecraft/core/registries/BuiltInRegistries$RegistryBootstrap;Lnet/minecraft/core/Registry;)Ljava/lang/Object; to mdb1e039$lambda$registerSimple$0$0 in terrablender.mixins.json:MixinBuiltInRegistries
[17:40:17] [pool-4-thread-1/DEBUG] [mixin/]: Mixing inject.MixinGameEvent from architectury-common.mixins.json into net.minecraft.world.level.gameevent.GameEvent
[17:40:17] [pool-4-thread-1/DEBUG] [mixin/]: Mixing inject.MixinBlock from architectury-common.mixins.json into net.minecraft.world.level.block.Block
[17:40:17] [pool-4-thread-1/DEBUG] [mixin/]: Mixing features.bullet_interactions.BlockBehaviourMixin from tacztweaks.mixins.json into net.minecraft.world.level.block.state.BlockBehaviour
[17:40:17] [pool-4-thread-1/DEBUG] [mixin/]: tacztweaks.mixins.json:features.bullet_interactions.BlockBehaviourMixin: Class version 61 required is higher than the class version supported by the current version of Mixin (JAVA_8 supports class version 52)
[17:40:18] [pool-4-thread-1/DEBUG] [mixin/]: Mixing BlockStateMixin from mixins.superbwarfare.json into net.minecraft.world.level.block.state.BlockBehaviour$BlockStateBase
[17:40:18] [pool-4-thread-1/DEBUG] [mixin/]: Mixing EntityMixin from mixins.superbwarfare.json into net.minecraft.world.entity.Entity
[17:40:18] [pool-4-thread-1/DEBUG] [mixin/]: Mixing SteelPipeFallMixin from mixins.superbwarfare.json into net.minecraft.world.entity.Entity
[17:40:18] [pool-4-thread-1/DEBUG] [mixin/]: Mixing MixinEntity from hordes.mixin.json into net.minecraft.world.entity.Entity
[17:40:18] [pool-4-thread-1/DEBUG] [mixin/]: Mixing EntityMixin from accuratehitboxes.mixins.json into net.minecraft.world.entity.Entity
[17:40:18] [pool-4-thread-1/DEBUG] [mixin/]: Mixing AccessorEntity from curios.mixins.json into net.minecraft.world.entity.Entity
[17:40:18] [pool-4-thread-1/DEBUG] [mixin/]: Mixing common.EntityMixin from parcool.mixins.json into net.minecraft.world.entity.Entity
[17:40:18] [pool-4-thread-1/DEBUG] [mixin/]: Mixing common.LivingEntityMixin from tacz.mixins.json into net.minecraft.world.entity.LivingEntity
[17:40:18] [pool-4-thread-1/DEBUG] [mixin/]: Renaming synthetic method lambda$initialData$0()Lnet/minecraft/world/item/ItemStack; to mdb1e039$lambda$initialData$0$0 in tacz.mixins.json:common.LivingEntityMixin
[17:40:18] [pool-4-thread-1/DEBUG] [mixin/]: Mixing features.bullet_interactions.LivingEntityMixin from tacztweaks.mixins.json into net.minecraft.world.entity.LivingEntity
[17:40:18] [pool-4-thread-1/DEBUG] [mixin/]: tacztweaks.mixins.json:features.bullet_interactions.LivingEntityMixin: Class version 61 required is higher than the class version supported by the current version of Mixin (JAVA_8 supports class version 52)
[17:40:18] [pool-4-thread-1/DEBUG] [mixin/]: Mixing gun.LivingEntityMixin from tacztweaks.mixins.json into net.minecraft.world.entity.LivingEntity
[17:40:18] [pool-4-thread-1/DEBUG] [mixin/]: tacztweaks.mixins.json:gun.LivingEntityMixin: Class version 61 required is higher than the class version supported by the current version of Mixin (JAVA_8 supports class version 52)
[17:40:18] [pool-4-thread-1/DEBUG] [mixin/]: Mixing LivingEntityMixin from citadel.mixins.json into net.minecraft.world.entity.LivingEntity
[17:40:18] [pool-4-thread-1/DEBUG] [mixin/]: Mixing LivingEntityMixin from mixins.superbwarfare.json into net.minecraft.world.entity.LivingEntity
[17:40:18] [pool-4-thread-1/DEBUG] [mixin/]: Mixing MixinLivingEntity from hordes.mixin.json into net.minecraft.world.entity.LivingEntity
[17:40:18] [pool-4-thread-1/DEBUG] [mixin/]: Mixing common.LivingEntityMixin from lrtactical.mixins.json into net.minecraft.world.entity.LivingEntity
[17:40:18] [pool-4-thread-1/DEBUG] [mixin/]: lrtactical.mixins.json:common.LivingEntityMixin: Class version 61 required is higher than the class version supported by the current version of Mixin (JAVA_8 supports class version 52)
[17:40:18] [pool-4-thread-1/DEBUG] [mixin/]: Renaming synthetic method lambda$isBlocking$1(Lme/xjqsh/lrtactical/capability/CustomItemCoolDowns;)Ljava/lang/Boolean; to mdb1e039$lambda$isBlocking$1$1 in lrtactical.mixins.json:common.LivingEntityMixin
[17:40:18] [pool-4-thread-1/DEBUG] [mixin/]: Renaming synthetic method lambda$isDamageSourceBlocked$0(Lme/xjqsh/lrtactical/capability/CustomItemCoolDowns;)Ljava/lang/Boolean; to mdb1e039$lambda$isDamageSourceBlocked$0$2 in lrtactical.mixins.json:common.LivingEntityMixin
[17:40:18] [pool-4-thread-1/DEBUG] [mixin/]: Mixing MixinLivingEntity from curios.mixins.json into net.minecraft.world.entity.LivingEntity
[17:40:18] [pool-4-thread-1/DEBUG] [mixin/]: Mixing common.LivingEntityMixin from parcool.mixins.json into net.minecraft.world.entity.LivingEntity
[17:40:18] [pool-4-thread-1/DEBUG] [mixin/]: Renaming synthetic method lambda$parCool$isCustomLadder$0(Lnet/minecraft/tags/TagKey;)Z to mdb1e039$lambda$parCool$isCustomLadder$0$3 in parcool.mixins.json:common.LivingEntityMixin
[17:40:18] [pool-4-thread-1/DEBUG] [mixin/]: Mixing crawl.LivingEntityMixinMixin from tacztweaks.mixins.json into net.minecraft.world.entity.LivingEntity
[17:40:18] [pool-4-thread-1/DEBUG] [mixin/]: tacztweaks.mixins.json:crawl.LivingEntityMixinMixin: Class version 61 required is higher than the class version supported by the current version of Mixin (JAVA_8 supports class version 52)
[17:40:18] [pool-4-thread-1/DEBUG] [mixin/]: Mixing gun.unload.LivingEntityMixinMixin from tacztweaks.mixins.json into net.minecraft.world.entity.LivingEntity
[17:40:18] [pool-4-thread-1/DEBUG] [mixin/]: tacztweaks.mixins.json:gun.unload.LivingEntityMixinMixin: Class version 61 required is higher than the class version supported by the current version of Mixin (JAVA_8 supports class version 52)
[17:40:18] [pool-4-thread-1/DEBUG] [mixin/]: Mixing BeastMixin from mixins.superbwarfare.json into net.minecraft.world.entity.LivingEntity
[17:40:18] [pool-4-thread-1/DEBUG] [mixin/]: Mixing LevelMixin from citadel.mixins.json into net.minecraft.world.level.Level
[17:40:18] [pool-4-thread-1/DEBUG] [mixin/]: Mixing LevelMixin from mixins.superbwarfare.json into net.minecraft.world.level.Level
[17:40:18] [pool-4-thread-1/DEBUG] [mixin/]: Renaming synthetic method lambda$getEntities$1(Lnet/minecraft/world/phys/AABB;Lorg/spongepowered/asm/mixin/injection/callback/CallbackInfoReturnable;Lnet/minecraft/world/entity/Entity;)V to mdb1e039$lambda$getEntities$1$0 in mixins.superbwarfare.json:LevelMixin
[17:40:18] [pool-4-thread-1/DEBUG] [mixin/]: Renaming synthetic method lambda$getEntities$0(Ljava/util/function/Predicate;Lnet/minecraft/world/entity/Entity;Lnet/minecraft/world/entity/Entity;)Z to mdb1e039$lambda$getEntities$0$1 in mixins.superbwarfare.json:LevelMixin
[17:40:18] [pool-4-thread-1/DEBUG] [mixin/]: Mixing ClientLevelBlockChangeMixin from ragdollified.mixins.json into net.minecraft.world.level.Level
[17:40:18] [pool-4-thread-1/DEBUG] [mixin/]: Mixing ServerLevelMixin from immersive_weathering-common.mixins.json into net.minecraft.server.level.ServerLevel
[17:40:18] [pool-4-thread-1/DEBUG] [mixin/]: Mixing ServerLevelMixin from citadel.mixins.json into net.minecraft.server.level.ServerLevel
[17:40:18] [pool-4-thread-1/DEBUG] [mixin/]: Mixing MixinPlaySound from zombieawareness.mixins.json into net.minecraft.server.level.ServerLevel
[17:40:18] [pool-4-thread-1/DEBUG] [mixin/]: Mixing MixinLevelEvent from zombieawareness.mixins.json into net.minecraft.server.level.ServerLevel
[17:40:18] [pool-4-thread-1/DEBUG] [mixin/]: Mixing ServerLevelMixin from moonlight-common.mixins.json into net.minecraft.server.level.ServerLevel
[17:40:18] [pool-4-thread-1/DEBUG] [mixin/]: Discarding sythetic bridge method synthetic in m_6325_ because existing method in moonlight-common.mixins.json:ServerLevelMixin is compatible
[17:40:18] [pool-4-thread-1/DEBUG] [mixin/]: Mixing features.bullet_interactions.PlayerMixin from tacztweaks.mixins.json into net.minecraft.world.entity.player.Player
[17:40:18] [pool-4-thread-1/DEBUG] [mixin/]: tacztweaks.mixins.json:features.bullet_interactions.PlayerMixin: Class version 61 required is higher than the class version supported by the current version of Mixin (JAVA_8 supports class version 52)
[17:40:18] [pool-4-thread-1/DEBUG] [mixin/]: Mixing NourishmentAlwaysEatMixin from farmersdelight.mixins.json into net.minecraft.world.entity.player.Player
[17:40:18] [pool-4-thread-1/DEBUG] [mixin/]: Mixing common.PlayerMixin from lrtactical.mixins.json into net.minecraft.world.entity.player.Player
[17:40:18] [pool-4-thread-1/DEBUG] [mixin/]: lrtactical.mixins.json:common.PlayerMixin: Class version 61 required is higher than the class version supported by the current version of Mixin (JAVA_8 supports class version 52)
[17:40:18] [pool-4-thread-1/DEBUG] [mixin/]: Renaming synthetic method lambda$disableShield$1(Lnet/minecraft/server/level/ServerPlayer;)Lnet/minecraft/server/level/ServerPlayer; to mdb1e039$lambda$disableShield$1$0 in lrtactical.mixins.json:common.PlayerMixin
[17:40:18] [pool-4-thread-1/DEBUG] [mixin/]: Renaming synthetic method lambda$disableShield$0(Lme/xjqsh/lrtactical/capability/CustomItemCoolDowns;)V to mdb1e039$lambda$disableShield$0$1 in lrtactical.mixins.json:common.PlayerMixin
[17:40:18] [pool-4-thread-1/DEBUG] [mixin/]: Mixing common.PlayerMixin from parcool.mixins.json into net.minecraft.world.entity.player.Player
[17:40:18] [pool-4-thread-1/DEBUG] [mixin/]: Mixing PlayerMixin from mixins.superbwarfare.json into net.minecraft.world.entity.player.Player
[17:40:18] [pool-4-thread-1/DEBUG] [mixin/]: Mixing inject.MixinFluid from architectury-common.mixins.json into net.minecraft.world.level.material.Fluid
[17:40:18] [pool-4-thread-1/DEBUG] [mixin/]: Mixing PlacePumpkinPieMixin from farmersdelight.mixins.json into net.minecraft.world.item.Item
[17:40:19] [pool-4-thread-1/DEBUG] [mixin/]: Mixing ItemMixin from moonlight-common.mixins.json into net.minecraft.world.item.Item
[17:40:19] [pool-4-thread-1/DEBUG] [mixin/]: Mixing ItemMixin from moonlight.mixins.json into net.minecraft.world.item.Item
[17:40:19] [pool-4-thread-1/DEBUG] [mixin/]: Mixing inject.MixinItem from architectury-common.mixins.json into net.minecraft.world.item.Item
[17:40:19] [pool-4-thread-1/DEBUG] [ne.mi.co.tr.CoreModBaseTransformer/COREMOD]: Transforming net/minecraft/world/entity/EntityType
[17:40:19] [pool-4-thread-1/DEBUG] [mixin/]: Mixing inject.MixinEntityType from architectury-common.mixins.json into net.minecraft.world.entity.EntityType
[17:40:19] [pool-4-thread-1/DEBUG] [mixin/]: Mixing accessor.PoiTypeAccessor from moonlight-common.mixins.json into net.minecraft.world.entity.ai.village.poi.PoiType
[17:40:19] [pool-4-thread-1/DEBUG] [mixin/]: Mixing PoiMixin from moonlight-common.mixins.json into net.minecraft.world.entity.ai.village.poi.PoiType
[17:40:19] [pool-4-thread-1/DEBUG] [mixin/]: Mixing KeepRichSoilGiantTreeMixin from farmersdelight.mixins.json into net.minecraft.world.level.levelgen.feature.Feature
[17:40:19] [pool-4-thread-1/DEBUG] [mixin/]: Renaming synthetic method lambda$keepRichSoil$0(Lnet/minecraft/world/level/block/state/BlockState;)Z to mdb1e039$lambda$keepRichSoil$0$0 in farmersdelight.mixins.json:KeepRichSoilGiantTreeMixin
[17:40:19] [pool-4-thread-1/DEBUG] [mixin/]: Mixing FireMixin from immersive_weathering-common.mixins.json into net.minecraft.world.level.block.FireBlock
[17:40:19] [pool-4-thread-1/DEBUG] [mixin/]: Mixing FireBlockMixin from moonlight.mixins.json into net.minecraft.world.level.block.FireBlock
[17:40:19] [pool-4-thread-1/DEBUG] [mixin/]: Mixing BlocksMixin from immersive_weathering-common.mixins.json into net.minecraft.world.level.block.Blocks
[17:40:19] [pool-4-thread-1/DEBUG] [mixin/]: Renaming synthetic method lambda$stoneStairs$47()Lnet/minecraft/world/level/block/Block; to mdb1e039$lambda$stoneStairs$47$0 in immersive_weathering-common.mixins.json:BlocksMixin
[17:40:19] [pool-4-thread-1/DEBUG] [mixin/]: Renaming synthetic method lambda$endStoneBrickWall$46()Lnet/minecraft/world/item/Item; to mdb1e039$lambda$endStoneBrickWall$46$1 in immersive_weathering-common.mixins.json:BlocksMixin
[17:40:19] [pool-4-thread-1/DEBUG] [mixin/]: Renaming synthetic method lambda$endStoneBricksStairs$45()Lnet/minecraft/world/item/Item; to mdb1e039$lambda$endStoneBricksStairs$45$2 in immersive_weathering-common.mixins.json:BlocksMixin
[17:40:19] [pool-4-thread-1/DEBUG] [mixin/]: Renaming synthetic method lambda$endStoneBricksStairs$44()Lnet/minecraft/world/level/block/Block; to mdb1e039$lambda$endStoneBricksStairs$44$3 in immersive_weathering-common.mixins.json:BlocksMixin
[17:40:19] [pool-4-thread-1/DEBUG] [mixin/]: Renaming synthetic method lambda$endStoneBrickSlab$43()Lnet/minecraft/world/item/Item; to mdb1e039$lambda$endStoneBrickSlab$43$4 in immersive_weathering-common.mixins.json:BlocksMixin
[17:40:19] [pool-4-thread-1/DEBUG] [mixin/]: Renaming synthetic method lambda$endStoneBricks$42()Lnet/minecraft/world/item/Item; to mdb1e039$lambda$endStoneBricks$42$5 in immersive_weathering-common.mixins.json:BlocksMixin
[17:40:19] [pool-4-thread-1/DEBUG] [mixin/]: Renaming synthetic method lambda$prismarineBricksStairs$41()Lnet/minecraft/world/item/Item; to mdb1e039$lambda$prismarineBricksStairs$41$6 in immersive_weathering-common.mixins.json:BlocksMixin
[17:40:19] [pool-4-thread-1/DEBUG] [mixin/]: Renaming synthetic method lambda$prismarineBricksStairs$40()Lnet/minecraft/world/level/block/Block; to mdb1e039$lambda$prismarineBricksStairs$40$7 in immersive_weathering-common.mixins.json:BlocksMixin
[17:40:19] [pool-4-thread-1/DEBUG] [mixin/]: Renaming synthetic method lambda$prismarineBrickSlab$39()Lnet/minecraft/world/item/Item; to mdb1e039$lambda$prismarineBrickSlab$39$8 in immersive_weathering-common.mixins.json:BlocksMixin
[17:40:19] [pool-4-thread-1/DEBUG] [mixin/]: Renaming synthetic method lambda$prismarineBricks$38()Lnet/minecraft/world/item/Item; to mdb1e039$lambda$prismarineBricks$38$9 in immersive_weathering-common.mixins.json:BlocksMixin
[17:40:19] [pool-4-thread-1/DEBUG] [mixin/]: Renaming synthetic method lambda$mossyCobblestoneStairs$37()Lnet/minecraft/world/level/block/Block; to mdb1e039$lambda$mossyCobblestoneStairs$37$a in immersive_weathering-common.mixins.json:BlocksMixin
[17:40:19] [pool-4-thread-1/DEBUG] [mixin/]: Renaming synthetic method lambda$mossyStoneBrickStairs$36()Lnet/minecraft/world/level/block/Block; to mdb1e039$lambda$mossyStoneBrickStairs$36$b in immersive_weathering-common.mixins.json:BlocksMixin
[17:40:19] [pool-4-thread-1/DEBUG] [mixin/]: Renaming synthetic method lambda$cobblestoneStairs$35()Lnet/minecraft/world/level/block/Block; to mdb1e039$lambda$cobblestoneStairs$35$c in immersive_weathering-common.mixins.json:BlocksMixin
[17:40:19] [pool-4-thread-1/DEBUG] [mixin/]: Renaming synthetic method lambda$stoneBrickWall$34()Lnet/minecraft/world/item/Item; to mdb1e039$lambda$stoneBrickWall$34$d in immersive_weathering-common.mixins.json:BlocksMixin
[17:40:19] [pool-4-thread-1/DEBUG] [mixin/]: Renaming synthetic method lambda$stoneBricksStairs$33()Lnet/minecraft/world/level/block/Block; to mdb1e039$lambda$stoneBricksStairs$33$e in immersive_weathering-common.mixins.json:BlocksMixin
[17:40:19] [pool-4-thread-1/DEBUG] [mixin/]: Renaming synthetic method lambda$stoneBricksStairs$32()Lnet/minecraft/world/item/Item; to mdb1e039$lambda$stoneBricksStairs$32$f in immersive_weathering-common.mixins.json:BlocksMixin
[17:40:19] [pool-4-thread-1/DEBUG] [mixin/]: Renaming synthetic method lambda$stoneBrickSlab$31()Lnet/minecraft/world/item/Item; to mdb1e039$lambda$stoneBrickSlab$31$10 in immersive_weathering-common.mixins.json:BlocksMixin
[17:40:19] [pool-4-thread-1/DEBUG] [mixin/]: Renaming synthetic method lambda$stoneBricks$30()Lnet/minecraft/world/item/Item; to mdb1e039$lambda$stoneBricks$30$11 in immersive_weathering-common.mixins.json:BlocksMixin
[17:40:19] [pool-4-thread-1/DEBUG] [mixin/]: Renaming synthetic method lambda$brickWall$29()Lnet/minecraft/world/item/Item; to mdb1e039$lambda$brickWall$29$12 in immersive_weathering-common.mixins.json:BlocksMixin
[17:40:19] [pool-4-thread-1/DEBUG] [mixin/]: Renaming synthetic method lambda$brickStairs$28()Lnet/minecraft/world/level/block/Block; to mdb1e039$lambda$brickStairs$28$13 in immersive_weathering-common.mixins.json:BlocksMixin
[17:40:19] [pool-4-thread-1/DEBUG] [mixin/]: Renaming synthetic method lambda$brickStairs$27()Lnet/minecraft/world/item/Item; to mdb1e039$lambda$brickStairs$27$14 in immersive_weathering-common.mixins.json:BlocksMixin
[17:40:19] [pool-4-thread-1/DEBUG] [mixin/]: Renaming synthetic method lambda$brickSlab$26()Lnet/minecraft/world/item/Item; to mdb1e039$lambda$brickSlab$26$15 in immersive_weathering-common.mixins.json:BlocksMixin
[17:40:19] [pool-4-thread-1/DEBUG] [mixin/]: Renaming synthetic method lambda$bricks$25()Lnet/minecraft/world/item/Item; to mdb1e039$lambda$bricks$25$16 in immersive_weathering-common.mixins.json:BlocksMixin
[17:40:19] [pool-4-thread-1/DEBUG] [mixin/]: Renaming synthetic method lambda$crackedNetherBricks$24()Lnet/minecraft/world/item/Item; to mdb1e039$lambda$crackedNetherBricks$24$17 in immersive_weathering-common.mixins.json:BlocksMixin
[17:40:19] [pool-4-thread-1/DEBUG] [mixin/]: Renaming synthetic method lambda$netherBrickWall$23()Lnet/minecraft/world/item/Item; to mdb1e039$lambda$netherBrickWall$23$18 in immersive_weathering-common.mixins.json:BlocksMixin
[17:40:19] [pool-4-thread-1/DEBUG] [mixin/]: Renaming synthetic method lambda$netherBrickStairs$22()Lnet/minecraft/world/item/Item; to mdb1e039$lambda$netherBrickStairs$22$19 in immersive_weathering-common.mixins.json:BlocksMixin
[17:40:19] [pool-4-thread-1/DEBUG] [mixin/]: Renaming synthetic method lambda$netherBrickStairs$21()Lnet/minecraft/world/level/block/Block; to mdb1e039$lambda$netherBrickStairs$21$1a in immersive_weathering-common.mixins.json:BlocksMixin
[17:40:19] [pool-4-thread-1/DEBUG] [mixin/]: Renaming synthetic method lambda$netherBrickSlab$20()Lnet/minecraft/world/item/Item; to mdb1e039$lambda$netherBrickSlab$20$1b in immersive_weathering-common.mixins.json:BlocksMixin
[17:40:19] [pool-4-thread-1/DEBUG] [mixin/]: Renaming synthetic method lambda$netherBricks$19()Lnet/minecraft/world/item/Item; to mdb1e039$lambda$netherBricks$19$1c in immersive_weathering-common.mixins.json:BlocksMixin
[17:40:19] [pool-4-thread-1/DEBUG] [mixin/]: Renaming synthetic method lambda$deepslateTileWall$18()Lnet/minecraft/world/item/Item; to mdb1e039$lambda$deepslateTileWall$18$1d in immersive_weathering-common.mixins.json:BlocksMixin
[17:40:19] [pool-4-thread-1/DEBUG] [mixin/]: Renaming synthetic method lambda$deepslateTileStairs$17()Lnet/minecraft/world/item/Item; to mdb1e039$lambda$deepslateTileStairs$17$1e in immersive_weathering-common.mixins.json:BlocksMixin
[17:40:19] [pool-4-thread-1/DEBUG] [mixin/]: Renaming synthetic method lambda$deepslateTileStairs$16()Lnet/minecraft/world/level/block/Block; to mdb1e039$lambda$deepslateTileStairs$16$1f in immersive_weathering-common.mixins.json:BlocksMixin
[17:40:19] [pool-4-thread-1/DEBUG] [mixin/]: Renaming synthetic method lambda$deepslateTileSlab$15()Lnet/minecraft/world/item/Item; to mdb1e039$lambda$deepslateTileSlab$15$20 in immersive_weathering-common.mixins.json:BlocksMixin
[17:40:19] [pool-4-thread-1/DEBUG] [mixin/]: Renaming synthetic method lambda$deepslateTiles$14()Lnet/minecraft/world/item/Item; to mdb1e039$lambda$deepslateTiles$14$21 in immersive_weathering-common.mixins.json:BlocksMixin
[17:40:19] [pool-4-thread-1/DEBUG] [mixin/]: Renaming synthetic method lambda$deepslateBrickWall$13()Lnet/minecraft/world/item/Item; to mdb1e039$lambda$deepslateBrickWall$13$22 in immersive_weathering-common.mixins.json:BlocksMixin
[17:40:19] [pool-4-thread-1/DEBUG] [mixin/]: Renaming synthetic method lambda$deepslateBrickStairs$12()Lnet/minecraft/world/item/Item; to mdb1e039$lambda$deepslateBrickStairs$12$23 in immersive_weathering-common.mixins.json:BlocksMixin
[17:40:19] [pool-4-thread-1/DEBUG] [mixin/]: Renaming synthetic method lambda$deepslateBrickStairs$11()Lnet/minecraft/world/level/block/Block; to mdb1e039$lambda$deepslateBrickStairs$11$24 in immersive_weathering-common.mixins.json:BlocksMixin
[17:40:19] [pool-4-thread-1/DEBUG] [mixin/]: Renaming synthetic method lambda$deepslateBrickSlab$10()Lnet/minecraft/world/item/Item; to mdb1e039$lambda$deepslateBrickSlab$10$25 in immersive_weathering-common.mixins.json:BlocksMixin
[17:40:19] [pool-4-thread-1/DEBUG] [mixin/]: Renaming synthetic method lambda$deepslateBricks$9()Lnet/minecraft/world/item/Item; to mdb1e039$lambda$deepslateBricks$9$26 in immersive_weathering-common.mixins.json:BlocksMixin
[17:40:19] [pool-4-thread-1/DEBUG] [mixin/]: Renaming synthetic method lambda$crackedDeepslateTiles$8()Lnet/minecraft/world/item/Item; to mdb1e039$lambda$crackedDeepslateTiles$8$27 in immersive_weathering-common.mixins.json:BlocksMixin
[17:40:19] [pool-4-thread-1/DEBUG] [mixin/]: Renaming synthetic method lambda$crackedDeepslateBricks$7()Lnet/minecraft/world/item/Item; to mdb1e039$lambda$crackedDeepslateBricks$7$28 in immersive_weathering-common.mixins.json:BlocksMixin
[17:40:19] [pool-4-thread-1/DEBUG] [mixin/]: Renaming synthetic method lambda$crackedStoneBricks$6()Lnet/minecraft/world/item/Item; to mdb1e039$lambda$crackedStoneBricks$6$29 in immersive_weathering-common.mixins.json:BlocksMixin
[17:40:19] [pool-4-thread-1/DEBUG] [mixin/]: Renaming synthetic method lambda$crackedPolishedBlackstoneBricks$5()Lnet/minecraft/world/item/Item; to mdb1e039$lambda$crackedPolishedBlackstoneBricks$5$2a in immersive_weathering-common.mixins.json:BlocksMixin
[17:40:19] [pool-4-thread-1/DEBUG] [mixin/]: Renaming synthetic method lambda$polishedBlackstoneBrickWall$4()Lnet/minecraft/world/item/Item; to mdb1e039$lambda$polishedBlackstoneBrickWall$4$2b in immersive_weathering-common.mixins.json:BlocksMixin
[17:40:19] [pool-4-thread-1/DEBUG] [mixin/]: Renaming synthetic method lambda$polishedBlackstoneBricksStairs$3()Lnet/minecraft/world/item/Item; to mdb1e039$lambda$polishedBlackstoneBricksStairs$3$2c in immersive_weathering-common.mixins.json:BlocksMixin
[17:40:19] [pool-4-thread-1/DEBUG] [mixin/]: Renaming synthetic method lambda$polishedBlackstoneBricksStairs$2()Lnet/minecraft/world/level/block/Block; to mdb1e039$lambda$polishedBlackstoneBricksStairs$2$2d in immersive_weathering-common.mixins.json:BlocksMixin
[17:40:19] [pool-4-thread-1/DEBUG] [mixin/]: Renaming synthetic method lambda$polishedBlackstoneBrickSlab$1()Lnet/minecraft/world/item/Item; to mdb1e039$lambda$polishedBlackstoneBrickSlab$1$2e in immersive_weathering-common.mixins.json:BlocksMixin
[17:40:19] [pool-4-thread-1/DEBUG] [mixin/]: Renaming synthetic method lambda$polishedBlackstoneBricks$0()Lnet/minecraft/world/item/Item; to mdb1e039$lambda$polishedBlackstoneBricks$0$2f in immersive_weathering-common.mixins.json:BlocksMixin
[17:40:19] [pool-4-thread-1/DEBUG] [mixin/]: Mixing GrassBlockMixin from immersive_weathering-common.mixins.json into net.minecraft.world.level.block.SpreadingSnowyDirtBlock
[17:40:19] [pool-4-thread-1/DEBUG] [mixin/]: Mixing BushBlockMixin from immersive_weathering-common.mixins.json into net.minecraft.world.level.block.BushBlock
[17:40:19] [pool-4-thread-1/DEBUG] [ne.mi.co.tr.CoreModBaseTransformer/COREMOD]: Transforming net/minecraft/world/level/block/LiquidBlock
[17:40:19] [pool-4-thread-1/DEBUG] [mixin/]: Mixing LiquidBlockMixin from immersive_weathering-common.mixins.json into net.minecraft.world.level.block.LiquidBlock
[17:40:19] [pool-4-thread-1/DEBUG] [mixin/]: Mixing inject.MixinLiquidBlock from architectury-common.mixins.json into net.minecraft.world.level.block.LiquidBlock
[17:40:19] [pool-4-thread-1/DEBUG] [mixin/]: Mixing LeavesMixin from immersive_weathering-common.mixins.json into net.minecraft.world.level.block.LeavesBlock
[17:40:19] [pool-4-thread-1/DEBUG] [mixin/]: Renaming synthetic method lambda$performBonemeal$0(Lnet/minecraft/server/level/ServerLevel;Lnet/minecraft/core/BlockPos;Lnet/minecraft/world/level/block/state/BlockState;)V to mdb1e039$lambda$performBonemeal$0$0 in immersive_weathering-common.mixins.json:LeavesMixin
[17:40:19] [pool-4-thread-1/DEBUG] [mixin/]: Mixing CuttingBoardDispenserMixin from farmersdelight.mixins.json into net.minecraft.world.level.block.DispenserBlock
[17:40:19] [pool-4-thread-1/DEBUG] [mixin/]: Mixing accessor.DispenserBlockAccessor from moonlight-common.mixins.json into net.minecraft.world.level.block.DispenserBlock
[17:40:19] [pool-4-thread-1/DEBUG] [mixin/]: Renaming @Accessor method getDispenserRegistry()Ljava/util/Map; to getDispenserRegistry_$md$b1e039$0 in moonlight-common.mixins.json:accessor.DispenserBlockAccessor
[17:40:19] [pool-4-thread-1/DEBUG] [mixin/]: Mixing WebMixin from immersive_weathering.mixins.json into net.minecraft.world.level.block.WebBlock
[17:40:19] [pool-4-thread-1/DEBUG] [mixin/]: immersive_weathering.mixins.json:WebMixin: Class version 61 required is higher than the class version supported by the current version of Mixin (JAVA_16 supports class version 60)
[17:40:19] [pool-4-thread-1/DEBUG] [ne.mi.co.tr.CoreModBaseTransformer/COREMOD]: Transforming net/minecraft/world/level/block/StairBlock
[17:40:19] [pool-4-thread-1/DEBUG] [mixin/]: Mixing client.StairBlockAccessor from tacz.mixins.json into net.minecraft.world.level.block.StairBlock
[17:40:19] [pool-4-thread-1/DEBUG] [mixin/]: Mixing CropBlockMixin from immersive_weathering-common.mixins.json into net.minecraft.world.level.block.CropBlock
[17:40:19] [pool-4-thread-1/DEBUG] [mixin/]: Mixing KeepRichSoilUntrampledMixin from farmersdelight.mixins.json into net.minecraft.world.level.block.FarmBlock
[17:40:19] [pool-4-thread-1/DEBUG] [mixin/]: Mixing SnowLayerBlockMixin from immersive_weathering-common.mixins.json into net.minecraft.world.level.block.SnowLayerBlock
[17:40:19] [pool-4-thread-1/DEBUG] [mixin/]: Mixing IceMixin from immersive_weathering-common.mixins.json into net.minecraft.world.level.block.IceBlock
[17:40:19] [pool-4-thread-1/DEBUG] [mixin/]: Mixing accessors.IceInvoker from immersive_weathering-common.mixins.json into net.minecraft.world.level.block.IceBlock
[17:40:19] [pool-4-thread-1/DEBUG] [mixin/]: Mixing SugarCaneBlockMixin from immersive_weathering-common.mixins.json into net.minecraft.world.level.block.SugarCaneBlock
[17:40:19] [pool-4-thread-1/DEBUG] [mixin/]: Mixing RopeFenceConnectionMixin from farmersdelight.mixins.json into net.minecraft.world.level.block.FenceBlock
[17:40:19] [pool-4-thread-1/DEBUG] [mixin/]: Mixing AttachedStemBlockMixin from immersive_weathering-common.mixins.json into net.minecraft.world.level.block.AttachedStemBlock
[17:40:20] [pool-4-thread-1/DEBUG] [mixin/]: Mixing StemBlockMixin from immersive_weathering-common.mixins.json into net.minecraft.world.level.block.StemBlock
[17:40:20] [pool-4-thread-1/DEBUG] [ne.mi.co.tr.CoreModBaseTransformer/COREMOD]: Transforming net/minecraft/world/level/block/FlowerPotBlock
[17:40:20] [pool-4-thread-1/DEBUG] [mixin/]: Mixing BubbleColumnMixin from immersive_weathering-common.mixins.json into net.minecraft.world.level.block.BubbleColumnBlock
[17:40:20] [pool-4-thread-1/DEBUG] [mixin/]: Mixing CampfireMixin from immersive_weathering-common.mixins.json into net.minecraft.world.level.block.CampfireBlock
[17:40:20] [pool-4-thread-1/DEBUG] [mixin/]: Mixing CampfireBaleMixin from farmersdelight.mixins.json into net.minecraft.world.level.block.CampfireBlock
[17:40:20] [pool-4-thread-1/DEBUG] [mixin/]: Mixing SweetBerryBushMixin from immersive_weathering-common.mixins.json into net.minecraft.world.level.block.SweetBerryBushBlock
[17:40:20] [pool-4-thread-1/DEBUG] [mixin/]: Mixing MixinPowderSnowBlock from curios.mixins.json into net.minecraft.world.level.block.PowderSnowBlock
[17:40:20] [pool-4-thread-1/DEBUG] [mixin/]: Mixing RootedDirtBlockMixin from immersive_weathering-common.mixins.json into net.minecraft.world.level.block.RootedDirtBlock
[17:40:20] [pool-4-thread-1/DEBUG] [mixin/]: Mixing MudBlockHitboxMixin from immersive_weathering-common.mixins.json into net.minecraft.world.level.block.MudBlock
[17:40:20] [pool-4-thread-1/DEBUG] [mixin/]: Mixing SelfRustableMixin from immersive_weathering.mixins.json into com.ordana.immersive_weathering.blocks.rusty.Rustable
[17:40:20] [pool-4-thread-1/DEBUG] [mixin/]: immersive_weathering.mixins.json:SelfRustableMixin: Class version 61 required is higher than the class version supported by the current version of Mixin (JAVA_16 supports class version 60)
[17:40:20] [pool-4-thread-1/DEBUG] [mixin/]: Mixing MixinFallingBlockEntity from architectury.mixins.json into net.minecraft.world.entity.item.FallingBlockEntity
[17:40:20] [pool-4-thread-1/DEBUG] [mixin/]: Mixing accessor.DispenserBlockEntityAccessor from moonlight-common.mixins.json into net.minecraft.world.level.block.entity.DispenserBlockEntity
[17:40:20] [pool-4-thread-1/DEBUG] [mixin/]: Mixing PistonBlockEntityMixin from moonlight-common.mixins.json into net.minecraft.world.level.block.piston.PistonMovingBlockEntity
[17:40:20] [pool-4-thread-1/DEBUG] [mixin/]: Mixing KeepRichSoilTreeMixin from farmersdelight.mixins.json into net.minecraft.world.level.levelgen.feature.trunkplacers.TrunkPlacer
[17:40:20] [pool-4-thread-1/DEBUG] [mixin/]: Renaming synthetic method lambda$cancelSetDirtIfRichSoil$0(Lnet/minecraft/world/level/block/state/BlockState;)Z to mdb1e039$lambda$cancelSetDirtIfRichSoil$0$0 in farmersdelight.mixins.json:KeepRichSoilTreeMixin
[17:40:21] [pool-4-thread-1/DEBUG] [mixin/]: Mixing common.ServerPlayerMixin from tacz.mixins.json into net.minecraft.server.level.ServerPlayer
[17:40:21] [pool-4-thread-1/DEBUG] [mixin/]: Mixing MixinServerPlayer from hordes.mixin.json into net.minecraft.server.level.ServerPlayer
[17:40:21] [pool-4-thread-1/DEBUG] [mixin/]: Mixing ServerPlayerMixin from moonlight-common.mixins.json into net.minecraft.server.level.ServerPlayer
[17:40:21] [pool-4-thread-1/DEBUG] [mixin/]: Mixing MixinLevelEvent from architectury.mixins.json into net.minecraftforge.event.level.LevelEvent
[17:40:21] [pool-4-thread-1/DEBUG] [mixin/]: Mixing MobAccessor from sophisticatedbackpacks.mixins.json into net.minecraft.world.entity.Mob
[17:40:21] [pool-4-thread-1/DEBUG] [mixin/]: Mixing MobMixin from mixins.superbwarfare.json into net.minecraft.world.entity.Mob
[17:40:21] [pool-4-thread-1/DEBUG] [mixin/]: Mixing MixinMob from hordes.mixin.json into net.minecraft.world.entity.Mob
[17:40:21] [pool-4-thread-1/DEBUG] [mixin/]: Renaming synthetic method lambda$hordes$checkAndHandleImportantInteractions$0(Ljava/lang/Object;)V to mdb1e039$lambda$hordes$checkAndHandleImportantInteractions$0$0 in hordes.mixin.json:MixinMob
[17:40:21] [pool-4-thread-1/DEBUG] [mixin/]: Mixing EntityMixin from moonlight-common.mixins.json into net.minecraft.world.entity.Mob
[17:40:21] [pool-4-thread-1/DEBUG] [ne.mi.co.tr.CoreModBaseTransformer/COREMOD]: Transforming net/minecraft/world/item/ItemStack
[17:40:21] [pool-4-thread-1/DEBUG] [mixin/]: Mixing common.AnvilMenuMixin from lrtactical.mixins.json into net.minecraft.world.inventory.AnvilMenu
[17:40:21] [pool-4-thread-1/DEBUG] [mixin/]: lrtactical.mixins.json:common.AnvilMenuMixin: Class version 61 required is higher than the class version supported by the current version of Mixin (JAVA_8 supports class version 52)
[17:40:21] [pool-4-thread-1/DEBUG] [mixin/]: Mixing GrindstoneMenuMixin from moonlight-common.mixins.json into net.minecraft.world.inventory.GrindstoneMenu
[17:40:21] [pool-4-thread-1/DEBUG] [mixin/]: Mixing SmithingMenuMixin from citadel.mixins.json into net.minecraft.world.inventory.SmithingMenu
[17:40:22] [pool-4-thread-1/DEBUG] [mixin/]: Mixing LightningEntityMixin from moonlight-common.mixins.json into net.minecraft.world.entity.LightningBolt
[17:40:22] [pool-4-thread-1/DEBUG] [mixin/]: Mixing MixinLightningBolt from architectury-common.mixins.json into net.minecraft.world.entity.LightningBolt
[17:40:22] [pool-4-thread-1/DEBUG] [ne.mi.co.tr.CoreModBaseTransformer/COREMOD]: Transforming net/minecraft/world/entity/animal/frog/Tadpole
[17:40:22] [pool-4-thread-1/DEBUG] [mixin/]: Mixing BlockItemMixin from moonlight-common.mixins.json into net.minecraft.world.item.BlockItem
[17:40:22] [pool-4-thread-1/DEBUG] [mixin/]: Mixing SoupItemMixin from farmersdelight.mixins.json into net.minecraft.world.item.BowlFoodItem
[17:40:22] [pool-4-thread-1/DEBUG] [ne.mi.co.tr.CoreModBaseTransformer/COREMOD]: Transforming net/minecraft/world/item/BucketItem
[17:40:22] [pool-4-thread-1/DEBUG] [mixin/]: Mixing inject.MixinBucketItem from architectury-common.mixins.json into net.minecraft.world.item.BucketItem
[17:40:22] [pool-4-thread-1/DEBUG] [mixin/]: Mixing MapItemMixin from moonlight-common.mixins.json into net.minecraft.world.item.MapItem
[17:40:22] [pool-4-thread-1/DEBUG] [mixin/]: Renaming synthetic method lambda$update$1(Lnet/minecraft/world/level/saveddata/maps/MapItemSavedData;Lnet/minecraft/world/entity/Entity;Ljava/util/concurrent/atomic/AtomicBoolean;Lnet/minecraft/resources/ResourceLocation;Lnet/mehvahdjukaar/moonlight/api/map/CustomMapData;)V to mdb1e039$lambda$update$1$0 in moonlight-common.mixins.json:MapItemMixin
[17:40:22] [pool-4-thread-1/DEBUG] [mixin/]: Renaming synthetic method lambda$appendHoverText$0(Lnet/minecraft/world/level/saveddata/maps/MapItemSavedData;Lnet/minecraft/world/item/ItemStack;Ljava/util/List;Lnet/minecraft/resources/ResourceLocation;Lnet/mehvahdjukaar/moonlight/api/map/CustomMapData;)V to mdb1e039$lambda$appendHoverText$0$1 in moonlight-common.mixins.json:MapItemMixin
[17:40:22] [pool-4-thread-1/DEBUG] [mixin/]: Mixing ShearItemMixin from moonlight-common.mixins.json into net.minecraft.world.item.ShearsItem
[17:40:22] [pool-4-thread-1/DEBUG] [mixin/]: Mixing MixinShearsItem from curios.mixins.json into net.minecraft.world.item.ShearsItem
[17:40:22] [pool-4-thread-1/DEBUG] [mixin/]: Mixing inject.MixinItemProperties from architectury-common.mixins.json into net.minecraft.world.item.Item$Properties
[17:40:22] [pool-4-thread-1/DEBUG] [mixin/]: Mixing MixinAllay from sophisticatedcore.mixins.json into net.minecraft.world.entity.animal.allay.Allay
[17:40:22] [pool-4-thread-1/DEBUG] [mixin/]: Mixing MixinRecomputePath from zombieawareness.mixins.json into net.minecraft.world.entity.ai.navigation.PathNavigation
[17:40:23] [pool-4-thread-1/DEBUG] [mixin/]: Mixing BeeMixin from immersive_weathering-common.mixins.json into net.minecraft.world.entity.animal.Bee
[17:40:23] [pool-4-thread-1/DEBUG] [mixin/]: Mixing BeeGoalMixin from moonlight-common.mixins.json into net.minecraft.world.entity.animal.Bee$BeeGrowCropGoal
[17:40:23] [pool-4-thread-1/DEBUG] [mixin/]: Mixing MixinPreventWandering from zombieawareness.mixins.json into net.minecraft.world.entity.ai.goal.RandomStrollGoal
[17:40:23] [pool-4-thread-1/DEBUG] [mixin/]: Mixing MixinAbstractHorse from hordes.mixin.json into net.minecraft.world.entity.animal.horse.AbstractHorse
[17:40:23] [pool-4-thread-1/DEBUG] [ne.mi.co.tr.CoreModBaseTransformer/COREMOD]: Transforming net/minecraft/world/entity/monster/Spider
[17:40:23] [Datafixer Bootstrap/INFO] [mojang/DataFixerBuilder]: 188 Datafixer optimizations took 237 milliseconds
[17:40:23] [pool-4-thread-1/DEBUG] [ne.mi.co.tr.CoreModBaseTransformer/COREMOD]: Transforming net/minecraft/world/entity/monster/Zombie
[17:40:23] [pool-4-thread-1/DEBUG] [mixin/]: Mixing MixinZombie from hordes.mixin.json into net.minecraft.world.entity.monster.Zombie
[17:40:23] [pool-4-thread-1/DEBUG] [ne.mi.co.tr.CoreModBaseTransformer/COREMOD]: Transforming net/minecraft/world/entity/monster/ZombieVillager
[17:40:23] [pool-4-thread-1/DEBUG] [mixin/]: Mixing MixinZombieVillager from hordes.mixin.json into net.minecraft.world.entity.monster.ZombieVillager
[17:40:23] [pool-4-thread-1/DEBUG] [mixin/]: Mixing tweaks.EnderManMixin from tacztweaks.mixins.json into net.minecraft.world.entity.monster.EnderMan
[17:40:23] [pool-4-thread-1/DEBUG] [mixin/]: tacztweaks.mixins.json:tweaks.EnderManMixin: Class version 61 required is higher than the class version supported by the current version of Mixin (JAVA_8 supports class version 52)
[17:40:23] [pool-4-thread-1/DEBUG] [mixin/]: Mixing MixinEvoker from hordes.mixin.json into net.minecraft.world.entity.monster.Evoker
[17:40:23] [pool-4-thread-1/DEBUG] [ne.mi.co.tr.CoreModBaseTransformer/COREMOD]: Transforming net/minecraft/world/entity/monster/Evoker$EvokerSummonSpellGoal
[17:40:24] [pool-4-thread-1/DEBUG] [mixin/]: Mixing FixBlockPlaceContextMixin from moonlight-common.mixins.json into net.minecraft.world.item.context.BlockPlaceContext
[17:40:24] [pool-4-thread-1/DEBUG] [mixin/]: Mixing MixinHoglin from hordes.mixin.json into net.minecraft.world.entity.monster.hoglin.Hoglin
[17:40:24] [pool-4-thread-1/DEBUG] [mixin/]: Mixing MixinZoglin from hordes.mixin.json into net.minecraft.world.entity.monster.Zoglin
[17:40:24] [pool-4-thread-1/DEBUG] [mixin/]: Mixing MixinParrot from sophisticatedcore.mixins.json into net.minecraft.world.entity.animal.Parrot
[17:40:24] [pool-4-thread-1/DEBUG] [mixin/]: Mixing MixinZombifiedPiglin from hordes.mixin.json into net.minecraft.world.entity.monster.ZombifiedPiglin
[17:40:24] [pool-4-thread-1/DEBUG] [mixin/]: Renaming synthetic method lambda$hordes$addBehaviourGoals$0()Z to mdb1e039$lambda$hordes$addBehaviourGoals$0$0 in hordes.mixin.json:MixinZombifiedPiglin
[17:40:24] [pool-4-thread-1/DEBUG] [mixin/]: Mixing MixinPiglin from hordes.mixin.json into net.minecraft.world.entity.monster.piglin.Piglin
[17:40:24] [pool-4-thread-1/DEBUG] [mixin/]: Mixing MixinAbstractPiglin from hordes.mixin.json into net.minecraft.world.entity.monster.piglin.AbstractPiglin
[17:40:24] [pool-4-thread-1/DEBUG] [mixin/]: Mixing MixinPiglinBrute from hordes.mixin.json into net.minecraft.world.entity.monster.piglin.PiglinBrute
[17:40:24] [pool-4-thread-1/DEBUG] [mixin/]: Mixing MixinPillager from hordes.mixin.json into net.minecraft.world.entity.monster.Pillager
[17:40:24] [pool-4-thread-1/DEBUG] [mixin/]: Mixing ThrownPotionMixin from moonlight-common.mixins.json into net.minecraft.world.entity.projectile.ThrownPotion
[17:40:24] [pool-4-thread-1/DEBUG] [mixin/]: Mixing RabbitMixin from immersive_weathering-common.mixins.json into net.minecraft.world.entity.animal.Rabbit
[17:40:24] [pool-4-thread-1/DEBUG] [mixin/]: Mixing RabbitsEatCabbageMixin from farmersdelight.mixins.json into net.minecraft.world.entity.animal.Rabbit
[17:40:24] [pool-4-thread-1/DEBUG] [mixin/]: Mixing RabbitEatGoalMixin from immersive_weathering-common.mixins.json into net.minecraft.world.entity.animal.Rabbit$RaidGardenGoal
[17:40:24] [pool-4-thread-1/DEBUG] [mixin/]: Mixing MixinRavager from hordes.mixin.json into net.minecraft.world.entity.monster.Ravager
[17:40:24] [pool-4-thread-1/DEBUG] [mixin/]: Mixing EatBlockGoalMixin from immersive_weathering-common.mixins.json into net.minecraft.world.entity.ai.goal.EatBlockGoal
[17:40:24] [pool-4-thread-1/DEBUG] [ne.mi.co.tr.CoreModBaseTransformer/COREMOD]: Transforming net/minecraft/world/entity/animal/horse/SkeletonTrapGoal
[17:40:24] [pool-4-thread-1/DEBUG] [mixin/]: Mixing SnowballMixin from immersive_weathering-common.mixins.json into net.minecraft.world.entity.projectile.Snowball
[17:40:24] [pool-4-thread-1/DEBUG] [ne.mi.co.tr.CoreModBaseTransformer/COREMOD]: Transforming net/minecraft/world/entity/monster/Strider
[17:40:24] [pool-4-thread-1/DEBUG] [mixin/]: Mixing common.PoseMixin from parcool.mixins.json into net.minecraft.world.entity.Pose
[17:40:24] [pool-4-thread-1/DEBUG] [mixin/]: Renaming @Invoker method newPose(Ljava/lang/String;I)Lnet/minecraft/world/entity/Pose; to newPose_$md$b1e039$0 in parcool.mixins.json:common.PoseMixin
[17:40:24] [pool-4-thread-1/DEBUG] [mixin/]: Mixing VillagersTargetRichSoilMixin from farmersdelight.mixins.json into net.minecraft.world.entity.ai.sensing.SecondaryPoiSensor
[17:40:24] [pool-4-thread-1/DEBUG] [mixin/]: Mixing LevelChunkMixin from moonlight-common.mixins.json into net.minecraft.world.level.chunk.LevelChunk
[17:40:24] [pool-4-thread-1/DEBUG] [mixin/]: Mixing MixinVex from hordes.mixin.json into net.minecraft.world.entity.monster.Vex
[17:40:24] [pool-4-thread-1/DEBUG] [ne.mi.co.tr.CoreModBaseTransformer/COREMOD]: Transforming net/minecraft/world/entity/npc/Villager
[17:40:24] [pool-4-thread-1/DEBUG] [mixin/]: Mixing VillagerMixin from mixins.superbwarfare.json into net.minecraft.world.entity.npc.Villager
[17:40:24] [pool-4-thread-1/DEBUG] [mixin/]: Mixing VillagerMixin from moonlight-common.mixins.json into net.minecraft.world.entity.npc.Villager
[17:40:24] [pool-4-thread-1/DEBUG] [mixin/]: Mixing MixinWitch from hordes.mixin.json into net.minecraft.world.entity.monster.Witch
[17:40:24] [pool-4-thread-1/DEBUG] [mixin/]: Mixing MixinVindicator from hordes.mixin.json into net.minecraft.world.entity.monster.Vindicator
[17:40:24] [pool-4-thread-1/DEBUG] [mixin/]: Mixing MixinZombieHorse from hordes.mixin.json into net.minecraft.world.entity.animal.horse.ZombieHorse
[17:40:24] [pool-4-thread-1/DEBUG] [mixin/]: Renaming synthetic method lambda$hordes$addBehaviourGoals$2(Lnet/minecraft/world/entity/ai/goal/WrappedGoal;)Z to mdb1e039$lambda$hordes$addBehaviourGoals$2$0 in hordes.mixin.json:MixinZombieHorse
[17:40:24] [pool-4-thread-1/DEBUG] [mixin/]: Renaming synthetic method lambda$hordes$addBehaviourGoals$1(Lnet/minecraft/world/entity/ai/goal/WrappedGoal;)Z to mdb1e039$lambda$hordes$addBehaviourGoals$1$1 in hordes.mixin.json:MixinZombieHorse
[17:40:24] [pool-4-thread-1/DEBUG] [mixin/]: Renaming synthetic method lambda$hordes$addBehaviourGoals$0()Z to mdb1e039$lambda$hordes$addBehaviourGoals$0$2 in hordes.mixin.json:MixinZombieHorse
[17:40:24] [pool-4-thread-1/DEBUG] [mixin/]: Mixing FishingHookMixin from mixins.superbwarfare.json into net.minecraft.world.entity.projectile.FishingHook
[17:40:24] [pool-4-thread-1/DEBUG] [mixin/]: Mixing inject.MixinFoodPropertiesBuilder from architectury-common.mixins.json into net.minecraft.world.food.FoodProperties$Builder
[17:40:24] [pool-4-thread-1/DEBUG] [ne.mi.co.tr.CoreModBaseTransformer/COREMOD]: Transforming net/minecraft/world/effect/MobEffectInstance
[17:40:24] [pool-4-thread-1/DEBUG] [mixin/]: Mixing common.ServerGamePacketListenerImplMixin from tacz.mixins.json into net.minecraft.server.network.ServerGamePacketListenerImpl
[17:40:24] [pool-4-thread-1/DEBUG] [mixin/]: Mixing common.ServerPlayNetHandlerMixin from tacz.mixins.json into net.minecraft.server.network.ServerGamePacketListenerImpl
[17:40:24] [pool-4-thread-1/DEBUG] [mixin/]: Mixing ServerPlayNetHandlerMixin from simplebedrockmodel.mixins.json into net.minecraft.server.network.ServerGamePacketListenerImpl
[17:40:24] [pool-4-thread-1/DEBUG] [mixin/]: simplebedrockmodel.mixins.json:ServerPlayNetHandlerMixin: Class version 61 required is higher than the class version supported by the current version of Mixin (JAVA_8 supports class version 52)
[17:40:24] [pool-4-thread-1/DEBUG] [mixin/]: Mixing tweaks.ProtectionEnchantmentMixin from tacztweaks.mixins.json into net.minecraft.world.item.enchantment.ProtectionEnchantment
[17:40:24] [pool-4-thread-1/DEBUG] [mixin/]: tacztweaks.mixins.json:tweaks.ProtectionEnchantmentMixin: Class version 61 required is higher than the class version supported by the current version of Mixin (JAVA_8 supports class version 52)
[17:40:24] [pool-4-thread-1/DEBUG] [mixin/]: Mixing ChunkGeneratorMixin from citadel.mixins.json into net.minecraft.world.level.chunk.ChunkGenerator
[17:40:25] [pool-4-thread-1/DEBUG] [mixin/]: Mixing accessors.RandomBlockMatchTestAccessor from immersive_weathering-common.mixins.json into net.minecraft.world.level.levelgen.structure.templatesystem.RandomBlockMatchTest
[17:40:25] [pool-4-thread-1/DEBUG] [mixin/]: Mixing MixinInventory from curios.mixins.json into net.minecraft.world.entity.player.Inventory
[17:40:25] [pool-4-thread-1/DEBUG] [mixin/]: Mixing InventoryMixin from moonlight-common.mixins.json into net.minecraft.world.entity.player.Inventory
[17:40:25] [pool-4-thread-1/DEBUG] [mixin/]: Mixing GrindstoneMenuSlotMixin from moonlight-common.mixins.json into net.minecraft.world.inventory.GrindstoneMenu$4
[17:40:25] [pool-4-thread-1/DEBUG] [mixin/]: Mixing MapExtendingRecipeMixin from moonlight-common.mixins.json into net.minecraft.world.item.crafting.MapExtendingRecipe
[17:40:25] [pool-4-thread-1/DEBUG] [mixin/]: Mixing MixinApplyBonusCount from curios.mixins.json into net.minecraft.world.level.storage.loot.functions.ApplyBonusCount
[17:40:25] [pool-4-thread-1/DEBUG] [ne.mi.co.tr.CoreModBaseTransformer/COREMOD]: Transforming net/minecraft/world/level/levelgen/structure/Structure
[17:40:25] [pool-4-thread-1/DEBUG] [ne.mi.co.tr.CoreModBaseTransformer/COREMOD]: Transforming net/minecraft/world/level/levelgen/structure/structures/OceanRuinPieces$OceanRuinPiece
[17:40:25] [pool-4-thread-1/DEBUG] [ne.mi.co.tr.CoreModBaseTransformer/COREMOD]: Transforming net/minecraft/world/level/levelgen/structure/structures/SwampHutPiece
[17:40:25] [pool-4-thread-1/DEBUG] [ne.mi.co.tr.CoreModBaseTransformer/COREMOD]: Transforming net/minecraft/world/level/levelgen/structure/structures/OceanMonumentPieces$OceanMonumentPiece
[17:40:25] [pool-4-thread-1/DEBUG] [ne.mi.co.tr.CoreModBaseTransformer/COREMOD]: Transforming net/minecraft/world/level/levelgen/structure/structures/WoodlandMansionPieces$WoodlandMansionPiece
[17:40:26] [pool-4-thread-1/DEBUG] [mixin/]: Mixing MixinBiomeSource from terrablender.mixins.json into net.minecraft.world.level.biome.BiomeSource
[17:40:26] [pool-4-thread-1/DEBUG] [mixin/]: Renaming synthetic method lambda$appendDeferredBiomesList$0(Lcom/google/common/collect/ImmutableList;)Ljava/util/Set; to mdb1e039$lambda$appendDeferredBiomesList$0$0 in terrablender.mixins.json:MixinBiomeSource
[17:40:26] [pool-4-thread-1/DEBUG] [ne.mi.co.tr.CoreModBaseTransformer/COREMOD]: Transforming net/minecraft/world/level/biome/Biome
[17:40:26] [pool-4-thread-1/DEBUG] [mixin/]: Mixing accessors.BiomeAccessor from immersive_weathering-common.mixins.json into net.minecraft.world.level.biome.Biome
[17:40:26] [pool-4-thread-1/DEBUG] [mixin/]: Mixing MixinMultiNoiseBiomeSource from terrablender.mixins.json into net.minecraft.world.level.biome.MultiNoiseBiomeSource
[17:40:26] [pool-4-thread-1/DEBUG] [mixin/]: Mixing MixinParameterList from terrablender.mixins.json into net.minecraft.world.level.biome.Climate$ParameterList
[17:40:26] [pool-4-thread-1/DEBUG] [mixin/]: Renaming synthetic method lambda$initializeForTerraBlender$0(Lnet/minecraft/core/Registry;Lcom/google/common/collect/ImmutableList$Builder;Lcom/mojang/datafixers/util/Pair;)V to mdb1e039$lambda$initializeForTerraBlender$0$0 in terrablender.mixins.json:MixinParameterList
[17:40:26] [pool-4-thread-1/DEBUG] [mixin/]: Mixing NoiseGeneratorSettingsMixin from citadel.mixins.json into net.minecraft.world.level.levelgen.NoiseGeneratorSettings
[17:40:26] [pool-4-thread-1/DEBUG] [mixin/]: Mixing MixinNoiseGeneratorSettings from terrablender.mixins.json into net.minecraft.world.level.levelgen.NoiseGeneratorSettings
[17:40:26] [pool-4-thread-1/DEBUG] [io.ne.ut.in.PlatformDependent0/]: -Dio.netty.noUnsafe: false
[17:40:26] [pool-4-thread-1/DEBUG] [io.ne.ut.in.PlatformDependent0/]: Java version: 17
[17:40:26] [pool-4-thread-1/DEBUG] [io.ne.ut.in.PlatformDependent0/]: sun.misc.Unsafe.theUnsafe: available
[17:40:26] [pool-4-thread-1/DEBUG] [io.ne.ut.in.PlatformDependent0/]: sun.misc.Unsafe.copyMemory: available
[17:40:26] [pool-4-thread-1/DEBUG] [io.ne.ut.in.PlatformDependent0/]: sun.misc.Unsafe.storeFence: available
[17:40:26] [pool-4-thread-1/DEBUG] [io.ne.ut.in.PlatformDependent0/]: java.nio.Buffer.address: available
[17:40:26] [pool-4-thread-1/DEBUG] [io.ne.ut.in.PlatformDependent0/]: direct buffer constructor: unavailable
java.lang.UnsupportedOperationException: Reflective setAccessible(true) disabled
	at io.netty.util.internal.ReflectionUtil.trySetAccessible(ReflectionUtil.java:31) ~[netty-common-4.1.82.Final.jar%23102!/:4.1.82.Final] {}
	at io.netty.util.internal.PlatformDependent0$5.run(PlatformDependent0.java:288) ~[netty-common-4.1.82.Final.jar%23102!/:4.1.82.Final] {}
	at java.security.AccessController.doPrivileged(AccessController.java:318) ~[?:?] {}
	at io.netty.util.internal.PlatformDependent0.<clinit>(PlatformDependent0.java:282) ~[netty-common-4.1.82.Final.jar%23102!/:4.1.82.Final] {}
	at io.netty.util.internal.PlatformDependent.isAndroid(PlatformDependent.java:333) ~[netty-common-4.1.82.Final.jar%23102!/:4.1.82.Final] {}
	at io.netty.util.internal.PlatformDependent.<clinit>(PlatformDependent.java:88) ~[netty-common-4.1.82.Final.jar%23102!/:4.1.82.Final] {}
	at io.netty.util.ConstantPool.<init>(ConstantPool.java:34) ~[netty-common-4.1.82.Final.jar%23102!/:4.1.82.Final] {}
	at io.netty.util.AttributeKey$1.<init>(AttributeKey.java:27) ~[netty-common-4.1.82.Final.jar%23102!/:4.1.82.Final] {}
	at io.netty.util.AttributeKey.<clinit>(AttributeKey.java:27) ~[netty-common-4.1.82.Final.jar%23102!/:4.1.82.Final] {}
	at net.minecraftforge.network.NetworkConstants.<clinit>(NetworkConstants.java:34) ~[forge-1.20.1-47.4.10-universal.jar%23259!/:?] {re:classloading}
	at net.minecraftforge.network.NetworkHooks.init(NetworkHooks.java:52) ~[forge-1.20.1-47.4.10-universal.jar%23259!/:?] {re:classloading}
	at net.minecraft.server.Bootstrap.m_135870_(Bootstrap.java:62) ~[client-1.20.1-20230612.114412-srg.jar%23254!/:?] {re:classloading}
	at net.minecraft.client.main.Main.lambda$main$0(Main.java:151) ~[client-1.20.1-20230612.114412-srg.jar%23254!/:?] {re:classloading,pl:runtimedistcleaner:A}
	at java.util.concurrent.Executors$RunnableAdapter.call(Executors.java:539) ~[?:?] {}
	at java.util.concurrent.FutureTask.run(FutureTask.java:264) ~[?:?] {}
	at java.util.concurrent.ThreadPoolExecutor.runWorker(ThreadPoolExecutor.java:1136) ~[?:?] {}
	at java.util.concurrent.ThreadPoolExecutor$Worker.run(ThreadPoolExecutor.java:635) ~[?:?] {}
	at java.lang.Thread.run(Thread.java:840) ~[?:?] {}
[17:40:26] [pool-4-thread-1/DEBUG] [io.ne.ut.in.PlatformDependent0/]: java.nio.Bits.unaligned: available, true
[17:40:26] [pool-4-thread-1/DEBUG] [io.ne.ut.in.PlatformDependent0/]: jdk.internal.misc.Unsafe.allocateUninitializedArray(int): unavailable
java.lang.IllegalAccessException: class io.netty.util.internal.PlatformDependent0$7 (in module io.netty.common) cannot access class jdk.internal.misc.Unsafe (in module java.base) because module java.base does not export jdk.internal.misc to module io.netty.common
	at jdk.internal.reflect.Reflection.newIllegalAccessException(Reflection.java:392) ~[?:?] {}
	at java.lang.reflect.AccessibleObject.checkAccess(AccessibleObject.java:674) ~[?:?] {}
	at java.lang.reflect.Method.invoke(Method.java:561) ~[?:?] {}
	at io.netty.util.internal.PlatformDependent0$7.run(PlatformDependent0.java:410) ~[netty-common-4.1.82.Final.jar%23102!/:4.1.82.Final] {}
	at java.security.AccessController.doPrivileged(AccessController.java:318) ~[?:?] {}
	at io.netty.util.internal.PlatformDependent0.<clinit>(PlatformDependent0.java:401) ~[netty-common-4.1.82.Final.jar%23102!/:4.1.82.Final] {}
	at io.netty.util.internal.PlatformDependent.isAndroid(PlatformDependent.java:333) ~[netty-common-4.1.82.Final.jar%23102!/:4.1.82.Final] {}
	at io.netty.util.internal.PlatformDependent.<clinit>(PlatformDependent.java:88) ~[netty-common-4.1.82.Final.jar%23102!/:4.1.82.Final] {}
	at io.netty.util.ConstantPool.<init>(ConstantPool.java:34) ~[netty-common-4.1.82.Final.jar%23102!/:4.1.82.Final] {}
	at io.netty.util.AttributeKey$1.<init>(AttributeKey.java:27) ~[netty-common-4.1.82.Final.jar%23102!/:4.1.82.Final] {}
	at io.netty.util.AttributeKey.<clinit>(AttributeKey.java:27) ~[netty-common-4.1.82.Final.jar%23102!/:4.1.82.Final] {}
	at net.minecraftforge.network.NetworkConstants.<clinit>(NetworkConstants.java:34) ~[forge-1.20.1-47.4.10-universal.jar%23259!/:?] {re:classloading}
	at net.minecraftforge.network.NetworkHooks.init(NetworkHooks.java:52) ~[forge-1.20.1-47.4.10-universal.jar%23259!/:?] {re:classloading}
	at net.minecraft.server.Bootstrap.m_135870_(Bootstrap.java:62) ~[client-1.20.1-20230612.114412-srg.jar%23254!/:?] {re:classloading}
	at net.minecraft.client.main.Main.lambda$main$0(Main.java:151) ~[client-1.20.1-20230612.114412-srg.jar%23254!/:?] {re:classloading,pl:runtimedistcleaner:A}
	at java.util.concurrent.Executors$RunnableAdapter.call(Executors.java:539) ~[?:?] {}
	at java.util.concurrent.FutureTask.run(FutureTask.java:264) ~[?:?] {}
	at java.util.concurrent.ThreadPoolExecutor.runWorker(ThreadPoolExecutor.java:1136) ~[?:?] {}
	at java.util.concurrent.ThreadPoolExecutor$Worker.run(ThreadPoolExecutor.java:635) ~[?:?] {}
	at java.lang.Thread.run(Thread.java:840) ~[?:?] {}
[17:40:26] [pool-4-thread-1/DEBUG] [io.ne.ut.in.PlatformDependent0/]: java.nio.DirectByteBuffer.<init>(long, int): unavailable
[17:40:26] [pool-4-thread-1/DEBUG] [io.ne.ut.in.PlatformDependent/]: sun.misc.Unsafe: available
[17:40:26] [pool-4-thread-1/DEBUG] [io.ne.ut.in.PlatformDependent/]: maxDirectMemory: 4294967296 bytes (maybe)
[17:40:26] [pool-4-thread-1/DEBUG] [io.ne.ut.in.PlatformDependent/]: -Dio.netty.tmpdir: C:\Users\ADMIN\AppData\Local\Temp (java.io.tmpdir)
[17:40:26] [pool-4-thread-1/DEBUG] [io.ne.ut.in.PlatformDependent/]: -Dio.netty.bitMode: 64 (sun.arch.data.model)
[17:40:26] [pool-4-thread-1/DEBUG] [io.ne.ut.in.PlatformDependent/]: Platform: Windows
[17:40:26] [pool-4-thread-1/DEBUG] [io.ne.ut.in.PlatformDependent/]: -Dio.netty.maxDirectMemory: -1 bytes
[17:40:26] [pool-4-thread-1/DEBUG] [io.ne.ut.in.PlatformDependent/]: -Dio.netty.uninitializedArrayAllocationThreshold: -1
[17:40:26] [pool-4-thread-1/DEBUG] [io.ne.ut.in.CleanerJava9/]: java.nio.ByteBuffer.cleaner(): available
[17:40:26] [pool-4-thread-1/DEBUG] [io.ne.ut.in.PlatformDependent/]: -Dio.netty.noPreferDirect: false
[17:40:26] [pool-4-thread-1/DEBUG] [ne.mi.ne.NetworkHooks/]: Loading Network data for FML net version: FML3
[17:40:26] [Render thread/DEBUG] [mixin/]: Mixing client.LocalPlayerMixin from tacz.mixins.json into net.minecraft.client.player.LocalPlayer
[17:40:26] [Render thread/DEBUG] [mixin/]: Mixing gun.LocalPlayerMixin from tacztweaks.mixins.json into net.minecraft.client.player.LocalPlayer
[17:40:26] [Render thread/DEBUG] [mixin/]: tacztweaks.mixins.json:gun.LocalPlayerMixin: Class version 61 required is higher than the class version supported by the current version of Mixin (JAVA_8 supports class version 52)
[17:40:26] [Render thread/DEBUG] [mixin/]: Renaming synthetic method lambda$tacztweaks$tick$tiltCheck$0()Ljava/lang/Boolean; to mdb1e039$lambda$tacztweaks$tick$tiltCheck$0$0 in tacztweaks.mixins.json:gun.LocalPlayerMixin
[17:40:26] [Render thread/DEBUG] [mixin/]: Mixing client.LocalPlayerMixin from journeymap.mixins.json into net.minecraft.client.player.LocalPlayer
[17:40:26] [Render thread/DEBUG] [mixin/]: Mixing ClientPlayerEntityMixin from mixins.superbwarfare.json into net.minecraft.client.player.LocalPlayer
[17:40:26] [Render thread/DEBUG] [mixin/]: Mixing CanvasSignEditScreenMixin from farmersdelight.mixins.json into net.minecraft.client.player.LocalPlayer
[17:40:26] [Render thread/DEBUG] [mixin/]: Mixing client.LocalPlayerMixin from parcool.mixins.json into net.minecraft.client.player.LocalPlayer
[17:40:26] [Render thread/DEBUG] [mixin/]: Mixing crawl.LocalPlayerMixinMixin from tacztweaks.mixins.json into net.minecraft.client.player.LocalPlayer
[17:40:26] [Render thread/DEBUG] [mixin/]: tacztweaks.mixins.json:crawl.LocalPlayerMixinMixin: Class version 61 required is higher than the class version supported by the current version of Mixin (JAVA_8 supports class version 52)
[17:40:26] [Render thread/DEBUG] [mixin/]: Mixing gun.movement.LocalPlayerMixinMixin from tacztweaks.mixins.json into net.minecraft.client.player.LocalPlayer
[17:40:26] [Render thread/DEBUG] [mixin/]: tacztweaks.mixins.json:gun.movement.LocalPlayerMixinMixin: Class version 61 required is higher than the class version supported by the current version of Mixin (JAVA_8 supports class version 52)
[17:40:26] [Render thread/DEBUG] [mixin/]: Mixing client.AbstractClientPlayerMixin from citadel.mixins.json into net.minecraft.client.player.AbstractClientPlayer
[17:40:27] [Render thread/DEBUG] [mixin/]: Mixing client.ClientLevelMixin from citadel.mixins.json into net.minecraft.client.multiplayer.ClientLevel
[17:40:27] [Render thread/DEBUG] [mixin/]: Mixing ClientLevelMixin from mixins.superbwarfare.json into net.minecraft.client.multiplayer.ClientLevel
[17:40:27] [Render thread/DEBUG] [mixin/]: Mixing client.ClientWorldMixin from parcool.mixins.json into net.minecraft.client.multiplayer.ClientLevel
[17:40:27] [Render thread/DEBUG] [mixin/]: Mixing MixinClientLevel from architectury.mixins.json into net.minecraft.client.multiplayer.ClientLevel
[17:40:27] [Render thread/DEBUG] [mixin/]: Mixing ConditionHackMixin from moonlight.mixins.json into net.minecraft.server.packs.resources.SimplePreparableReloadListener
[17:40:27] [Render thread/WARN] [minecraft/VanillaPackResourcesBuilder]: Assets URL 'union:/D:/2026WORK/MCPubgLauncherV2/.runtime/clean/libraries/net/minecraft/client/1.20.1-20230612.114412/client-1.20.1-20230612.114412-srg.jar%23254!/assets/.mcassetsroot' uses unexpected schema
[17:40:27] [Render thread/WARN] [minecraft/VanillaPackResourcesBuilder]: Assets URL 'union:/D:/2026WORK/MCPubgLauncherV2/.runtime/clean/libraries/net/minecraft/client/1.20.1-20230612.114412/client-1.20.1-20230612.114412-srg.jar%23254!/data/.mcassetsroot' uses unexpected schema
[17:40:27] [Render thread/INFO] [mojang/YggdrasilAuthenticationService]: Environment: authHost='https://authserver.mojang.com', accountsHost='https://api.mojang.com', sessionHost='https://sessionserver.mojang.com', servicesHost='https://api.minecraftservices.com', name='PROD'
[17:40:27] [Render thread/INFO] [minecraft/Minecraft]: Setting user: DemoPlayer
[17:40:27] [Render thread/DEBUG] [mixin/]: Mixing KeymappingMixin from mixins.superbwarfare.json into net.minecraft.client.KeyMapping
[17:40:27] [Render thread/DEBUG] [mixin/]: Mixing client.OptionsMixin from parcool.mixins.json into net.minecraft.client.Options
[17:40:27] [Render thread/DEBUG] [mixin/]: Mixing OptionInstanceAccessor from yacl.mixins.json into net.minecraft.client.OptionInstance
[17:40:27] [Render thread/DEBUG] [mixin/]: Mixing client.AbstractButtonMixin from tacz.mixins.json into net.minecraft.client.gui.components.AbstractButton
[17:40:27] [Render thread/INFO] [minecraft/Minecraft]: Backend library: LWJGL version 3.3.1 build 7
[17:40:27] [Render thread/DEBUG] [mixin/]: Mixing client.MouseHandlerMixin from tacz.mixins.json into net.minecraft.client.MouseHandler
[17:40:27] [Render thread/DEBUG] [mixin/]: Mixing MouseHandlerMixin from mixins.superbwarfare.json into net.minecraft.client.MouseHandler
[17:40:27] [Render thread/DEBUG] [mixin/]: Mixing crawl.pitch.MouseHandlerMixinMixin from tacztweaks.mixins.json into net.minecraft.client.MouseHandler
[17:40:27] [Render thread/DEBUG] [mixin/]: tacztweaks.mixins.json:crawl.pitch.MouseHandlerMixinMixin: Class version 61 required is higher than the class version supported by the current version of Mixin (JAVA_8 supports class version 52)
[17:40:27] [Render thread/DEBUG] [mixin/]: Mixing gun.MouseHandlerMixinMixin from tacztweaks.mixins.json into net.minecraft.client.MouseHandler
[17:40:27] [Render thread/DEBUG] [mixin/]: tacztweaks.mixins.json:gun.MouseHandlerMixinMixin: Class version 61 required is higher than the class version supported by the current version of Mixin (JAVA_8 supports class version 52)
[17:40:27] [Render thread/DEBUG] [mixin/]: Mixing ReloadableClientResourcesMixin from moonlight-common.mixins.json into net.minecraft.server.packs.resources.ReloadableResourceManager
[17:40:27] [Render thread/DEBUG] [mixin/]: Renaming synthetic method lambda$moonlight$clientDynamicPackEarlyReload$0(Lcom/llamalad7/mixinextras/injector/wrapoperation/Operation;Lnet/minecraft/server/packs/resources/ResourceManager;Ljava/util/List;Ljava/util/concurrent/Executor;Ljava/util/concurrent/Executor;Ljava/util/concurrent/CompletableFuture;Z)Lnet/minecraft/server/packs/resources/ReloadInstance; to mdb1e039$lambda$moonlight$clientDynamicPackEarlyReload$0$0 in moonlight-common.mixins.json:ReloadableClientResourcesMixin
[17:40:27] [Render thread/DEBUG] [ne.mi.co.ForgeI18n/CORE]: Loading I18N data entries: 6434
[17:40:27] [Render thread/DEBUG] [ne.mi.fm.ModWorkManager/LOADING]: Using 12 threads for parallel mod-loading
[17:40:27] [Render thread/DEBUG] [ne.mi.fm.lo.Lo.LowCodeModTarget/LOADING]: Loading LowCodeModContainer from classloader cpw.mods.modlauncher.TransformingClassLoader@46fc522d - got cpw.mods.cl.ModuleClassLoader@39651a82
[17:40:27] [Render thread/DEBUG] [ne.mi.fm.lo.LowCodeModContainer/LOADING]: Creating LowCodeModContainer for e_ab_i_wt
[17:40:27] [Render thread/DEBUG] [ne.mi.fm.ja.FMLJavaModLanguageProvider/LOADING]: Loading FMLModContainer from classloader cpw.mods.modlauncher.TransformingClassLoader@46fc522d - got cpw.mods.cl.ModuleClassLoader@39651a82
[17:40:27] [Render thread/DEBUG] [ne.mi.fm.ja.FMLModContainer/LOADING]: Creating FMLModContainer instance for com.tlong.mcpubg.McPubgMod
[17:40:27] [Render thread/DEBUG] [ne.mi.fm.ja.FMLJavaModLanguageProvider/LOADING]: Loading FMLModContainer from classloader cpw.mods.modlauncher.TransformingClassLoader@46fc522d - got cpw.mods.cl.ModuleClassLoader@39651a82
[17:40:27] [Render thread/DEBUG] [ne.mi.fm.ja.FMLModContainer/LOADING]: Creating FMLModContainer instance for software.bernie.example.GeckoLibMod
[17:40:27] [Render thread/DEBUG] [ne.mi.fm.ja.FMLJavaModLanguageProvider/LOADING]: Loading FMLModContainer from classloader cpw.mods.modlauncher.TransformingClassLoader@46fc522d - got cpw.mods.cl.ModuleClassLoader@39651a82
[17:40:27] [Render thread/DEBUG] [ne.mi.fm.ja.FMLModContainer/LOADING]: Creating FMLModContainer instance for net.mcreator.dyairdrop.DyairdropMod
[17:40:27] [Render thread/DEBUG] [ne.mi.fm.ja.FMLJavaModLanguageProvider/LOADING]: Loading FMLModContainer from classloader cpw.mods.modlauncher.TransformingClassLoader@46fc522d - got cpw.mods.cl.ModuleClassLoader@39651a82
[17:40:27] [Render thread/DEBUG] [ne.mi.fm.ja.FMLModContainer/LOADING]: Creating FMLModContainer instance for com.tacz.guns.GunMod
[17:40:27] [Render thread/DEBUG] [ne.mi.fm.ja.FMLJavaModLanguageProvider/LOADING]: Loading FMLModContainer from classloader cpw.mods.modlauncher.TransformingClassLoader@46fc522d - got cpw.mods.cl.ModuleClassLoader@39651a82
[17:40:27] [Render thread/DEBUG] [ne.mi.fm.ja.FMLModContainer/LOADING]: Creating FMLModContainer instance for net.p3pp3rf1y.sophisticatedcore.SophisticatedCore
[17:40:27] [Render thread/DEBUG] [ne.mi.fm.ja.FMLJavaModLanguageProvider/LOADING]: Loading FMLModContainer from classloader cpw.mods.modlauncher.TransformingClassLoader@46fc522d - got cpw.mods.cl.ModuleClassLoader@39651a82
[17:40:27] [Render thread/DEBUG] [ne.mi.fm.ja.FMLModContainer/LOADING]: Creating FMLModContainer instance for com.ordana.immersive_weathering.forge.ImmersiveWeatheringForge
[17:40:27] [Render thread/DEBUG] [ne.mi.fm.ja.FMLJavaModLanguageProvider/LOADING]: Loading FMLModContainer from classloader cpw.mods.modlauncher.TransformingClassLoader@46fc522d - got cpw.mods.cl.ModuleClassLoader@39651a82
[17:40:27] [Render thread/DEBUG] [ne.mi.fm.ja.FMLModContainer/LOADING]: Creating FMLModContainer instance for net.marblednull.marbledsarsenal.MarbledsArsenal
[17:40:27] [Render thread/DEBUG] [ne.mi.fm.ja.FMLJavaModLanguageProvider/LOADING]: Loading FMLModContainer from classloader cpw.mods.modlauncher.TransformingClassLoader@46fc522d - got cpw.mods.cl.ModuleClassLoader@39651a82
[17:40:27] [Render thread/DEBUG] [ne.mi.fm.ja.FMLModContainer/LOADING]: Creating FMLModContainer instance for me.muksc.tacztweaks.TaCZTweaks
[17:40:27] [Render thread/DEBUG] [ne.mi.fm.ja.FMLJavaModLanguageProvider/LOADING]: Loading FMLModContainer from classloader cpw.mods.modlauncher.TransformingClassLoader@46fc522d - got cpw.mods.cl.ModuleClassLoader@39651a82
[17:40:27] [Render thread/DEBUG] [ne.mi.fm.ja.FMLModContainer/LOADING]: Creating FMLModContainer instance for journeymap.common.Journeymap
[17:40:27] [Render thread/DEBUG] [ne.mi.fm.ja.FMLJavaModLanguageProvider/LOADING]: Loading FMLModContainer from classloader cpw.mods.modlauncher.TransformingClassLoader@46fc522d - got cpw.mods.cl.ModuleClassLoader@39651a82
[17:40:27] [Render thread/DEBUG] [ne.mi.fm.ja.FMLModContainer/LOADING]: Creating FMLModContainer instance for org.berezka.berezka_api.Berezka_api
[17:40:27] [Render thread/DEBUG] [ne.mi.fm.ja.FMLJavaModLanguageProvider/LOADING]: Loading FMLModContainer from classloader cpw.mods.modlauncher.TransformingClassLoader@46fc522d - got cpw.mods.cl.ModuleClassLoader@39651a82
[17:40:27] [Render thread/DEBUG] [ne.mi.fm.ja.FMLModContainer/LOADING]: Creating FMLModContainer instance for com.github.alexthe666.citadel.Citadel
[17:40:27] [Render thread/DEBUG] [ne.mi.fm.ja.FMLJavaModLanguageProvider/LOADING]: Loading FMLModContainer from classloader cpw.mods.modlauncher.TransformingClassLoader@46fc522d - got cpw.mods.cl.ModuleClassLoader@39651a82
[17:40:27] [Render thread/DEBUG] [ne.mi.fm.ja.FMLModContainer/LOADING]: Creating FMLModContainer instance for com.corosus.zombieawareness.ZombieAwareness
[17:40:27] [Render thread/DEBUG] [ne.mi.fm.ja.FMLJavaModLanguageProvider/LOADING]: Loading FMLModContainer from classloader cpw.mods.modlauncher.TransformingClassLoader@46fc522d - got cpw.mods.cl.ModuleClassLoader@39651a82
[17:40:27] [Render thread/DEBUG] [ne.mi.fm.ja.FMLModContainer/LOADING]: Creating FMLModContainer instance for net.marblednull.mcore.MarbledsCore
[17:40:27] [Render thread/DEBUG] [ne.mi.fm.ja.FMLJavaModLanguageProvider/LOADING]: Loading FMLModContainer from classloader cpw.mods.modlauncher.TransformingClassLoader@46fc522d - got cpw.mods.cl.ModuleClassLoader@39651a82
[17:40:27] [Render thread/DEBUG] [ne.mi.fm.ja.FMLModContainer/LOADING]: Creating FMLModContainer instance for net.darkhax.badmobs.BadMobs
[17:40:27] [Render thread/DEBUG] [ne.mi.fm.ja.FMLJavaModLanguageProvider/LOADING]: Loading FMLModContainer from classloader cpw.mods.modlauncher.TransformingClassLoader@46fc522d - got cpw.mods.cl.ModuleClassLoader@39651a82
[17:40:27] [Render thread/DEBUG] [ne.mi.fm.ja.FMLModContainer/LOADING]: Creating FMLModContainer instance for net.p3pp3rf1y.sophisticatedbackpacks.SophisticatedBackpacks
[17:40:27] [Render thread/DEBUG] [th.ko.LoggerKt/LOADING]: Loading KotlinModContainer from classloader cpw.mods.modlauncher.TransformingClassLoader@46fc522d - got cpw.mods.cl.ModuleClassLoader@39651a82}
[17:40:27] [Render thread/DEBUG] [th.ko.LoggerKt/LOADING]: Creating KotlinModContainer instance for com.atsuishio.superbwarfare.Mod
[17:40:27] [Render thread/DEBUG] [ne.mi.fm.ja.FMLJavaModLanguageProvider/LOADING]: Loading FMLModContainer from classloader cpw.mods.modlauncher.TransformingClassLoader@46fc522d - got cpw.mods.cl.ModuleClassLoader@39651a82
[17:40:27] [Render thread/DEBUG] [ne.mi.fm.ja.FMLModContainer/LOADING]: Creating FMLModContainer instance for net.smileycorp.hordes.common.Hordes
[17:40:27] [Render thread/DEBUG] [ne.mi.fm.ja.FMLJavaModLanguageProvider/LOADING]: Loading FMLModContainer from classloader cpw.mods.modlauncher.TransformingClassLoader@46fc522d - got cpw.mods.cl.ModuleClassLoader@39651a82
[17:40:27] [Render thread/DEBUG] [ne.mi.fm.ja.FMLModContainer/LOADING]: Creating FMLModContainer instance for stev6.nomindlessshooting.NoMindlessShooting
[17:40:27] [Render thread/DEBUG] [ne.mi.fm.ja.FMLJavaModLanguageProvider/LOADING]: Loading FMLModContainer from classloader cpw.mods.modlauncher.TransformingClassLoader@46fc522d - got cpw.mods.cl.ModuleClassLoader@39651a82
[17:40:27] [Render thread/DEBUG] [ne.mi.fm.ja.FMLModContainer/LOADING]: Creating FMLModContainer instance for me.shedaniel.clothconfig.ClothConfigForge
[17:40:27] [Render thread/DEBUG] [ne.mi.fm.ja.FMLJavaModLanguageProvider/LOADING]: Loading FMLModContainer from classloader cpw.mods.modlauncher.TransformingClassLoader@46fc522d - got cpw.mods.cl.ModuleClassLoader@39651a82
[17:40:27] [Render thread/DEBUG] [ne.mi.fm.ja.FMLModContainer/LOADING]: Creating FMLModContainer instance for net.minecraftforge.common.ForgeMod
[17:40:27] [Render thread/DEBUG] [ne.mi.fm.ja.FMLJavaModLanguageProvider/LOADING]: Loading FMLModContainer from classloader cpw.mods.modlauncher.TransformingClassLoader@46fc522d - got cpw.mods.cl.ModuleClassLoader@39651a82
[17:40:27] [Render thread/DEBUG] [ne.mi.fm.ja.FMLModContainer/LOADING]: Creating FMLModContainer instance for ru.pi.supressingtagz.SupressingTAGZ
[17:40:27] [Render thread/DEBUG] [ne.mi.fm.ja.FMLJavaModLanguageProvider/LOADING]: Loading FMLModContainer from classloader cpw.mods.modlauncher.TransformingClassLoader@46fc522d - got cpw.mods.cl.ModuleClassLoader@39651a82
[17:40:27] [Render thread/DEBUG] [ne.mi.fm.ja.FMLModContainer/LOADING]: Creating FMLModContainer instance for com.cyberbutcher.rbi.RBI
[17:40:27] [Render thread/DEBUG] [ne.mi.fm.ja.FMLJavaModLanguageProvider/LOADING]: Loading FMLModContainer from classloader cpw.mods.modlauncher.TransformingClassLoader@46fc522d - got cpw.mods.cl.ModuleClassLoader@39651a82
[17:40:27] [Render thread/DEBUG] [ne.mi.fm.ja.FMLModContainer/LOADING]: Creating FMLModContainer instance for com.example.taczmeshloader.TacZMeshLoaderMod
[17:40:27] [Render thread/DEBUG] [ne.mi.fm.ja.FMLJavaModLanguageProvider/LOADING]: Loading FMLModContainer from classloader cpw.mods.modlauncher.TransformingClassLoader@46fc522d - got cpw.mods.cl.ModuleClassLoader@39651a82
[17:40:27] [Render thread/DEBUG] [ne.mi.fm.ja.FMLModContainer/LOADING]: Creating FMLModContainer instance for net.devra.accuratehitboxes.AccurateHitboxes
[17:40:27] [Render thread/DEBUG] [ne.mi.fm.ja.FMLJavaModLanguageProvider/LOADING]: Loading FMLModContainer from classloader cpw.mods.modlauncher.TransformingClassLoader@46fc522d - got cpw.mods.cl.ModuleClassLoader@39651a82
[17:40:27] [Render thread/DEBUG] [ne.mi.fm.ja.FMLModContainer/LOADING]: Creating FMLModContainer instance for vectorwing.farmersdelight.FarmersDelight
[17:40:27] [Render thread/DEBUG] [ne.mi.fm.ja.FMLJavaModLanguageProvider/LOADING]: Loading FMLModContainer from classloader cpw.mods.modlauncher.TransformingClassLoader@46fc522d - got cpw.mods.cl.ModuleClassLoader@39651a82
[17:40:27] [Render thread/DEBUG] [ne.mi.fm.ja.FMLModContainer/LOADING]: Creating FMLModContainer instance for com.tacz.immersive_ballistic.ImmersiveBallistic
[17:40:27] [Render thread/DEBUG] [ne.mi.fm.ja.FMLJavaModLanguageProvider/LOADING]: Loading FMLModContainer from classloader cpw.mods.modlauncher.TransformingClassLoader@46fc522d - got cpw.mods.cl.ModuleClassLoader@39651a82
[17:40:27] [Render thread/DEBUG] [ne.mi.fm.ja.FMLModContainer/LOADING]: Creating FMLModContainer instance for terrablender.core.TerraBlenderForge
[17:40:27] [Render thread/DEBUG] [ne.mi.fm.ja.FMLJavaModLanguageProvider/LOADING]: Loading FMLModContainer from classloader cpw.mods.modlauncher.TransformingClassLoader@46fc522d - got cpw.mods.cl.ModuleClassLoader@39651a82
[17:40:27] [Render thread/DEBUG] [ne.mi.fm.ja.FMLModContainer/LOADING]: Creating FMLModContainer instance for net.mehvahdjukaar.moonlight.forge.MoonlightForge
[17:40:27] [Render thread/DEBUG] [ne.mi.fm.ja.FMLJavaModLanguageProvider/LOADING]: Loading FMLModContainer from classloader cpw.mods.modlauncher.TransformingClassLoader@46fc522d - got cpw.mods.cl.ModuleClassLoader@39651a82
[17:40:27] [Render thread/DEBUG] [ne.mi.fm.ja.FMLModContainer/LOADING]: Creating FMLModContainer instance for com.bawnorton.mixinsquared.platform.forge.MixinSquaredMod
[17:40:27] [Render thread/DEBUG] [ne.mi.fm.ja.FMLJavaModLanguageProvider/LOADING]: Loading FMLModContainer from classloader cpw.mods.modlauncher.TransformingClassLoader@46fc522d - got cpw.mods.cl.ModuleClassLoader@39651a82
[17:40:27] [Render thread/DEBUG] [ne.mi.fm.ja.FMLModContainer/LOADING]: Creating FMLModContainer instance for net.mcreator.survivalinstinct.SurvivalInstinctMod
[17:40:27] [Render thread/DEBUG] [ne.mi.fm.ja.FMLJavaModLanguageProvider/LOADING]: Loading FMLModContainer from classloader cpw.mods.modlauncher.TransformingClassLoader@46fc522d - got cpw.mods.cl.ModuleClassLoader@39651a82
[17:40:27] [Render thread/DEBUG] [ne.mi.fm.ja.FMLModContainer/LOADING]: Creating FMLModContainer instance for me.xjqsh.lrtactical.EquipmentMod
[17:40:27] [Render thread/DEBUG] [th.ko.LoggerKt/LOADING]: Loading KotlinModContainer from classloader cpw.mods.modlauncher.TransformingClassLoader@46fc522d - got cpw.mods.cl.ModuleClassLoader@39651a82}
[17:40:27] [Render thread/DEBUG] [th.ko.LoggerKt/LOADING]: Creating KotlinModContainer instance for thedarkcolour.kotlinforforge.test.KotlinForForge
[17:40:27] [Render thread/DEBUG] [ne.mi.fm.ja.FMLJavaModLanguageProvider/LOADING]: Loading FMLModContainer from classloader cpw.mods.modlauncher.TransformingClassLoader@46fc522d - got cpw.mods.cl.ModuleClassLoader@39651a82
[17:40:27] [Render thread/DEBUG] [ne.mi.fm.ja.FMLModContainer/LOADING]: Creating FMLModContainer instance for com.sylsatra.jmvworldborder.JmvWorldBorderMod
[17:40:27] [Render thread/DEBUG] [ne.mi.fm.ja.FMLJavaModLanguageProvider/LOADING]: Loading FMLModContainer from classloader cpw.mods.modlauncher.TransformingClassLoader@46fc522d - got cpw.mods.cl.ModuleClassLoader@39651a82
[17:40:27] [Render thread/DEBUG] [ne.mi.fm.ja.FMLModContainer/LOADING]: Creating FMLModContainer instance for moh.realisticblood.TaczRealisticbloodMod
[17:40:27] [Render thread/DEBUG] [ne.mi.fm.ja.FMLJavaModLanguageProvider/LOADING]: Loading FMLModContainer from classloader cpw.mods.modlauncher.TransformingClassLoader@46fc522d - got cpw.mods.cl.ModuleClassLoader@39651a82
[17:40:27] [Render thread/DEBUG] [ne.mi.fm.ja.FMLModContainer/LOADING]: Creating FMLModContainer instance for top.theillusivec4.curios.Curios
[17:40:27] [Render thread/DEBUG] [ne.mi.fm.ja.FMLJavaModLanguageProvider/LOADING]: Loading FMLModContainer from classloader cpw.mods.modlauncher.TransformingClassLoader@46fc522d - got cpw.mods.cl.ModuleClassLoader@39651a82
[17:40:27] [Render thread/DEBUG] [ne.mi.fm.ja.FMLModContainer/LOADING]: Creating FMLModContainer instance for com.raiiiden.ragdollified.Ragdollified
[17:40:27] [Render thread/DEBUG] [ne.mi.fm.ja.FMLJavaModLanguageProvider/LOADING]: Loading FMLModContainer from classloader cpw.mods.modlauncher.TransformingClassLoader@46fc522d - got cpw.mods.cl.ModuleClassLoader@39651a82
[17:40:27] [Render thread/DEBUG] [ne.mi.fm.ja.FMLModContainer/LOADING]: Creating FMLModContainer instance for com.github.mcmodderanchor.simplebedrockmodel.SimpleBedrockModel
[17:40:27] [Render thread/DEBUG] [ne.mi.fm.ja.FMLJavaModLanguageProvider/LOADING]: Loading FMLModContainer from classloader cpw.mods.modlauncher.TransformingClassLoader@46fc522d - got cpw.mods.cl.ModuleClassLoader@39651a82
[17:40:27] [Render thread/DEBUG] [ne.mi.fm.ja.FMLModContainer/LOADING]: Creating FMLModContainer instance for com.corrinedev.addon.Gunpack
[17:40:27] [Render thread/DEBUG] [ne.mi.fm.ja.FMLJavaModLanguageProvider/LOADING]: Loading FMLModContainer from classloader cpw.mods.modlauncher.TransformingClassLoader@46fc522d - got cpw.mods.cl.ModuleClassLoader@39651a82
[17:40:27] [Render thread/DEBUG] [ne.mi.fm.ja.FMLModContainer/LOADING]: Creating FMLModContainer instance for com.lootchestrefill.LootChestRefill
[17:40:27] [Render thread/DEBUG] [ne.mi.fm.ja.FMLJavaModLanguageProvider/LOADING]: Loading FMLModContainer from classloader cpw.mods.modlauncher.TransformingClassLoader@46fc522d - got cpw.mods.cl.ModuleClassLoader@39651a82
[17:40:27] [Render thread/DEBUG] [ne.mi.fm.ja.FMLModContainer/LOADING]: Creating FMLModContainer instance for com.alrex.parcool.ParCool
[17:40:27] [Render thread/DEBUG] [ne.mi.fm.ja.FMLJavaModLanguageProvider/LOADING]: Loading FMLModContainer from classloader cpw.mods.modlauncher.TransformingClassLoader@46fc522d - got cpw.mods.cl.ModuleClassLoader@39651a82
[17:40:27] [Render thread/DEBUG] [ne.mi.fm.ja.FMLModContainer/LOADING]: Creating FMLModContainer instance for net.chaoscraft.chaoszprojectbandits.ChaosZProjectBandits
[17:40:27] [Render thread/DEBUG] [ne.mi.fm.ja.FMLJavaModLanguageProvider/LOADING]: Loading FMLModContainer from classloader cpw.mods.modlauncher.TransformingClassLoader@46fc522d - got cpw.mods.cl.ModuleClassLoader@39651a82
[17:40:27] [Render thread/DEBUG] [ne.mi.fm.ja.FMLModContainer/LOADING]: Creating FMLModContainer instance for com.raiiiden.taczadditions.TaczAdditions
[17:40:27] [Render thread/DEBUG] [ne.mi.fm.ja.FMLJavaModLanguageProvider/LOADING]: Loading FMLModContainer from classloader cpw.mods.modlauncher.TransformingClassLoader@46fc522d - got cpw.mods.cl.ModuleClassLoader@39651a82
[17:40:27] [Render thread/DEBUG] [ne.mi.fm.ja.FMLModContainer/LOADING]: Creating FMLModContainer instance for mcjty.lostcities.LostCities
[17:40:27] [Render thread/DEBUG] [ne.mi.fm.lo.Lo.LowCodeModTarget/LOADING]: Loading LowCodeModContainer from classloader cpw.mods.modlauncher.TransformingClassLoader@46fc522d - got cpw.mods.cl.ModuleClassLoader@39651a82
[17:40:27] [Render thread/DEBUG] [ne.mi.fm.lo.LowCodeModContainer/LOADING]: Creating LowCodeModContainer for keerdm_zombie_essentials
[17:40:27] [Render thread/DEBUG] [ne.mi.fm.ja.FMLJavaModLanguageProvider/LOADING]: Loading FMLModContainer from classloader cpw.mods.modlauncher.TransformingClassLoader@46fc522d - got cpw.mods.cl.ModuleClassLoader@39651a82
[17:40:27] [Render thread/DEBUG] [ne.mi.fm.ja.FMLModContainer/LOADING]: Creating FMLModContainer instance for net.mcreator.tacticalvest.TacticalvestsMod
[17:40:27] [Render thread/DEBUG] [ne.mi.fm.ja.FMLJavaModLanguageProvider/LOADING]: Loading FMLModContainer from classloader cpw.mods.modlauncher.TransformingClassLoader@46fc522d - got cpw.mods.cl.ModuleClassLoader@39651a82
[17:40:27] [Render thread/DEBUG] [ne.mi.fm.ja.FMLModContainer/LOADING]: Creating FMLModContainer instance for net.smileycorp.atlas.common.AtlasLib
[17:40:27] [Render thread/DEBUG] [ne.mi.fm.ja.FMLJavaModLanguageProvider/LOADING]: Loading FMLModContainer from classloader cpw.mods.modlauncher.TransformingClassLoader@46fc522d - got cpw.mods.cl.ModuleClassLoader@39651a82
[17:40:27] [Render thread/DEBUG] [ne.mi.fm.ja.FMLModContainer/LOADING]: Creating FMLModContainer instance for com.corosus.coroutil.loader.forge.ConfigModForge
[17:40:27] [Render thread/DEBUG] [ne.mi.fm.ja.FMLJavaModLanguageProvider/LOADING]: Loading FMLModContainer from classloader cpw.mods.modlauncher.TransformingClassLoader@46fc522d - got cpw.mods.cl.ModuleClassLoader@39651a82
[17:40:27] [Render thread/DEBUG] [ne.mi.fm.ja.FMLModContainer/LOADING]: Creating FMLModContainer instance for dev.architectury.forge.ArchitecturyForge
[17:40:27] [Render thread/DEBUG] [ne.mi.fm.ja.FMLJavaModLanguageProvider/LOADING]: Loading FMLModContainer from classloader cpw.mods.modlauncher.TransformingClassLoader@46fc522d - got cpw.mods.cl.ModuleClassLoader@39651a82
[17:40:27] [Render thread/DEBUG] [ne.mi.fm.ja.FMLModContainer/LOADING]: Creating FMLModContainer instance for com.builtbroken.ai.improvements.AIImprovements
[17:40:27] [Render thread/DEBUG] [ne.mi.fm.ja.FMLJavaModLanguageProvider/LOADING]: Loading FMLModContainer from classloader cpw.mods.modlauncher.TransformingClassLoader@46fc522d - got cpw.mods.cl.ModuleClassLoader@39651a82
[17:40:27] [Render thread/DEBUG] [ne.mi.fm.ja.FMLModContainer/LOADING]: Creating FMLModContainer instance for dev.isxander.yacl3.platform.PlatformEntrypoint
[17:40:27] [Render thread/DEBUG] [ne.mi.fm.ja.FMLJavaModLanguageProvider/LOADING]: Loading FMLModContainer from classloader cpw.mods.modlauncher.TransformingClassLoader@46fc522d - got cpw.mods.cl.ModuleClassLoader@39651a82
[17:40:27] [Render thread/DEBUG] [ne.mi.fm.ja.FMLModContainer/LOADING]: Creating FMLModContainer instance for com.mrcrayfish.framework.FrameworkForge
[17:40:27] [modloading-worker-0/INFO] [mcpubg/]: Loading MCPubg Battle Royale Mod...
[17:40:28] [modloading-worker-0/INFO] [mcpubg/]: Config directory created/verified: config/mcpubg
[17:40:28] [modloading-worker-0/INFO] [mcpubg/]: Loaded config: maps.json
[17:40:28] [modloading-worker-0/INFO] [mcpubg/]: Loaded config: guns.json
[17:40:28] [modloading-worker-0/INFO] [mcpubg/]: Loaded config: zone.json
[17:40:28] [modloading-worker-0/DEBUG] [mixin/]: Mixing MinecraftServerMixin from citadel.mixins.json into net.minecraft.server.MinecraftServer
[17:40:28] [modloading-worker-0/DEBUG] [mixin/]: Mixing MinecraftServerMixin from moonlight.mixins.json into net.minecraft.server.MinecraftServer
[17:40:28] [modloading-worker-0/INFO] [mcpubg/]: MatchManager initialized
[17:40:28] [modloading-worker-0/INFO] [mcpubg/]: Loaded config: maps.json
[17:40:28] [modloading-worker-0/INFO] [mcpubg/]: Loaded config: guns.json
[17:40:28] [modloading-worker-0/INFO] [mcpubg/]: Loaded config: zone.json
[17:40:28] [modloading-worker-0/INFO] [mcpubg/]: Loaded 1 map(s), 4 gun tiers, 6 zone phases
[17:40:28] [modloading-worker-0/DEBUG] [ne.mi.fm.co.ConfigTracker/CONFIG]: Config file tacz-common.toml for tacz tracking
[17:40:28] [modloading-worker-0/DEBUG] [ne.mi.fm.co.ConfigTracker/CONFIG]: Config file sophisticatedcore-common.toml for sophisticatedcore tracking
[17:40:28] [modloading-worker-0/DEBUG] [ne.mi.fm.co.ConfigTracker/CONFIG]: Config file immersive_weathering-common.toml for immersive_weathering tracking
[17:40:28] [modloading-worker-0/DEBUG] [ne.mi.fm.co.ConfigTracker/CONFIG]: Config file sophisticatedcore-client.toml for sophisticatedcore tracking
[17:40:28] [modloading-worker-0/DEBUG] [ne.mi.fm.co.ConfigTracker/CONFIG]: Config file tacz-server.toml for tacz tracking
[17:40:28] [modloading-worker-0/INFO] [co.tl.mc.co.StatsSystem/]: [Stats] No existing stats file, starting fresh
[17:40:28] [modloading-worker-0/DEBUG] [ne.mi.fm.co.ConfigTracker/CONFIG]: Config file tacz-client.toml for tacz tracking
[17:40:28] [modloading-worker-0/DEBUG] [mixin/]: Mixing ReloadableServerResourcesMixin from moonlight-common.mixins.json into net.minecraft.server.ReloadableServerResources
[17:40:28] [modloading-worker-0/INFO] [or.be.be.Berezka_api/]: [Berezka API] Berezka is loading...
[17:40:28] [modloading-worker-0/DEBUG] [ne.mi.fm.ja.AutomaticEventSubscriber/LOADING]: Attempting to inject @EventBusSubscriber classes into the eventbus for geckolib
[17:40:28] [modloading-worker-0/DEBUG] [ne.mi.fm.co.ConfigTracker/CONFIG]: Config file immersive_weathering-client.toml for immersive_weathering tracking
[17:40:28] [modloading-worker-0/INFO] [or.be.be.Berezka_api/]: [Berezka API] loading on client...
[17:40:28] [modloading-worker-0/INFO] [or.be.be.API/]: [Berezka API] createConfig info: namespace: berezka_api, configName: BerezkaAPI
[17:40:28] [modloading-worker-0/DEBUG] [mixin/]: Mixing MixinDamageSource from hordes.mixin.json into net.minecraft.world.damagesource.DamageSource
[17:40:28] [modloading-worker-0/INFO] [or.be.be.API/]: [Berezka API] Config param list for berezka_api is {DebugMode=org.berezka.berezka_api.data.ConfigParam@5b95a279, DevMode=org.berezka.berezka_api.data.ConfigParam@7a3b7d27, DefaultDoExtraChecksValue=org.berezka.berezka_api.data.ConfigParam@1173006d, UseFolderPluginSystem=org.berezka.berezka_api.data.ConfigParam@6d9ed3dc, FolderPluginSystemList=org.berezka.berezka_api.data.ConfigParam@1b6e227c, SpawnLessLoot=org.berezka.berezka_api.data.ConfigParam@3a9da673, MaxSizeOfStructuresCache=org.berezka.berezka_api.data.ConfigParam@33e4a925, LifeTimeOfStricturesCacheEntry=org.berezka.berezka_api.data.ConfigParam@28ff8cb6, StructuresRarityMultiplier=org.berezka.berezka_api.data.ConfigParam@42682617, GlobalStructuresRotation=org.berezka.berezka_api.data.ConfigParam@1591be17, UseGlobalStructuresRotation=org.berezka.berezka_api.data.ConfigParam@3aa9001}
[17:40:28] [modloading-worker-0/DEBUG] [ne.mi.fm.ja.AutomaticEventSubscriber/LOADING]: Auto-subscribing software.bernie.example.GeckoLibMod to FORGE
[17:40:28] [modloading-worker-0/DEBUG] [ne.mi.fm.ja.AutomaticEventSubscriber/LOADING]: Auto-subscribing software.bernie.example.CommonListener to MOD
[17:40:28] [modloading-worker-0/DEBUG] [ne.mi.fm.co.ConfigTracker/CONFIG]: Config file BerezkaAPI.toml for berezka_api tracking
[17:40:28] [modloading-worker-0/INFO] [or.be.be.API/]: [Berezka API] Config for berezka_api successfully registered!
[17:40:28] [modloading-worker-0/INFO] [or.be.be.API/]: [Berezka API] Config spec: net.minecraftforge.common.ForgeConfigSpec@bfdc6c43
[17:40:28] [modloading-worker-0/INFO] [or.be.be.API/]: [Berezka API] Config file path: D:\2026WORK\MCPubgLauncherV2\.runtime\clean\config\BerezkaAPI.toml
[17:40:28] [modloading-worker-0/INFO] [or.be.be.API/]: [Berezka API] config for berezka_api was created in 9ms
[17:40:28] [modloading-worker-0/DEBUG] [mixin/]: Mixing ExplosionMixin from mixins.superbwarfare.json into net.minecraft.world.level.Explosion
[17:40:28] [modloading-worker-0/DEBUG] [mixin/]: Mixing ButtonAccessor from moonlight.mixins.json into net.minecraft.client.gui.components.Button
[17:40:28] [modloading-worker-0/DEBUG] [ne.mi.fm.ja.AutomaticEventSubscriber/LOADING]: Auto-subscribing software.bernie.example.ClientListener to MOD
[17:40:28] [modloading-worker-0/DEBUG] [mixin/]: Mixing accessor.RecipeManagerAccessor from farmersdelight.mixins.json into net.minecraft.world.item.crafting.RecipeManager
[17:40:28] [modloading-worker-0/DEBUG] [ne.mi.fm.ja.AutomaticEventSubscriber/LOADING]: Attempting to inject @EventBusSubscriber classes into the eventbus for berezka_api
[17:40:28] [modloading-worker-0/DEBUG] [ne.mi.fm.ja.AutomaticEventSubscriber/LOADING]: Auto-subscribing org.berezka.berezka_api.events.ModEventsHandler to MOD
[17:40:28] [modloading-worker-0/DEBUG] [ne.mi.fm.ja.AutomaticEventSubscriber/LOADING]: Auto-subscribing org.berezka.berezka_api.events.GameEventsHandler to FORGE
[17:40:28] [modloading-worker-0/DEBUG] [mixin/]: Mixing client.LevelRendererMixin from citadel.mixins.json into net.minecraft.client.renderer.LevelRenderer
[17:40:28] [modloading-worker-0/DEBUG] [mixin/]: Mixing LevelRendererMixin from mixins.superbwarfare.json into net.minecraft.client.renderer.LevelRenderer
[17:40:28] [modloading-worker-0/DEBUG] [mixin/]: Mixing MixinLevelRenderer from hordes.mixin.json into net.minecraft.client.renderer.LevelRenderer
[17:40:28] [modloading-worker-0/DEBUG] [ne.mi.fm.ja.AutomaticEventSubscriber/LOADING]: Attempting to inject @EventBusSubscriber classes into the eventbus for marbledsarsenal
[17:40:28] [modloading-worker-0/DEBUG] [ne.mi.fm.ja.AutomaticEventSubscriber/LOADING]: Auto-subscribing net.marblednull.marbledsarsenal.MarbledsArsenal$ClientModEvents to MOD
[17:40:28] [modloading-worker-0/DEBUG] [ne.mi.fm.ja.AutomaticEventSubscriber/LOADING]: Auto-subscribing org.berezka.berezka_api.commands.DevCommands to FORGE
[17:40:28] [modloading-worker-0/DEBUG] [mixin/]: Mixing client.MixinCommandSourceStack from architectury.mixins.json into net.minecraft.commands.CommandSourceStack
[17:40:28] [modloading-worker-0/DEBUG] [ne.mi.fm.ja.AutomaticEventSubscriber/LOADING]: Attempting to inject @EventBusSubscriber classes into the eventbus for badmobs
[17:40:28] [modloading-worker-0/INFO] [coroutil/]: forge loader environment detected
[17:40:28] [modloading-worker-0/DEBUG] [ne.mi.fm.co.ConfigTracker/CONFIG]: Config file journeymap-server.toml for journeymap tracking
[17:40:28] [modloading-worker-0/DEBUG] [ne.mi.fm.ja.AutomaticEventSubscriber/LOADING]: Attempting to inject @EventBusSubscriber classes into the eventbus for mcore
[17:40:28] [modloading-worker-0/DEBUG] [ne.mi.fm.ja.AutomaticEventSubscriber/LOADING]: Auto-subscribing net.marblednull.mcore.datagen.DataGenerators to MOD
[17:40:28] [modloading-worker-0/DEBUG] [ne.mi.fm.ja.AutomaticEventSubscriber/LOADING]: Attempting to inject @EventBusSubscriber classes into the eventbus for journeymap
[17:40:28] [modloading-worker-0/DEBUG] [ne.mi.fm.ja.AutomaticEventSubscriber/LOADING]: Auto-subscribing journeymap.common.config.forge.ForgeConfig to MOD
[17:40:28] [modloading-worker-0/DEBUG] [ne.mi.fm.ja.AutomaticEventSubscriber/LOADING]: Auto-subscribing journeymap.common.Journeymap to FORGE
[17:40:28] [modloading-worker-0/DEBUG] [mixin/]: Mixing features.melee_interactions.ModernKineticGunItemMixin from tacztweaks.mixins.json into com.tacz.guns.item.ModernKineticGunItem
[17:40:28] [modloading-worker-0/DEBUG] [mixin/]: tacztweaks.mixins.json:features.melee_interactions.ModernKineticGunItemMixin: Class version 61 required is higher than the class version supported by the current version of Mixin (JAVA_8 supports class version 52)
[17:40:28] [modloading-worker-0/DEBUG] [ne.mi.fm.co.ConfigTracker/CONFIG]: Config file zombieawareness\General.toml for zombieawareness tracking
[17:40:28] [modloading-worker-0/DEBUG] [mixin/]: Mixing GunFireMixin from taczadditions.mixins.json into com.tacz.guns.item.ModernKineticGunItem
[17:40:28] [modloading-worker-0/DEBUG] [mixin/]: Renaming synthetic method lambda$afterShoot$0(Lcom/tacz/guns/resource/index/CommonGunIndex;)Lcom/tacz/guns/resource/pojo/data/gun/GunData; to mdb1e039$lambda$afterShoot$0$0 in taczadditions.mixins.json:GunFireMixin
[17:40:28] [modloading-worker-0/DEBUG] [mixin/]: Mixing gun.unload.AbstractGunItemMixin from tacztweaks.mixins.json into com.tacz.guns.api.item.gun.AbstractGunItem
[17:40:28] [modloading-worker-0/DEBUG] [mixin/]: tacztweaks.mixins.json:gun.unload.AbstractGunItemMixin: Class version 61 required is higher than the class version supported by the current version of Mixin (JAVA_8 supports class version 52)
[17:40:28] [modloading-worker-0/DEBUG] [ne.mi.fm.co.ConfigTracker/CONFIG]: Config file zombieawareness\ClientConfig.toml for zombieawareness tracking
[17:40:28] [modloading-worker-0/DEBUG] [ne.mi.fm.ja.AutomaticEventSubscriber/LOADING]: Auto-subscribing journeymap.client.JourneymapClient to FORGE
[17:40:28] [modloading-worker-0/DEBUG] [mixin/]: Mixing CameraMixin from mixins.superbwarfare.json into net.minecraft.client.Camera
[17:40:28] [modloading-worker-0/DEBUG] [mixin/]: Mixing CameraAccessor from ragdollified.mixins.json into net.minecraft.client.Camera
[17:40:28] [modloading-worker-0/INFO] [mcpubg/]: MCPubg mod initialized successfully!
[17:40:28] [modloading-worker-0/DEBUG] [ne.mi.fm.ja.AutomaticEventSubscriber/LOADING]: Attempting to inject @EventBusSubscriber classes into the eventbus for mcpubg
[17:40:28] [modloading-worker-0/DEBUG] [ne.mi.fm.co.ConfigTracker/CONFIG]: Config file zombieawareness\Features.toml for zombieawareness tracking
[17:40:28] [modloading-worker-0/DEBUG] [ne.mi.fm.ja.AutomaticEventSubscriber/LOADING]: Auto-subscribing net.marblednull.mcore.MarbledsCore$ClientModEvents to MOD
[17:40:28] [modloading-worker-0/DEBUG] [ne.mi.fm.co.ConfigTracker/CONFIG]: Config file zombieawareness\MobLists.toml for zombieawareness tracking
[17:40:28] [modloading-worker-0/INFO] [hordes/]: Trying to load common config
[17:40:28] [modloading-worker-0/DEBUG] [ne.mi.fm.co.ConfigTracker/CONFIG]: Config file zombieawareness\PlayerRulesAndLists.toml for zombieawareness tracking
[17:40:28] [modloading-worker-0/DEBUG] [ne.mi.fm.ja.AutomaticEventSubscriber/LOADING]: Attempting to inject @EventBusSubscriber classes into the eventbus for zombieawareness
[17:40:28] [modloading-worker-0/DEBUG] [ne.mi.fm.ja.AutomaticEventSubscriber/LOADING]: Auto-subscribing com.corosus.zombieawareness.ZAEventHandler to FORGE
[17:40:28] [modloading-worker-0/DEBUG] [ne.mi.fm.ja.AutomaticEventSubscriber/LOADING]: Auto-subscribing com.corosus.zombieawareness.EntityRegistry to MOD
[17:40:28] [modloading-worker-0/DEBUG] [ne.mi.fm.ja.AutomaticEventSubscriber/LOADING]: Auto-subscribing com.corosus.zombieawareness.config.SoundsListsConfig to FORGE
[17:40:28] [modloading-worker-0/DEBUG] [ne.mi.fm.ja.AutomaticEventSubscriber/LOADING]: Attempting to inject @EventBusSubscriber classes into the eventbus for cloth_config
[17:40:28] [modloading-worker-0/DEBUG] [mixin/]: Mixing crawl.PlayerRendererMixin from tacztweaks.mixins.json into net.minecraft.client.renderer.entity.player.PlayerRenderer
[17:40:28] [modloading-worker-0/DEBUG] [mixin/]: tacztweaks.mixins.json:crawl.PlayerRendererMixin: Class version 61 required is higher than the class version supported by the current version of Mixin (JAVA_8 supports class version 52)
[17:40:28] [modloading-worker-0/DEBUG] [mixin/]: Mixing PlayerRendererMixin from mixins.superbwarfare.json into net.minecraft.client.renderer.entity.player.PlayerRenderer
[17:40:28] [modloading-worker-0/DEBUG] [ne.mi.fm.co.ConfigTracker/CONFIG]: Config file nomindlessshooting-common.toml for nomindlessshooting tracking
[17:40:28] [modloading-worker-0/DEBUG] [st.no.NoMindlessShooting/]: NoMindlessShooting started.
[17:40:28] [modloading-worker-0/DEBUG] [ne.mi.fm.ja.AutomaticEventSubscriber/LOADING]: Attempting to inject @EventBusSubscriber classes into the eventbus for nomindlessshooting
[17:40:28] [modloading-worker-0/DEBUG] [ne.mi.fm.ja.AutomaticEventSubscriber/LOADING]: Auto-subscribing stev6.nomindlessshooting.Config to MOD
[17:40:28] [modloading-worker-0/DEBUG] [ne.mi.fm.ja.AutomaticEventSubscriber/LOADING]: Auto-subscribing com.corosus.zombieawareness.config.MobListsConfig to FORGE
[17:40:28] [modloading-worker-0/DEBUG] [ne.mi.fm.ja.AutomaticEventSubscriber/LOADING]: Auto-subscribing com.corosus.zombieawareness.client.ClientRegistry to MOD
[17:40:28] [modloading-worker-0/DEBUG] [mixin/]: Mixing client.PlayerRendererMixin from parcool.mixins.json into net.minecraft.client.renderer.entity.player.PlayerRenderer
[17:40:28] [modloading-worker-0/DEBUG] [ne.mi.fm.co.ConfigTracker/CONFIG]: Config file hordes-common.toml for hordes tracking
[17:40:28] [modloading-worker-0/DEBUG] [ne.mi.fm.ja.AutomaticEventSubscriber/LOADING]: Attempting to inject @EventBusSubscriber classes into the eventbus for supressingtagz
[17:40:28] [modloading-worker-0/DEBUG] [ne.mi.fm.ja.AutomaticEventSubscriber/LOADING]: Auto-subscribing ru.pi.supressingtagz.server.SuppressingTACZLogic_Server to FORGE
[17:40:28] [modloading-worker-0/DEBUG] [ne.mi.fm.co.ConfigTracker/CONFIG]: Config file rbi-common.toml for rbi tracking
[17:40:28] [modloading-worker-0/DEBUG] [ne.mi.fm.co.ConfigTracker/CONFIG]: Config file moonlight-client.toml for immersive_weathering tracking
[17:40:28] [modloading-worker-0/DEBUG] [mixin/]: Mixing client.LivingEntityRendererMixin from citadel.mixins.json into net.minecraft.client.renderer.entity.LivingEntityRenderer
[17:40:28] [modloading-worker-0/DEBUG] [mixin/]: Mixing LivingEntityRendererMixin from mixins.superbwarfare.json into net.minecraft.client.renderer.entity.LivingEntityRenderer
[17:40:28] [modloading-worker-0/INFO] [hordes/]: Trying to load client config
[17:40:28] [modloading-worker-0/DEBUG] [mixin/]: Mixing MixinLivingEntityRenderer from hordes.mixin.json into net.minecraft.client.renderer.entity.LivingEntityRenderer
[17:40:28] [modloading-worker-0/DEBUG] [mixin/]: Mixing LivingEntityRendererMixin from accuratehitboxes.client.mixins.json into net.minecraft.client.renderer.entity.LivingEntityRenderer
[17:40:28] [modloading-worker-0/DEBUG] [ne.mi.fm.co.ConfigTracker/CONFIG]: Config file hordes-client.toml for hordes tracking
[17:40:28] [modloading-worker-0/DEBUG] [mixin/]: Mixing client.LivingRendererMixin from parcool.mixins.json into net.minecraft.client.renderer.entity.LivingEntityRenderer
[17:40:28] [modloading-worker-0/DEBUG] [mixin/]: Mixing accessor.EntityKineticBulletAccessor from tacztweaks.mixins.json into com.tacz.guns.entity.EntityKineticBullet
[17:40:28] [modloading-worker-0/DEBUG] [mixin/]: tacztweaks.mixins.json:accessor.EntityKineticBulletAccessor: Class version 61 required is higher than the class version supported by the current version of Mixin (JAVA_8 supports class version 52)
[17:40:28] [modloading-worker-0/DEBUG] [mixin/]: Mixing features.EntityKineticBulletMixin from tacztweaks.mixins.json into com.tacz.guns.entity.EntityKineticBullet
[17:40:28] [modloading-worker-0/DEBUG] [mixin/]: tacztweaks.mixins.json:features.EntityKineticBulletMixin: Class version 61 required is higher than the class version supported by the current version of Mixin (JAVA_8 supports class version 52)
[17:40:28] [modloading-worker-0/DEBUG] [mixin/]: Mixing features.bullet_sounds.EntityKineticBulletMixin from tacztweaks.mixins.json into com.tacz.guns.entity.EntityKineticBullet
[17:40:28] [modloading-worker-0/DEBUG] [mixin/]: tacztweaks.mixins.json:features.bullet_sounds.EntityKineticBulletMixin: Class version 61 required is higher than the class version supported by the current version of Mixin (JAVA_8 supports class version 52)
[17:40:28] [modloading-worker-0/DEBUG] [mixin/]: Mixing modifiers.EntityKineticBulletMixin from tacztweaks.mixins.json into com.tacz.guns.entity.EntityKineticBullet
[17:40:28] [modloading-worker-0/DEBUG] [mixin/]: tacztweaks.mixins.json:modifiers.EntityKineticBulletMixin: Class version 61 required is higher than the class version supported by the current version of Mixin (JAVA_8 supports class version 52)
[17:40:28] [modloading-worker-0/DEBUG] [mixin/]: Mixing tweaks.EntityKineticBulletMixin from tacztweaks.mixins.json into com.tacz.guns.entity.EntityKineticBullet
[17:40:28] [modloading-worker-0/DEBUG] [mixin/]: tacztweaks.mixins.json:tweaks.EntityKineticBulletMixin: Class version 61 required is higher than the class version supported by the current version of Mixin (JAVA_8 supports class version 52)
[17:40:28] [modloading-worker-0/DEBUG] [mixin/]: Mixing EntityKineticBulletMixin from immersive_ballistic.mixins.json into com.tacz.guns.entity.EntityKineticBullet
[17:40:28] [modloading-worker-0/DEBUG] [mixin/]: immersive_ballistic.mixins.json:EntityKineticBulletMixin: Class version 61 required is higher than the class version supported by the current version of Mixin (JAVA_13 supports class version 57)
[17:40:28] [modloading-worker-0/INFO] [hordes/]: Config data files are up to date, skipping data/asset generation
[17:40:28] [modloading-worker-0/DEBUG] [ne.mi.fm.ja.AutomaticEventSubscriber/LOADING]: Attempting to inject @EventBusSubscriber classes into the eventbus for hordes
[17:40:28] [modloading-worker-0/DEBUG] [ne.mi.fm.ja.AutomaticEventSubscriber/LOADING]: Auto-subscribing net.smileycorp.hordes.common.command.HordeCommands to FORGE
[17:40:28] [modloading-worker-0/DEBUG] [ne.mi.fm.ja.AutomaticEventSubscriber/LOADING]: Auto-subscribing net.smileycorp.hordes.common.MiscEventHandler to MOD
[17:40:28] [modloading-worker-0/DEBUG] [ne.mi.ve.fo.ForgeVersion/CORE]: Forge Version package package net.minecraftforge.versions.forge, Forge, version 47.4 from cpw.mods.modlauncher.TransformingClassLoader@46fc522d
[17:40:28] [modloading-worker-0/DEBUG] [ne.mi.ve.fo.ForgeVersion/CORE]: Found Forge version 47.4.10
[17:40:28] [modloading-worker-0/DEBUG] [ne.mi.ve.fo.ForgeVersion/CORE]: Found Forge spec 47.4
[17:40:28] [modloading-worker-0/DEBUG] [ne.mi.ve.fo.ForgeVersion/CORE]: Found Forge group net.minecraftforge
[17:40:28] [modloading-worker-0/DEBUG] [ne.mi.fm.ja.AutomaticEventSubscriber/LOADING]: Attempting to inject @EventBusSubscriber classes into the eventbus for rbi
[17:40:28] [modloading-worker-0/DEBUG] [ne.mi.fm.ja.AutomaticEventSubscriber/LOADING]: Auto-subscribing com.cyberbutcher.rbi.events.ClientModEvents to MOD
[17:40:28] [modloading-worker-0/DEBUG] [ne.mi.ve.mc.MCPVersion/CORE]: MCP Version package package net.minecraftforge.versions.mcp, Minecraft, version 1.20.1 from cpw.mods.modlauncher.TransformingClassLoader@46fc522d
[17:40:28] [modloading-worker-0/DEBUG] [ne.mi.ve.mc.MCPVersion/CORE]: Found MC version information 1.20.1
[17:40:28] [modloading-worker-0/DEBUG] [ne.mi.ve.mc.MCPVersion/CORE]: Found MCP version information 20230612.114412
[17:40:28] [modloading-worker-0/INFO] [ne.mi.co.ForgeMod/FORGEMOD]: Forge mod loading, version 47.4.10, for MC 1.20.1 with MCP 20230612.114412
[17:40:28] [modloading-worker-0/INFO] [ne.mi.co.MinecraftForge/FORGE]: MinecraftForge v47.4.10 Initialized
[17:40:28] [modloading-worker-0/DEBUG] [ne.mi.fm.ja.AutomaticEventSubscriber/LOADING]: Auto-subscribing net.smileycorp.hordes.common.Hordes to MOD
[17:40:28] [modloading-worker-0/DEBUG] [ne.mi.fm.ja.AutomaticEventSubscriber/LOADING]: Auto-subscribing net.smileycorp.hordes.client.ClientHandler to MOD
[17:40:28] [modloading-worker-0/DEBUG] [ne.mi.fm.ja.AutomaticEventSubscriber/LOADING]: Auto-subscribing ru.pi.supressingtagz.client.visual.Suppressing to FORGE
[17:40:28] [modloading-worker-0/DEBUG] [ne.mi.fm.co.ConfigTracker/CONFIG]: Config file citadel-common.toml for citadel tracking
[17:40:28] [modloading-worker-0/DEBUG] [ne.mi.fm.ja.AutomaticEventSubscriber/LOADING]: Attempting to inject @EventBusSubscriber classes into the eventbus for citadel
[17:40:28] [modloading-worker-0/DEBUG] [mixin/]: Mixing client.SoundEngineMixin from citadel.mixins.json into net.minecraft.client.sounds.SoundEngine
[17:40:28] [modloading-worker-0/DEBUG] [ne.mi.fm.ja.AutomaticEventSubscriber/LOADING]: Auto-subscribing com.github.alexthe666.citadel.ServerProxy to MOD
[17:40:28] [modloading-worker-0/DEBUG] [ne.mi.fm.ja.AutomaticEventSubscriber/LOADING]: Auto-subscribing com.github.alexthe666.citadel.ClientProxy to MOD
[17:40:28] [modloading-worker-0/INFO] [co.ex.ta.TacZMeshLoaderMod/]: [TacZMeshLoader] Initialized.
[17:40:28] [modloading-worker-0/DEBUG] [ne.mi.fm.ja.AutomaticEventSubscriber/LOADING]: Auto-subscribing com.cyberbutcher.rbi.events.ClientEvents to FORGE
[17:40:28] [modloading-worker-0/DEBUG] [ne.mi.fm.ja.AutomaticEventSubscriber/LOADING]: Attempting to inject @EventBusSubscriber classes into the eventbus for dyairdrop
[17:40:28] [modloading-worker-0/DEBUG] [ne.mi.fm.ja.AutomaticEventSubscriber/LOADING]: Auto-subscribing net.mcreator.dyairdrop.world.inventory.TestGUI2Menu to FORGE
[17:40:28] [modloading-worker-0/INFO] [co.ex.ta.TacZMeshLoaderMod/]: [TacZMeshLoader] Registered TacZ client setup listener.
[17:40:28] [modloading-worker-0/INFO] [co.ex.ta.TacZMeshLoaderMod/]: [TacZMeshLoader] Registered batch flush handler.
[17:40:28] [modloading-worker-0/DEBUG] [mixin/]: Mixing MultiPlayerGameModeMixin from mixins.superbwarfare.json into net.minecraft.client.multiplayer.MultiPlayerGameMode
[17:40:28] [modloading-worker-0/DEBUG] [mixin/]: Mixing ClientPlayerInteractionManagerMixin from accuratehitboxes.client.mixins.json into net.minecraft.client.multiplayer.MultiPlayerGameMode
[17:40:28] [modloading-worker-0/DEBUG] [ne.mi.fm.ja.AutomaticEventSubscriber/LOADING]: Auto-subscribing net.mcreator.dyairdrop.world.inventory.PannelREMenu to FORGE
[17:40:28] [modloading-worker-0/DEBUG] [ne.mi.fm.ja.AutomaticEventSubscriber/LOADING]: Auto-subscribing net.mcreator.dyairdrop.world.inventory.PannelRE2Menu to FORGE
[17:40:28] [modloading-worker-0/DEBUG] [ne.mi.fm.ja.AutomaticEventSubscriber/LOADING]: Auto-subscribing net.mcreator.dyairdrop.world.inventory.PannelMenu to FORGE
[17:40:28] [modloading-worker-0/DEBUG] [mixin/]: Mixing AccessorBlockColor from immersive_weathering.mixins.json into net.minecraft.client.color.block.BlockColors
[17:40:28] [modloading-worker-0/DEBUG] [mixin/]: immersive_weathering.mixins.json:AccessorBlockColor: Class version 61 required is higher than the class version supported by the current version of Mixin (JAVA_16 supports class version 60)
[17:40:28] [modloading-worker-0/INFO] [co.ex.ta.TacZMeshLoaderMod/]: [TacZMeshLoader] Registered shader state tracker.
[17:40:28] [modloading-worker-0/DEBUG] [ne.mi.fm.ja.AutomaticEventSubscriber/LOADING]: Attempting to inject @EventBusSubscriber classes into the eventbus for taczmeshloader
[17:40:28] [modloading-worker-0/DEBUG] [ne.mi.fm.ja.AutomaticEventSubscriber/LOADING]: Auto-subscribing com.example.taczmeshloader.render.ShaderStateTracker to FORGE
[17:40:28] [modloading-worker-0/DEBUG] [ne.mi.fm.ja.AutomaticEventSubscriber/LOADING]: Auto-subscribing com.example.taczmeshloader.render.MeshyBatchFlushHandler to FORGE
[17:40:28] [modloading-worker-0/DEBUG] [ne.mi.fm.ja.AutomaticEventSubscriber/LOADING]: Auto-subscribing net.mcreator.dyairdrop.procedures.WorldairdropeventsProcedure to FORGE
[17:40:28] [modloading-worker-0/DEBUG] [ne.mi.fm.ja.AutomaticEventSubscriber/LOADING]: Auto-subscribing net.mcreator.dyairdrop.procedures.UnlockflaregunProcedure to FORGE
[17:40:28] [modloading-worker-0/DEBUG] [ne.mi.fm.ja.AutomaticEventSubscriber/LOADING]: Auto-subscribing net.mcreator.dyairdrop.network.TestGUI2ButtonMessage to MOD
[17:40:28] [modloading-worker-0/DEBUG] [ne.mi.fm.ja.AutomaticEventSubscriber/LOADING]: Attempting to inject @EventBusSubscriber classes into the eventbus for accuratehitboxes
[17:40:28] [modloading-worker-0/DEBUG] [ne.mi.fm.ja.AutomaticEventSubscriber/LOADING]: Auto-subscribing net.devra.accuratehitboxes.client.ClientEvents to FORGE
[17:40:28] [modloading-worker-0/DEBUG] [mixin/]: Mixing AccessorItemColor from immersive_weathering.mixins.json into net.minecraft.client.color.item.ItemColors
[17:40:28] [modloading-worker-0/DEBUG] [mixin/]: immersive_weathering.mixins.json:AccessorItemColor: Class version 61 required is higher than the class version supported by the current version of Mixin (JAVA_16 supports class version 60)
[17:40:28] [modloading-worker-0/DEBUG] [ne.mi.fm.ja.AutomaticEventSubscriber/LOADING]: Auto-subscribing net.mcreator.dyairdrop.network.PannelREButtonMessage to MOD
[17:40:28] [modloading-worker-0/DEBUG] [ne.mi.fm.ja.AutomaticEventSubscriber/LOADING]: Auto-subscribing net.mcreator.dyairdrop.network.PannelRE2ButtonMessage to MOD
[17:40:28] [modloading-worker-0/DEBUG] [ne.mi.fm.ja.AutomaticEventSubscriber/LOADING]: Attempting to inject @EventBusSubscriber classes into the eventbus for sophisticatedcore
[17:40:28] [modloading-worker-0/DEBUG] [ne.mi.fm.ja.AutomaticEventSubscriber/LOADING]: Auto-subscribing net.mcreator.dyairdrop.network.PannelButtonMessage to MOD
[17:40:28] [modloading-worker-0/DEBUG] [ne.mi.fm.ja.AutomaticEventSubscriber/LOADING]: Auto-subscribing net.devra.accuratehitboxes.client.ClientEvents$ModBusEvents to MOD
[17:40:28] [modloading-worker-0/DEBUG] [ne.mi.fm.ja.AutomaticEventSubscriber/LOADING]: Auto-subscribing net.mcreator.dyairdrop.network.DyairdropModVariables to MOD
[17:40:28] [modloading-worker-0/DEBUG] [ne.mi.fm.co.ConfigTracker/CONFIG]: Config file moonlight-common.toml for moonlight tracking
[17:40:28] [modloading-worker-0/DEBUG] [ne.mi.fm.co.ConfigTracker/CONFIG]: Config file farmersdelight-common.toml for farmersdelight tracking
[17:40:28] [modloading-worker-0/DEBUG] [ne.mi.fm.co.ConfigTracker/CONFIG]: Config file farmersdelight-client.toml for farmersdelight tracking
[17:40:28] [modloading-worker-0/DEBUG] [ne.mi.fm.ja.AutomaticEventSubscriber/LOADING]: Attempting to inject @EventBusSubscriber classes into the eventbus for terrablender
[17:40:28] [modloading-worker-0/DEBUG] [ne.mi.fm.ja.AutomaticEventSubscriber/LOADING]: Auto-subscribing terrablender.handler.InitializationHandler to FORGE
[17:40:28] [modloading-worker-0/DEBUG] [ne.mi.fm.co.ConfigTracker/CONFIG]: Config file immersive_ballistic/immersive_ballistic-common.toml for immersive_ballistic tracking
[17:40:28] [modloading-worker-0/DEBUG] [ne.mi.fm.ja.AutomaticEventSubscriber/LOADING]: Attempting to inject @EventBusSubscriber classes into the eventbus for mixinsquared
[17:40:28] [modloading-worker-0/DEBUG] [ne.mi.fm.ja.AutomaticEventSubscriber/LOADING]: Auto-subscribing net.mcreator.dyairdrop.network.DyairdropModVariables$PlayerVariablesProvider to FORGE
[17:40:28] [modloading-worker-0/DEBUG] [ne.mi.fm.ja.AutomaticEventSubscriber/LOADING]: Auto-subscribing net.mcreator.dyairdrop.network.DyairdropModVariables$EventBusVariableHandlers to FORGE
[17:40:28] [modloading-worker-0/DEBUG] [ne.mi.fm.co.ConfigTracker/CONFIG]: Config file forge-client.toml for forge tracking
[17:40:28] [modloading-worker-0/DEBUG] [ne.mi.fm.co.ConfigTracker/CONFIG]: Config file forge-server.toml for forge tracking
[17:40:28] [modloading-worker-0/DEBUG] [ne.mi.fm.ModLoadingContext/]: Attempted to register an empty config for type COMMON on mod forge
[17:40:28] [modloading-worker-0/DEBUG] [ne.mi.fm.co.ConfigTracker/CONFIG]: Config file sophisticatedbackpacks-server.toml for sophisticatedbackpacks tracking
[17:40:28] [modloading-worker-0/DEBUG] [ne.mi.fm.co.ConfigTracker/CONFIG]: Config file sophisticatedbackpacks-common.toml for sophisticatedbackpacks tracking
[17:40:28] [modloading-worker-0/DEBUG] [ne.mi.fm.ja.AutomaticEventSubscriber/LOADING]: Auto-subscribing net.mcreator.dyairdrop.init.EntityAnimationFactory to FORGE
[17:40:28] [modloading-worker-0/DEBUG] [ne.mi.fm.ja.AutomaticEventSubscriber/LOADING]: Auto-subscribing net.mcreator.dyairdrop.init.DyairdropModScreens to MOD
[17:40:28] [modloading-worker-0/DEBUG] [ne.mi.fm.co.ConfigTracker/CONFIG]: Config file lrtactical-client.toml for lrtactical tracking
[17:40:28] [modloading-worker-0/DEBUG] [ne.mi.fm.ja.AutomaticEventSubscriber/LOADING]: Auto-subscribing net.mcreator.dyairdrop.init.DyairdropModParticles to MOD
[17:40:28] [modloading-worker-0/DEBUG] [ne.mi.fm.co.ConfigTracker/CONFIG]: Config file lrtactical-common.toml for lrtactical tracking
[17:40:28] [modloading-worker-0/DEBUG] [ne.mi.fm.ja.AutomaticEventSubscriber/LOADING]: Auto-subscribing net.mcreator.dyairdrop.init.DyairdropModModels to MOD
[17:40:28] [modloading-worker-0/DEBUG] [ne.mi.fm.co.ConfigTracker/CONFIG]: Config file lrtactical-server.toml for lrtactical tracking
[17:40:28] [modloading-worker-0/DEBUG] [ne.mi.fm.ja.AutomaticEventSubscriber/LOADING]: Auto-subscribing net.mcreator.dyairdrop.init.DyairdropModEntityRenderers to MOD
[17:40:28] [modloading-worker-0/DEBUG] [ne.mi.fm.ja.AutomaticEventSubscriber/LOADING]: Auto-subscribing net.mcreator.dyairdrop.init.DyairdropModEntities to MOD
[17:40:28] [modloading-worker-0/DEBUG] [ne.mi.fm.ja.AutomaticEventSubscriber/LOADING]: Auto-subscribing net.mcreator.dyairdrop.init.DyairdropModConfigs to MOD
[17:40:28] [modloading-worker-0/DEBUG] [ne.mi.fm.ja.AutomaticEventSubscriber/LOADING]: Auto-subscribing net.mcreator.dyairdrop.command.TestcodeCommand to FORGE
[17:40:28] [modloading-worker-0/DEBUG] [ne.mi.fm.ja.AutomaticEventSubscriber/LOADING]: Auto-subscribing net.mcreator.dyairdrop.command.SetairdroplootCommand to FORGE
[17:40:28] [modloading-worker-0/DEBUG] [mixin/]: Mixing accessor.ModifierAccessor from tacztweaks.mixins.json into com.tacz.guns.resource.pojo.data.attachment.Modifier
[17:40:28] [modloading-worker-0/DEBUG] [mixin/]: tacztweaks.mixins.json:accessor.ModifierAccessor: Class version 61 required is higher than the class version supported by the current version of Mixin (JAVA_8 supports class version 52)
[17:40:28] [modloading-worker-0/DEBUG] [ne.mi.fm.ja.AutomaticEventSubscriber/LOADING]: Auto-subscribing net.mcreator.dyairdrop.command.SetairdropCommand to FORGE
[17:40:28] [modloading-worker-0/DEBUG] [ne.mi.fm.ja.AutomaticEventSubscriber/LOADING]: Auto-subscribing net.mcreator.dyairdrop.command.ReAirdropCommand to FORGE
[17:40:28] [modloading-worker-0/DEBUG] [ne.mi.fm.ja.AutomaticEventSubscriber/LOADING]: Auto-subscribing net.mcreator.dyairdrop.command.LocatetagCommand to FORGE
[17:40:28] [modloading-worker-0/DEBUG] [ne.mi.fm.ja.AutomaticEventSubscriber/LOADING]: Auto-subscribing net.mcreator.dyairdrop.block.listener.ClientListener to MOD
[17:40:28] [modloading-worker-0/DEBUG] [ne.mi.fm.ja.AutomaticEventSubscriber/LOADING]: Attempting to inject @EventBusSubscriber classes into the eventbus for forge
[17:40:28] [modloading-worker-0/DEBUG] [ne.mi.fm.ja.AutomaticEventSubscriber/LOADING]: Auto-subscribing net.minecraftforge.common.ForgeSpawnEggItem$CommonHandler to MOD
[17:40:28] [modloading-worker-0/DEBUG] [ne.mi.fm.ja.AutomaticEventSubscriber/LOADING]: Attempting to inject @EventBusSubscriber classes into the eventbus for immersive_ballistic
[17:40:28] [modloading-worker-0/DEBUG] [ne.mi.fm.ja.AutomaticEventSubscriber/LOADING]: Auto-subscribing com.tacz.immersive_ballistic.ImmersiveBallistic$ClientModEvents to MOD
[17:40:28] [modloading-worker-0/DEBUG] [ne.mi.fm.ja.AutomaticEventSubscriber/LOADING]: Auto-subscribing net.minecraftforge.common.ForgeSpawnEggItem$ColorRegisterHandler to MOD
[17:40:28] [modloading-worker-0/DEBUG] [ne.mi.fm.ja.AutomaticEventSubscriber/LOADING]: Auto-subscribing net.minecraftforge.client.model.data.ModelDataManager to FORGE
[17:40:28] [modloading-worker-0/INFO] [jmvworldborder/]: [jmvwp] jmvworldborder loaded
[17:40:28] [modloading-worker-0/DEBUG] [mixin/]: Mixing compat.lrtactical.MeleeItemMixin$0_4_0 from tacztweaks.mixins.json into me.xjqsh.lrtactical.item.MeleeItem
[17:40:28] [modloading-worker-0/DEBUG] [ne.mi.fm.ja.AutomaticEventSubscriber/LOADING]: Attempting to inject @EventBusSubscriber classes into the eventbus for jmvworldborder
[17:40:28] [modloading-worker-0/DEBUG] [ne.mi.fm.ja.AutomaticEventSubscriber/LOADING]: Auto-subscribing com.sylsatra.jmvworldborder.server.SharedWaypointExpiryManager to FORGE
[17:40:28] [modloading-worker-0/DEBUG] [mixin/]: tacztweaks.mixins.json:compat.lrtactical.MeleeItemMixin$0_4_0: Class version 61 required is higher than the class version supported by the current version of Mixin (JAVA_8 supports class version 52)
[17:40:28] [modloading-worker-0/DEBUG] [ne.mi.fm.ja.AutomaticEventSubscriber/LOADING]: Auto-subscribing net.minecraftforge.client.ForgeHooksClient$ClientEvents to MOD
[17:40:28] [modloading-worker-0/DEBUG] [ne.mi.fm.ja.AutomaticEventSubscriber/LOADING]: Auto-subscribing com.sylsatra.jmvworldborder.server.JmvMarkerManager to FORGE
[17:40:28] [modloading-worker-0/DEBUG] [ne.mi.fm.ja.AutomaticEventSubscriber/LOADING]: Auto-subscribing com.sylsatra.jmvworldborder.client.billboard.BillboardRenderHandler to FORGE
[17:40:28] [modloading-worker-0/DEBUG] [ne.mi.fm.ja.AutomaticEventSubscriber/LOADING]: Auto-subscribing net.minecraftforge.client.ClientForgeMod to MOD
[17:40:28] [modloading-worker-0/DEBUG] [ne.mi.fm.ja.AutomaticEventSubscriber/LOADING]: Auto-subscribing com.sylsatra.jmvworldborder.client.JmvWbClientTickHandler to FORGE
[17:40:28] [modloading-worker-0/DEBUG] [ne.mi.fm.co.ConfigTracker/CONFIG]: Config file curios-client.toml for curios tracking
[17:40:28] [modloading-worker-0/DEBUG] [ne.mi.fm.co.ConfigTracker/CONFIG]: Config file curios-common.toml for curios tracking
[17:40:28] [modloading-worker-0/DEBUG] [ne.mi.fm.co.ConfigTracker/CONFIG]: Config file curios-server.toml for curios tracking
[17:40:28] [modloading-worker-0/DEBUG] [ne.mi.fm.ja.AutomaticEventSubscriber/LOADING]: Attempting to inject @EventBusSubscriber classes into the eventbus for curios
[17:40:28] [modloading-worker-0/DEBUG] [ne.mi.fm.ja.AutomaticEventSubscriber/LOADING]: Auto-subscribing top.theillusivec4.curios.Curios$ClientProxy to MOD
[17:40:28] [modloading-worker-0/DEBUG] [ne.mi.fm.ja.AutomaticEventSubscriber/LOADING]: Attempting to inject @EventBusSubscriber classes into the eventbus for tacz_realisticblood
[17:40:28] [modloading-worker-0/DEBUG] [ne.mi.fm.ja.AutomaticEventSubscriber/LOADING]: Auto-subscribing moh.realisticblood.recipes.brewing.ADRENSHBrewingRecipe to MOD
[17:40:28] [modloading-worker-0/DEBUG] [ne.mi.fm.ja.AutomaticEventSubscriber/LOADING]: Auto-subscribing moh.realisticblood.procedures.StopbarProcedure to FORGE
[17:40:28] [modloading-worker-0/DEBUG] [ne.mi.fm.ja.AutomaticEventSubscriber/LOADING]: Auto-subscribing moh.realisticblood.procedures.PaperHealingLogicProcedure to FORGE
[17:40:28] [modloading-worker-0/DEBUG] [ne.mi.fm.ja.AutomaticEventSubscriber/LOADING]: Auto-subscribing moh.realisticblood.procedures.NmProcedure to FORGE
[17:40:28] [modloading-worker-0/DEBUG] [ne.mi.fm.ja.AutomaticEventSubscriber/LOADING]: Auto-subscribing moh.realisticblood.procedures.MedkitLogicProcedure to FORGE
[17:40:28] [modloading-worker-0/DEBUG] [ne.mi.fm.ja.AutomaticEventSubscriber/LOADING]: Auto-subscribing moh.realisticblood.procedures.Hitlg2Procedure to FORGE
[17:40:28] [modloading-worker-0/DEBUG] [ne.mi.fm.ja.AutomaticEventSubscriber/LOADING]: Auto-subscribing moh.realisticblood.procedures.CooldownResetProcedure to FORGE
[17:40:28] [modloading-worker-0/DEBUG] [ne.mi.fm.ja.AutomaticEventSubscriber/LOADING]: Auto-subscribing moh.realisticblood.procedures.BleedingEffect1Procedure to FORGE
[17:40:28] [modloading-worker-0/DEBUG] [co.ra.ra.Ragdollified/]: Registered optional TACZ server hit tracker
[17:40:28] [modloading-worker-0/DEBUG] [ne.mi.fm.ja.AutomaticEventSubscriber/LOADING]: Auto-subscribing moh.realisticblood.procedures.BNIGProcedure to FORGE
[17:40:28] [modloading-worker-0/DEBUG] [ne.mi.fm.ja.AutomaticEventSubscriber/LOADING]: Auto-subscribing moh.realisticblood.network.TaczRealisticbloodModVariables to MOD
[17:40:29] [modloading-worker-0/DEBUG] [co.ra.ra.Ragdollified/]: Registered optional TACZ client hit tracker
[17:40:29] [modloading-worker-0/DEBUG] [ne.mi.fm.ja.AutomaticEventSubscriber/LOADING]: Auto-subscribing moh.realisticblood.network.TaczRealisticbloodModVariables$PlayerVariablesProvider to FORGE
[17:40:29] [modloading-worker-0/DEBUG] [ne.mi.fm.ja.AutomaticEventSubscriber/LOADING]: Attempting to inject @EventBusSubscriber classes into the eventbus for lrtactical
[17:40:29] [modloading-worker-0/DEBUG] [ne.mi.fm.ja.AutomaticEventSubscriber/LOADING]: Auto-subscribing me.xjqsh.lrtactical.resource.CommonAssetsManager to FORGE
[17:40:29] [modloading-worker-0/DEBUG] [ne.mi.fm.ja.AutomaticEventSubscriber/LOADING]: Auto-subscribing moh.realisticblood.network.TaczRealisticbloodModVariables$EventBusVariableHandlers to FORGE
[17:40:29] [modloading-worker-0/DEBUG] [mixin/]: Mixing modifiers.AdsModifierMixin from tacztweaks.mixins.json into com.tacz.guns.resource.modifier.custom.AdsModifier
[17:40:29] [modloading-worker-0/DEBUG] [mixin/]: tacztweaks.mixins.json:modifiers.AdsModifierMixin: Class version 61 required is higher than the class version supported by the current version of Mixin (JAVA_8 supports class version 52)
[17:40:29] [modloading-worker-0/DEBUG] [ne.mi.fm.co.ConfigTracker/CONFIG]: Config file ragdollified-common.toml for ragdollified tracking
[17:40:29] [modloading-worker-0/DEBUG] [ne.mi.fm.co.ConfigTracker/CONFIG]: Config file ragdollified-client.toml for ragdollified tracking
[17:40:29] [modloading-worker-0/DEBUG] [ne.mi.fm.ja.AutomaticEventSubscriber/LOADING]: Attempting to inject @EventBusSubscriber classes into the eventbus for ragdollified
[17:40:29] [modloading-worker-0/DEBUG] [ne.mi.fm.ja.AutomaticEventSubscriber/LOADING]: Auto-subscribing com.raiiiden.ragdollified.server.ServerRagdollSyncManager to FORGE
[17:40:29] [modloading-worker-0/DEBUG] [ne.mi.fm.ja.AutomaticEventSubscriber/LOADING]: Auto-subscribing moh.realisticblood.init.TaczRealisticbloodModTabs to MOD
[17:40:29] [modloading-worker-0/DEBUG] [ne.mi.fm.ja.AutomaticEventSubscriber/LOADING]: Auto-subscribing moh.realisticblood.init.TaczRealisticbloodModParticles to MOD
[17:40:29] [modloading-worker-0/DEBUG] [ne.mi.fm.ja.AutomaticEventSubscriber/LOADING]: Auto-subscribing com.raiiiden.ragdollified.server.CorpseManager to FORGE
[17:40:29] [modloading-worker-0/DEBUG] [mixin/]: Mixing accessor.InaccuracyTypeAccessor from tacztweaks.mixins.json into com.tacz.guns.resource.pojo.data.gun.InaccuracyType
[17:40:29] [modloading-worker-0/DEBUG] [mixin/]: tacztweaks.mixins.json:accessor.InaccuracyTypeAccessor: Class version 61 required is higher than the class version supported by the current version of Mixin (JAVA_8 supports class version 52)
[17:40:29] [modloading-worker-0/DEBUG] [mixin/]: Renaming @Invoker method isMove(Lnet/minecraft/world/entity/LivingEntity;)Z to isMove_$md$b1e039$0 in tacztweaks.mixins.json:accessor.InaccuracyTypeAccessor
[17:40:29] [modloading-worker-0/DEBUG] [mixin/]: Mixing tweaks.InaccuracyTypeMixin from tacztweaks.mixins.json into com.tacz.guns.resource.pojo.data.gun.InaccuracyType
[17:40:29] [modloading-worker-0/DEBUG] [mixin/]: tacztweaks.mixins.json:tweaks.InaccuracyTypeMixin: Class version 61 required is higher than the class version supported by the current version of Mixin (JAVA_8 supports class version 52)
[17:40:29] [modloading-worker-0/DEBUG] [ne.mi.fm.ja.AutomaticEventSubscriber/LOADING]: Attempting to inject @EventBusSubscriber classes into the eventbus for simplebedrockmodel
[17:40:29] [modloading-worker-0/DEBUG] [ne.mi.fm.ja.AutomaticEventSubscriber/LOADING]: Auto-subscribing com.github.mcmodderanchor.simplebedrockmodel.v1.resource.ReloadListenersRegister$BedrockModelClientRegister to MOD
[17:40:29] [modloading-worker-0/DEBUG] [ne.mi.fm.ja.AutomaticEventSubscriber/LOADING]: Auto-subscribing com.github.mcmodderanchor.simplebedrockmodel.v1.particle.world.WorldEmitterManager to FORGE
[17:40:29] [modloading-worker-0/DEBUG] [ne.mi.fm.ja.AutomaticEventSubscriber/LOADING]: Auto-subscribing me.xjqsh.lrtactical.init.ModRegistries to MOD
[17:40:29] [modloading-worker-0/DEBUG] [ne.mi.fm.ja.AutomaticEventSubscriber/LOADING]: Auto-subscribing com.raiiiden.ragdollified.item.ModItems to MOD
[17:40:29] [modloading-worker-0/DEBUG] [ne.mi.fm.ja.AutomaticEventSubscriber/LOADING]: Auto-subscribing com.raiiiden.ragdollified.config.GameplayConfigSyncEvents to FORGE
[17:40:29] [modloading-worker-0/DEBUG] [ne.mi.fm.ja.AutomaticEventSubscriber/LOADING]: Auto-subscribing me.xjqsh.lrtactical.init.ModItems to MOD
[17:40:29] [modloading-worker-0/DEBUG] [ne.mi.fm.ja.AutomaticEventSubscriber/LOADING]: Auto-subscribing me.xjqsh.lrtactical.init.CompatRegistry to MOD
[17:40:29] [modloading-worker-0/DEBUG] [ne.mi.fm.ja.AutomaticEventSubscriber/LOADING]: Auto-subscribing com.raiiiden.ragdollified.client.RagdollDebugRenderer to FORGE
[17:40:29] [modloading-worker-0/DEBUG] [ne.mi.fm.ja.AutomaticEventSubscriber/LOADING]: Auto-subscribing me.xjqsh.lrtactical.init.CommonSetupHandler to FORGE
[17:40:29] [modloading-worker-0/DEBUG] [ne.mi.fm.ja.AutomaticEventSubscriber/LOADING]: Auto-subscribing com.raiiiden.ragdollified.client.RagdollClickHandler to FORGE
[17:40:29] [modloading-worker-0/DEBUG] [ne.mi.fm.ja.AutomaticEventSubscriber/LOADING]: Auto-subscribing me.xjqsh.lrtactical.handler.ShieldBlockEventHandler to FORGE
[17:40:29] [modloading-worker-0/DEBUG] [mixin/]: Mixing modifiers.AmmoSpeedModifierMixin from tacztweaks.mixins.json into com.tacz.guns.resource.modifier.custom.AmmoSpeedModifier
[17:40:29] [modloading-worker-0/DEBUG] [mixin/]: tacztweaks.mixins.json:modifiers.AmmoSpeedModifierMixin: Class version 61 required is higher than the class version supported by the current version of Mixin (JAVA_8 supports class version 52)
[17:40:29] [modloading-worker-0/DEBUG] [ne.mi.fm.ja.AutomaticEventSubscriber/LOADING]: Auto-subscribing me.xjqsh.lrtactical.handler.EntityHurtEventHandler to FORGE
[17:40:29] [modloading-worker-0/DEBUG] [ne.mi.fm.ja.AutomaticEventSubscriber/LOADING]: Auto-subscribing com.raiiiden.ragdollified.client.MobPoseCaptureHandler to FORGE
[17:40:29] [modloading-worker-0/DEBUG] [ne.mi.fm.ja.AutomaticEventSubscriber/LOADING]: Auto-subscribing me.xjqsh.lrtactical.handler.CriticalHitEventHandler to FORGE
[17:40:29] [modloading-worker-0/DEBUG] [mixin/]: Mixing modifiers.ArmorIgnoreModifierMixin from tacztweaks.mixins.json into com.tacz.guns.resource.modifier.custom.ArmorIgnoreModifier
[17:40:29] [modloading-worker-0/DEBUG] [mixin/]: tacztweaks.mixins.json:modifiers.ArmorIgnoreModifierMixin: Class version 61 required is higher than the class version supported by the current version of Mixin (JAVA_8 supports class version 52)
[17:40:29] [modloading-worker-0/DEBUG] [ne.mi.fm.ja.AutomaticEventSubscriber/LOADING]: Auto-subscribing me.xjqsh.lrtactical.client.resource.LrClientAssetsManager to MOD
[17:40:29] [modloading-worker-0/DEBUG] [mixin/]: Mixing modifiers.DamageModifierMixin from tacztweaks.mixins.json into com.tacz.guns.resource.modifier.custom.DamageModifier
[17:40:29] [modloading-worker-0/DEBUG] [mixin/]: tacztweaks.mixins.json:modifiers.DamageModifierMixin: Class version 61 required is higher than the class version supported by the current version of Mixin (JAVA_8 supports class version 52)
[17:40:29] [modloading-worker-0/DEBUG] [ne.mi.fm.ja.AutomaticEventSubscriber/LOADING]: Auto-subscribing com.raiiiden.ragdollified.client.EntityRenderCaptureHandler to FORGE
[17:40:29] [modloading-worker-0/DEBUG] [ne.mi.fm.ja.AutomaticEventSubscriber/LOADING]: Auto-subscribing com.github.mcmodderanchor.simplebedrockmodel.v1.particle.render.CameraStateCache to FORGE
[17:40:29] [modloading-worker-0/DEBUG] [ne.mi.fm.ja.AutomaticEventSubscriber/LOADING]: Auto-subscribing com.raiiiden.ragdollified.client.ClientTickHandler to FORGE
[17:40:29] [modloading-worker-0/DEBUG] [mixin/]: Mixing modifiers.HeadshotModifierMixin from tacztweaks.mixins.json into com.tacz.guns.resource.modifier.custom.HeadShotModifier
[17:40:29] [modloading-worker-0/DEBUG] [mixin/]: tacztweaks.mixins.json:modifiers.HeadshotModifierMixin: Class version 61 required is higher than the class version supported by the current version of Mixin (JAVA_8 supports class version 52)
[17:40:29] [modloading-worker-0/DEBUG] [mixin/]: Mixing GameRendererMixin from moonlight-common.mixins.json into net.minecraft.client.renderer.GameRenderer
[17:40:29] [modloading-worker-0/DEBUG] [mixin/]: Mixing client.GameRendererMixin from tacz.mixins.json into net.minecraft.client.renderer.GameRenderer
[17:40:29] [modloading-worker-0/DEBUG] [mixin/]: Mixing GameRendererMixin from mixins.superbwarfare.json into net.minecraft.client.renderer.GameRenderer
[17:40:29] [modloading-worker-0/DEBUG] [mixin/]: Mixing GameRendererMixin from accuratehitboxes.client.mixins.json into net.minecraft.client.renderer.GameRenderer
[17:40:29] [modloading-worker-0/DEBUG] [mixin/]: Renaming synthetic method lambda$onUpdateTargetedEntity$0(Lnet/minecraft/world/entity/Entity;)Z to mdb1e039$lambda$onUpdateTargetedEntity$0$0 in accuratehitboxes.client.mixins.json:GameRendererMixin
[17:40:29] [modloading-worker-0/DEBUG] [mixin/]: Mixing client.GameRendererMixin from lrtactical.mixins.json into net.minecraft.client.renderer.GameRenderer
[17:40:29] [modloading-worker-0/DEBUG] [mixin/]: lrtactical.mixins.json:client.GameRendererMixin: Class version 61 required is higher than the class version supported by the current version of Mixin (JAVA_8 supports class version 52)
[17:40:29] [modloading-worker-0/DEBUG] [mixin/]: Mixing client.GameRendererMixin from simplebedrockmodel.mixins.json into net.minecraft.client.renderer.GameRenderer
[17:40:29] [modloading-worker-0/DEBUG] [mixin/]: simplebedrockmodel.mixins.json:client.GameRendererMixin: Class version 61 required is higher than the class version supported by the current version of Mixin (JAVA_8 supports class version 52)
[17:40:29] [modloading-worker-0/DEBUG] [mixin/]: Mixing lrtactical.LrDisplayInstanceMixin$ThrowableMixin from taczmeshloader.mixins.json into me.xjqsh.lrtactical.client.resource.display.ThrowableDisplayInstance
[17:40:29] [modloading-worker-0/DEBUG] [ne.mi.fm.ja.AutomaticEventSubscriber/LOADING]: Auto-subscribing com.raiiiden.ragdollified.client.ClientRagdollRenderer to FORGE
[17:40:29] [modloading-worker-0/DEBUG] [mixin/]: Mixing modifiers.InaccuracyModifierMixin from tacztweaks.mixins.json into com.tacz.guns.resource.modifier.custom.InaccuracyModifier
[17:40:29] [modloading-worker-0/DEBUG] [mixin/]: tacztweaks.mixins.json:modifiers.InaccuracyModifierMixin: Class version 61 required is higher than the class version supported by the current version of Mixin (JAVA_8 supports class version 52)
[17:40:29] [modloading-worker-0/DEBUG] [mixin/]: Mixing lrtactical.LrDisplayInstanceMixin$ConsumableMixin from taczmeshloader.mixins.json into me.xjqsh.lrtactical.client.resource.display.ConsumableDisplayInstance
[17:40:29] [modloading-worker-0/DEBUG] [mixin/]: Mixing lrtactical.LrDisplayInstanceMixin$MeleeMixin from taczmeshloader.mixins.json into me.xjqsh.lrtactical.client.resource.display.MeleeDisplayInstance
[17:40:29] [modloading-worker-0/DEBUG] [mixin/]: Mixing modifiers.RecoilModifierMixin from tacztweaks.mixins.json into com.tacz.guns.resource.modifier.custom.RecoilModifier
[17:40:29] [modloading-worker-0/DEBUG] [mixin/]: tacztweaks.mixins.json:modifiers.RecoilModifierMixin: Class version 61 required is higher than the class version supported by the current version of Mixin (JAVA_8 supports class version 52)
[17:40:29] [modloading-worker-0/DEBUG] [ne.mi.fm.ja.AutomaticEventSubscriber/LOADING]: Auto-subscribing me.xjqsh.lrtactical.client.input.LrInteractKey to FORGE
[17:40:29] [modloading-worker-0/DEBUG] [ne.mi.fm.ja.AutomaticEventSubscriber/LOADING]: Auto-subscribing com.github.mcmodderanchor.simplebedrockmodel.v1.particle.debug.ParticleDebugRenderer to FORGE
[17:40:29] [modloading-worker-0/DEBUG] [ne.mi.fm.ja.AutomaticEventSubscriber/LOADING]: Auto-subscribing com.github.mcmodderanchor.simplebedrockmodel.v1.particle.debug.ParticleDebugCommand to FORGE
[17:40:29] [modloading-worker-0/DEBUG] [mixin/]: Mixing modifiers.RPMModifierMixin from tacztweaks.mixins.json into com.tacz.guns.resource.modifier.custom.RpmModifier
[17:40:29] [modloading-worker-0/DEBUG] [mixin/]: tacztweaks.mixins.json:modifiers.RPMModifierMixin: Class version 61 required is higher than the class version supported by the current version of Mixin (JAVA_8 supports class version 52)
[17:40:29] [modloading-worker-0/DEBUG] [mixin/]: Mixing tweaks.RPMModifierMixin from tacztweaks.mixins.json into com.tacz.guns.resource.modifier.custom.RpmModifier
[17:40:29] [modloading-worker-0/DEBUG] [mixin/]: tacztweaks.mixins.json:tweaks.RPMModifierMixin: Class version 61 required is higher than the class version supported by the current version of Mixin (JAVA_8 supports class version 52)
[17:40:29] [modloading-worker-0/DEBUG] [ne.mi.fm.ja.AutomaticEventSubscriber/LOADING]: Attempting to inject @EventBusSubscriber classes into the eventbus for farmersdelight
[17:40:29] [modloading-worker-0/DEBUG] [ne.mi.fm.ja.AutomaticEventSubscriber/LOADING]: Auto-subscribing vectorwing.farmersdelight.data.DataGenerators to MOD
[17:40:29] [modloading-worker-0/DEBUG] [mixin/]: Mixing client.HumanoidModelMixin from tacz.mixins.json into net.minecraft.client.model.HumanoidModel
[17:40:29] [modloading-worker-0/DEBUG] [mixin/]: Mixing client.HumanoidModelMixin from citadel.mixins.json into net.minecraft.client.model.HumanoidModel
[17:40:29] [modloading-worker-0/DEBUG] [mixin/]: Mixing HumanoidModelMixin from mixins.superbwarfare.json into net.minecraft.client.model.HumanoidModel
[17:40:29] [modloading-worker-0/DEBUG] [mixin/]: Mixing ThirdPersonRendererMixin from moonlight-common.mixins.json into net.minecraft.client.model.HumanoidModel
[17:40:29] [modloading-worker-0/DEBUG] [ne.mi.fm.ja.AutomaticEventSubscriber/LOADING]: Auto-subscribing vectorwing.farmersdelight.common.item.SkilletItem$SkilletEvents to FORGE
[17:40:29] [modloading-worker-0/DEBUG] [ne.mi.fm.ja.AutomaticEventSubscriber/LOADING]: Auto-subscribing me.xjqsh.lrtactical.client.input.ConsumableInputHandler to FORGE
[17:40:29] [modloading-worker-0/DEBUG] [ne.mi.fm.ja.AutomaticEventSubscriber/LOADING]: Auto-subscribing com.github.mcmodderanchor.simplebedrockmodel.v1.client.handler.FirstPersonRenderHandler to FORGE
[17:40:29] [modloading-worker-0/DEBUG] [mixin/]: Mixing AnimalModelAccessor from accuratehitboxes.client.mixins.json into net.minecraft.client.model.AgeableListModel
[17:40:29] [modloading-worker-0/DEBUG] [ne.mi.fm.ja.AutomaticEventSubscriber/LOADING]: Auto-subscribing vectorwing.farmersdelight.common.item.KnifeItem$KnifeEvents to FORGE
[17:40:29] [modloading-worker-0/DEBUG] [ne.mi.fm.ja.AutomaticEventSubscriber/LOADING]: Auto-subscribing me.xjqsh.lrtactical.client.input.AttackKeys to FORGE
[17:40:29] [modloading-worker-0/DEBUG] [ne.mi.fm.ja.AutomaticEventSubscriber/LOADING]: Attempting to inject @EventBusSubscriber classes into the eventbus for survival_instinct
[17:40:29] [modloading-worker-0/DEBUG] [ne.mi.fm.ja.AutomaticEventSubscriber/LOADING]: Auto-subscribing net.mcreator.survivalinstinct.procedures.JuggernautArmorSetBonusProcedure to FORGE
[17:40:29] [modloading-worker-0/DEBUG] [ne.mi.fm.ja.AutomaticEventSubscriber/LOADING]: Attempting to inject @EventBusSubscriber classes into the eventbus for tacz
[17:40:29] [modloading-worker-0/DEBUG] [mixin/]: Mixing client.PlayerModelMixin from tacz.mixins.json into net.minecraft.client.model.PlayerModel
[17:40:29] [modloading-worker-0/DEBUG] [ne.mi.fm.ja.AutomaticEventSubscriber/LOADING]: Auto-subscribing com.tacz.guns.resource.CommonAssetsManager to FORGE
[17:40:29] [modloading-worker-0/DEBUG] [mixin/]: Mixing client.PlayerModelMixin from lrtactical.mixins.json into net.minecraft.client.model.PlayerModel
[17:40:29] [modloading-worker-0/DEBUG] [mixin/]: lrtactical.mixins.json:client.PlayerModelMixin: Class version 61 required is higher than the class version supported by the current version of Mixin (JAVA_8 supports class version 52)
[17:40:29] [modloading-worker-0/DEBUG] [mixin/]: Renaming @Unique method tacz$resetAll(Lnet/minecraft/client/model/geom/ModelPart;)V to mdb1e039$tacz$resetAll$0 in lrtactical.mixins.json:client.PlayerModelMixin
[17:40:29] [modloading-worker-0/DEBUG] [mixin/]: Mixing client.PlayerModelMixin from simplebedrockmodel.mixins.json into net.minecraft.client.model.PlayerModel
[17:40:29] [modloading-worker-0/DEBUG] [mixin/]: simplebedrockmodel.mixins.json:client.PlayerModelMixin: Class version 61 required is higher than the class version supported by the current version of Mixin (JAVA_8 supports class version 52)
[17:40:29] [modloading-worker-0/DEBUG] [mixin/]: Mixing client.PlayerModelMixin from parcool.mixins.json into net.minecraft.client.model.PlayerModel
[17:40:29] [modloading-worker-0/DEBUG] [ne.mi.fm.ja.AutomaticEventSubscriber/LOADING]: Auto-subscribing net.mcreator.survivalinstinct.procedures.HazmatArmorSuitProcedure to FORGE
[17:40:29] [modloading-worker-0/DEBUG] [ne.mi.fm.ja.AutomaticEventSubscriber/LOADING]: Auto-subscribing vectorwing.farmersdelight.common.item.HorseFeedItem$HorseFeedEvent to FORGE
[17:40:29] [modloading-worker-0/DEBUG] [ne.mi.fm.ja.AutomaticEventSubscriber/LOADING]: Auto-subscribing me.xjqsh.lrtactical.client.ClientSetupHandler to MOD
[17:40:29] [modloading-worker-0/DEBUG] [ne.mi.fm.ja.AutomaticEventSubscriber/LOADING]: Auto-subscribing net.mcreator.survivalinstinct.procedures.FireFighterBonusSetProcedure to FORGE
[17:40:29] [modloading-worker-0/DEBUG] [ne.mi.fm.ja.AutomaticEventSubscriber/LOADING]: Auto-subscribing net.mcreator.survivalinstinct.procedures.ExoesqueletonBonusSetProcedure to FORGE
[17:40:29] [modloading-worker-0/DEBUG] [ne.mi.fm.ja.AutomaticEventSubscriber/LOADING]: Auto-subscribing vectorwing.farmersdelight.common.item.enchantment.BackstabbingEnchantment$BackstabbingEvent to FORGE
[17:40:29] [modloading-worker-0/DEBUG] [ne.mi.fm.ja.AutomaticEventSubscriber/LOADING]: Auto-subscribing vectorwing.farmersdelight.common.item.DogFoodItem$DogFoodEvent to FORGE
[17:40:29] [modloading-worker-0/DEBUG] [ne.mi.fm.ja.AutomaticEventSubscriber/LOADING]: Auto-subscribing net.mcreator.survivalinstinct.procedures.ExoHeavyBonusSetProcedure to FORGE
[17:40:29] [modloading-worker-0/DEBUG] [ne.mi.fm.ja.AutomaticEventSubscriber/LOADING]: Auto-subscribing vectorwing.farmersdelight.common.event.VillagerEvents to FORGE
[17:40:29] [modloading-worker-0/DEBUG] [ne.mi.fm.ja.AutomaticEventSubscriber/LOADING]: Auto-subscribing net.mcreator.survivalinstinct.procedures.CamoSuitProcedure to FORGE
[17:40:29] [modloading-worker-0/DEBUG] [ne.mi.fm.ja.AutomaticEventSubscriber/LOADING]: Auto-subscribing net.mcreator.survivalinstinct.network.ExoSuitDashMessage to MOD
[17:40:29] [modloading-worker-0/DEBUG] [ne.mi.fm.ja.AutomaticEventSubscriber/LOADING]: Auto-subscribing me.xjqsh.lrtactical.client.ClientEventsHandler to FORGE
[17:40:29] [modloading-worker-0/DEBUG] [ne.mi.fm.ja.AutomaticEventSubscriber/LOADING]: Auto-subscribing com.raiiiden.ragdollified.client.ClientRagdollCamera to FORGE
[17:40:29] [modloading-worker-0/DEBUG] [ne.mi.fm.ja.AutomaticEventSubscriber/LOADING]: Auto-subscribing net.mcreator.survivalinstinct.item.inventory.GarbageBagInventoryCapability to FORGE
[17:40:29] [modloading-worker-0/DEBUG] [ne.mi.fm.ja.AutomaticEventSubscriber/LOADING]: Auto-subscribing vectorwing.farmersdelight.common.event.SetupEvents to MOD
[17:40:29] [modloading-worker-0/DEBUG] [ne.mi.fm.ja.AutomaticEventSubscriber/LOADING]: Auto-subscribing vectorwing.farmersdelight.common.event.CommonEvents to FORGE
[17:40:29] [modloading-worker-0/DEBUG] [ne.mi.fm.ja.AutomaticEventSubscriber/LOADING]: Auto-subscribing com.raiiiden.ragdollified.client.ClientModBusEvents to MOD
[17:40:29] [modloading-worker-0/DEBUG] [ne.mi.fm.ja.AutomaticEventSubscriber/LOADING]: Auto-subscribing vectorwing.farmersdelight.common.block.CuttingBoardBlock$ToolCarvingEvent to FORGE
[17:40:29] [modloading-worker-0/DEBUG] [ne.mi.fm.ja.AutomaticEventSubscriber/LOADING]: Auto-subscribing vectorwing.farmersdelight.client.event.TooltipEvents to FORGE
[17:40:29] [modloading-worker-0/DEBUG] [ne.mi.fm.ja.AutomaticEventSubscriber/LOADING]: Auto-subscribing net.mcreator.survivalinstinct.item.inventory.EmptyBagInventoryCapability to FORGE
[17:40:29] [modloading-worker-0/DEBUG] [ne.mi.fm.ja.AutomaticEventSubscriber/LOADING]: Auto-subscribing com.raiiiden.ragdollified.client.ClientDeathHandler to FORGE
[17:40:29] [modloading-worker-0/DEBUG] [ne.mi.fm.ja.AutomaticEventSubscriber/LOADING]: Auto-subscribing me.xjqsh.lrtactical.capability.TickHandler to FORGE
[17:40:29] [modloading-worker-0/DEBUG] [ne.mi.fm.ja.AutomaticEventSubscriber/LOADING]: Auto-subscribing com.raiiiden.ragdollified.ServerRagdollHitTracker to FORGE
[17:40:29] [modloading-worker-0/DEBUG] [ne.mi.fm.ja.AutomaticEventSubscriber/LOADING]: Auto-subscribing vectorwing.farmersdelight.client.event.KeybindEvents to FORGE
[17:40:29] [modloading-worker-0/DEBUG] [ne.mi.fm.ja.AutomaticEventSubscriber/LOADING]: Auto-subscribing com.raiiiden.ragdollified.RagdollSpawnState to FORGE
[17:40:29] [modloading-worker-0/DEBUG] [ne.mi.fm.ja.AutomaticEventSubscriber/LOADING]: Auto-subscribing net.mcreator.survivalinstinct.init.SurvivalInstinctModScreens to MOD
[17:40:29] [modloading-worker-0/DEBUG] [ne.mi.fm.ja.AutomaticEventSubscriber/LOADING]: Attempting to inject @EventBusSubscriber classes into the eventbus for endlessammo
[17:40:29] [modloading-worker-0/DEBUG] [ne.mi.fm.ja.AutomaticEventSubscriber/LOADING]: Auto-subscribing vectorwing.farmersdelight.client.event.ClientSetupEvents to MOD
[17:40:29] [modloading-worker-0/DEBUG] [ne.mi.fm.ja.AutomaticEventSubscriber/LOADING]: Auto-subscribing net.mcreator.survivalinstinct.init.SurvivalInstinctModModels to MOD
[17:40:29] [modloading-worker-0/DEBUG] [ne.mi.fm.ja.AutomaticEventSubscriber/LOADING]: Attempting to inject @EventBusSubscriber classes into the eventbus for immersive_weathering
[17:40:29] [modloading-worker-0/DEBUG] [ne.mi.fm.ja.AutomaticEventSubscriber/LOADING]: Auto-subscribing com.raiiiden.ragdollified.PhysicsHooks to FORGE
[17:40:29] [modloading-worker-0/DEBUG] [ne.mi.fm.ja.AutomaticEventSubscriber/LOADING]: Auto-subscribing net.mcreator.survivalinstinct.init.SurvivalInstinctModKeyMappings to MOD
[17:40:29] [modloading-worker-0/INFO] [ne.ch.ch.ChaosZProjectBandits/]: Initializing ChaosZProjectBandits Mod...
[17:40:29] [modloading-worker-0/DEBUG] [ne.mi.fm.ja.AutomaticEventSubscriber/LOADING]: Auto-subscribing net.mcreator.survivalinstinct.init.SurvivalInstinctModKeyMappings$KeyEventListener to FORGE
[17:40:29] [modloading-worker-0/INFO] [ne.ch.ch.ChaosZProjectBandits/]: Config file path: D:\2026WORK\MCPubgLauncherV2\.runtime\clean\config\bandits.json
[17:40:29] [modloading-worker-0/DEBUG] [ne.mi.fm.ja.AutomaticEventSubscriber/LOADING]: Auto-subscribing net.mcreator.survivalinstinct.init.SurvivalInstinctModItems to MOD
[17:40:29] [modloading-worker-0/INFO] [ne.ch.ch.ChaosZProjectBandits/]: Config file exists, validating
[17:40:29] [modloading-worker-0/DEBUG] [ne.mi.fm.ja.AutomaticEventSubscriber/LOADING]: Auto-subscribing net.mcreator.survivalinstinct.init.SurvivalInstinctModFuels to FORGE
[17:40:29] [modloading-worker-0/DEBUG] [ne.mi.fm.ja.AutomaticEventSubscriber/LOADING]: Auto-subscribing net.mcreator.survivalinstinct.init.SurvivalInstinctModEntityRenderers to MOD
[17:40:29] [modloading-worker-0/DEBUG] [ne.mi.fm.co.ConfigTracker/CONFIG]: Config file lootchestrefill-common.toml for lootchestrefill tracking
[17:40:29] [modloading-worker-0/DEBUG] [ne.mi.fm.ja.AutomaticEventSubscriber/LOADING]: Auto-subscribing net.mcreator.survivalinstinct.init.SurvivalInstinctModEntities to MOD
[17:40:29] [modloading-worker-0/DEBUG] [ne.mi.fm.ja.AutomaticEventSubscriber/LOADING]: Auto-subscribing net.mcreator.survivalinstinct.init.SurvivalInstinctModCompostableItems to MOD
[17:40:29] [modloading-worker-0/DEBUG] [ne.mi.fm.ja.AutomaticEventSubscriber/LOADING]: Auto-subscribing net.mcreator.survivalinstinct.client.screens.GreenNightVisionGUIOverlay to FORGE
[17:40:29] [modloading-worker-0/DEBUG] [ne.mi.fm.ja.AutomaticEventSubscriber/LOADING]: Attempting to inject @EventBusSubscriber classes into the eventbus for lootchestrefill
[17:40:29] [modloading-worker-0/DEBUG] [ne.mi.fm.ja.AutomaticEventSubscriber/LOADING]: Auto-subscribing com.lootchestrefill.event.BlockInteractHandler to FORGE
[17:40:29] [modloading-worker-0/DEBUG] [ne.mi.fm.ja.AutomaticEventSubscriber/LOADING]: Attempting to inject @EventBusSubscriber classes into the eventbus for tacztweaks
[17:40:29] [modloading-worker-0/DEBUG] [ne.mi.fm.ja.AutomaticEventSubscriber/LOADING]: Auto-subscribing me.muksc.tacztweaks.network.NetworkHandler to FORGE
[17:40:29] [modloading-worker-0/INFO] [ne.ch.ch.ChaosZProjectBandits/]: Configuration successfully loaded:
[17:40:29] [modloading-worker-0/INFO] [co.ra.ta.co.TacZAdditionsConfig/]: Registering TacZ Additions config files
[17:40:29] [modloading-worker-0/INFO] [ne.ch.ch.ChaosZProjectBandits/]: Mod Enabled: true
[17:40:29] [modloading-worker-0/DEBUG] [ne.mi.fm.co.ConfigTracker/CONFIG]: Config file taczadditions-client.toml for taczadditions tracking
[17:40:29] [modloading-worker-0/INFO] [ne.ch.ch.ChaosZProjectBandits/]: Min Days: 5
[17:40:29] [modloading-worker-0/DEBUG] [ne.mi.fm.co.ConfigTracker/CONFIG]: Config file taczadditions-server.toml for taczadditions tracking
[17:40:29] [modloading-worker-0/INFO] [ne.ch.ch.ChaosZProjectBandits/]: Max Days: 15
[17:40:29] [modloading-worker-0/DEBUG] [ne.mi.fm.ja.AutomaticEventSubscriber/LOADING]: Attempting to inject @EventBusSubscriber classes into the eventbus for taczadditions
[17:40:29] [modloading-worker-0/INFO] [ne.ch.ch.ChaosZProjectBandits/]: Min Bandits: 5
[17:40:29] [modloading-worker-0/INFO] [ne.ch.ch.ChaosZProjectBandits/]: Max Bandits: 10
[17:40:29] [modloading-worker-0/INFO] [ne.ch.ch.ChaosZProjectBandits/]: Min Distance: 64
[17:40:29] [modloading-worker-0/DEBUG] [ne.mi.fm.ja.AutomaticEventSubscriber/LOADING]: Auto-subscribing com.raiiiden.taczadditions.server.ServerMuzzleFlashManager to FORGE
[17:40:29] [modloading-worker-0/INFO] [ne.ch.ch.ChaosZProjectBandits/]: Max Distance: 96
[17:40:29] [modloading-worker-0/DEBUG] [ne.mi.fm.ja.AutomaticEventSubscriber/LOADING]: Attempting to inject @EventBusSubscriber classes into the eventbus for chaoszprojectbandits
[17:40:29] [modloading-worker-0/DEBUG] [ne.mi.fm.ja.AutomaticEventSubscriber/LOADING]: Auto-subscribing net.chaoscraft.chaoszprojectbandits.PillagerRaidManager to FORGE
[17:40:29] [modloading-worker-0/DEBUG] [ne.mi.fm.ja.AutomaticEventSubscriber/LOADING]: Auto-subscribing net.chaoscraft.chaoszprojectbandits.ChaosZProjectBandits$ClientModEvents to MOD
[17:40:29] [modloading-worker-0/DEBUG] [ne.mi.fm.ja.AutomaticEventSubscriber/LOADING]: Auto-subscribing com.tacz.guns.init.ModRecipe to MOD
[17:40:29] [modloading-worker-0/DEBUG] [ne.mi.fm.ja.AutomaticEventSubscriber/LOADING]: Auto-subscribing com.tacz.guns.init.ModItems to MOD
[17:40:29] [modloading-worker-0/DEBUG] [ne.mi.fm.ja.AutomaticEventSubscriber/LOADING]: Auto-subscribing me.muksc.tacztweaks.data.manager.BulletInteractionManager to FORGE
[17:40:29] [modloading-worker-0/DEBUG] [ne.mi.fm.ja.AutomaticEventSubscriber/LOADING]: Auto-subscribing com.tacz.guns.init.CompatRegistry to MOD
[17:40:29] [modloading-worker-0/DEBUG] [ne.mi.fm.ja.AutomaticEventSubscriber/LOADING]: Auto-subscribing com.raiiiden.taczadditions.server.LaserToggleServerEvents to FORGE
[17:40:29] [modloading-worker-0/DEBUG] [ne.mi.fm.ja.AutomaticEventSubscriber/LOADING]: Auto-subscribing com.raiiiden.taczadditions.server.GunFireEventHandler to FORGE
[17:40:29] [modloading-worker-0/DEBUG] [ne.mi.fm.ja.AutomaticEventSubscriber/LOADING]: Auto-subscribing com.tacz.guns.init.CommonRegistry to MOD
[17:40:29] [modloading-worker-0/DEBUG] [ne.mi.fm.ja.AutomaticEventSubscriber/LOADING]: Auto-subscribing com.lootchestrefill.client.ClientSetup to MOD
[17:40:29] [modloading-worker-0/DEBUG] [ne.mi.fm.ja.AutomaticEventSubscriber/LOADING]: Auto-subscribing com.lootchestrefill.client.ClientEventHandler to MOD
[17:40:29] [modloading-worker-0/DEBUG] [mixin/]: Mixing accessor.ClipContextAccessor from tacztweaks.mixins.json into net.minecraft.world.level.ClipContext
[17:40:29] [modloading-worker-0/DEBUG] [mixin/]: tacztweaks.mixins.json:accessor.ClipContextAccessor: Class version 61 required is higher than the class version supported by the current version of Mixin (JAVA_8 supports class version 52)
[17:40:29] [modloading-worker-0/DEBUG] [ne.mi.fm.ja.AutomaticEventSubscriber/LOADING]: Auto-subscribing com.tacz.guns.init.CommandRegistry to FORGE
[17:40:29] [modloading-worker-0/DEBUG] [ne.mi.fm.ja.AutomaticEventSubscriber/LOADING]: Auto-subscribing com.raiiiden.taczadditions.debug.GunBoneDebugger to FORGE
[17:40:29] [modloading-worker-0/DEBUG] [ne.mi.fm.ja.AutomaticEventSubscriber/LOADING]: Auto-subscribing com.tacz.guns.init.CapabilityRegistry to MOD
[17:40:29] [modloading-worker-0/DEBUG] [ne.mi.fm.ja.AutomaticEventSubscriber/LOADING]: Auto-subscribing com.raiiiden.taczadditions.client.ScopeSwayHandler to FORGE
[17:40:29] [modloading-worker-0/DEBUG] [ne.mi.fm.ja.AutomaticEventSubscriber/LOADING]: Auto-subscribing me.muksc.tacztweaks.config.ConfigManager to FORGE
[17:40:29] [modloading-worker-0/DEBUG] [ne.mi.fm.ja.AutomaticEventSubscriber/LOADING]: Auto-subscribing com.tacz.guns.event.TravelToDimensionEvent to FORGE
[17:40:29] [modloading-worker-0/DEBUG] [ne.mi.fm.ja.AutomaticEventSubscriber/LOADING]: Attempting to inject @EventBusSubscriber classes into the eventbus for atlaslib
[17:40:29] [modloading-worker-0/DEBUG] [ne.mi.fm.ja.AutomaticEventSubscriber/LOADING]: Auto-subscribing net.smileycorp.atlas.common.AtlasLib to MOD
[17:40:29] [modloading-worker-0/DEBUG] [ne.mi.fm.ja.AutomaticEventSubscriber/LOADING]: Auto-subscribing com.raiiiden.taczadditions.client.LaserToggleKeybind to MOD
[17:40:29] [modloading-worker-0/DEBUG] [ne.mi.fm.ja.AutomaticEventSubscriber/LOADING]: Auto-subscribing me.muksc.tacztweaks.client.input.UnloadKey to FORGE
[17:40:29] [modloading-worker-0/DEBUG] [ne.mi.fm.ja.AutomaticEventSubscriber/LOADING]: Auto-subscribing com.tacz.guns.event.SyncedEntityDataEvent to FORGE
[17:40:29] [modloading-worker-0/DEBUG] [ne.mi.fm.ja.AutomaticEventSubscriber/LOADING]: Auto-subscribing com.raiiiden.taczadditions.client.LaserDotHandler to FORGE
[17:40:29] [modloading-worker-0/DEBUG] [ne.mi.fm.ja.AutomaticEventSubscriber/LOADING]: Auto-subscribing me.muksc.tacztweaks.client.input.TiltGunKey to FORGE
[17:40:29] [modloading-worker-0/DEBUG] [ne.mi.fm.co.ConfigTracker/CONFIG]: Config file CoroUtil\General.toml for coroutil tracking
[17:40:29] [modloading-worker-0/DEBUG] [ne.mi.fm.ModLoadingContext/]: Attempted to register an empty config for type CLIENT on mod lostcities using file name lostcities/client.toml
[17:40:29] [modloading-worker-0/DEBUG] [ne.mi.fm.ja.AutomaticEventSubscriber/LOADING]: Auto-subscribing me.muksc.tacztweaks.TaCZTweaks$ClientModEvents to MOD
[17:40:29] [modloading-worker-0/DEBUG] [ne.mi.fm.co.ConfigTracker/CONFIG]: Config file lostcities/common.toml for lostcities tracking
[17:40:29] [modloading-worker-0/DEBUG] [ne.mi.fm.co.ConfigTracker/CONFIG]: Config file lostcities-server.toml for lostcities tracking
[17:40:29] [modloading-worker-0/DEBUG] [ne.mi.fm.ja.AutomaticEventSubscriber/LOADING]: Auto-subscribing com.raiiiden.taczadditions.client.ClientGunFireHandler to FORGE
[17:40:29] [modloading-worker-0/INFO] [lostcities/]: Creating standard profiles into 'config/lostcities/profiles'
[17:40:29] [modloading-worker-0/DEBUG] [ne.mi.fm.ja.AutomaticEventSubscriber/LOADING]: Auto-subscribing com.tacz.guns.event.SyncBaseTimestamp to FORGE
[17:40:29] [modloading-worker-0/DEBUG] [ne.mi.fm.ja.AutomaticEventSubscriber/LOADING]: Attempting to inject @EventBusSubscriber classes into the eventbus for coroutil
[17:40:29] [modloading-worker-0/DEBUG] [ne.mi.fm.ja.AutomaticEventSubscriber/LOADING]: Auto-subscribing com.tacz.guns.event.ServerTickEvent to FORGE
[17:40:29] [modloading-worker-0/DEBUG] [ne.mi.fm.ja.AutomaticEventSubscriber/LOADING]: Auto-subscribing com.tacz.guns.event.PreventGunClick to FORGE
[17:40:29] [modloading-worker-0/DEBUG] [ne.mi.fm.co.ConfigTracker/CONFIG]: Config file aiimprovements-common.toml for aiimprovements tracking
[17:40:29] [modloading-worker-0/DEBUG] [ne.mi.fm.ja.AutomaticEventSubscriber/LOADING]: Auto-subscribing com.tacz.guns.event.PlayerRespawnEvent to FORGE
[17:40:29] [modloading-worker-0/DEBUG] [ne.mi.fm.ja.AutomaticEventSubscriber/LOADING]: Attempting to inject @EventBusSubscriber classes into the eventbus for aiimprovements
[17:40:29] [modloading-worker-0/DEBUG] [ne.mi.fm.ja.AutomaticEventSubscriber/LOADING]: Auto-subscribing com.builtbroken.ai.improvements.modifier.ModifierSystem to FORGE
[17:40:29] [modloading-worker-0/DEBUG] [ne.mi.fm.ja.AutomaticEventSubscriber/LOADING]: Auto-subscribing com.tacz.guns.event.LoadingConfigEvent to MOD
[17:40:29] [modloading-worker-0/DEBUG] [ne.mi.fm.ja.AutomaticEventSubscriber/LOADING]: Auto-subscribing com.tacz.guns.event.KnockbackChange to FORGE
[17:40:29] [modloading-worker-0/DEBUG] [ne.mi.fm.ja.AutomaticEventSubscriber/LOADING]: Auto-subscribing com.tacz.guns.event.HitboxHelperEvent to FORGE
[17:40:29] [modloading-worker-0/DEBUG] [ne.mi.fm.ja.AutomaticEventSubscriber/LOADING]: Auto-subscribing com.tacz.guns.event.EntityDamageEvent to FORGE
[17:40:29] [modloading-worker-0/DEBUG] [ne.mi.fm.ja.AutomaticEventSubscriber/LOADING]: Auto-subscribing com.tacz.guns.event.ammo.DestroyGlassBlock to FORGE
[17:40:29] [modloading-worker-0/DEBUG] [ne.mi.fm.ja.AutomaticEventSubscriber/LOADING]: Auto-subscribing com.tacz.guns.event.ammo.BellRing to FORGE
[17:40:29] [modloading-worker-0/DEBUG] [ne.mi.fm.ja.AutomaticEventSubscriber/LOADING]: Auto-subscribing com.tacz.guns.client.sound.SoundPlayManager to FORGE
[17:40:29] [modloading-worker-0/DEBUG] [mixin/]: Mixing tweaks.SoundPlayManagerMixin from tacztweaks.mixins.json into com.tacz.guns.client.sound.SoundPlayManager
[17:40:29] [modloading-worker-0/DEBUG] [mixin/]: tacztweaks.mixins.json:tweaks.SoundPlayManagerMixin: Class version 61 required is higher than the class version supported by the current version of Mixin (JAVA_8 supports class version 52)
[17:40:29] [modloading-worker-0/DEBUG] [ne.mi.fm.ja.AutomaticEventSubscriber/LOADING]: Auto-subscribing com.builtbroken.ai.improvements.AIImprovements to MOD
[17:40:29] [modloading-worker-0/DEBUG] [ne.mi.fm.ja.AutomaticEventSubscriber/LOADING]: Auto-subscribing com.github.mcmodderanchor.simplebedrockmodel.v1.client.handler.FirstPersonArmorHandler to FORGE
[17:40:29] [modloading-worker-0/DEBUG] [mixin/]: Mixing tweaks.GunSoundInstanceMixin from tacztweaks.mixins.json into com.tacz.guns.client.sound.GunSoundInstance
[17:40:29] [modloading-worker-0/DEBUG] [mixin/]: tacztweaks.mixins.json:tweaks.GunSoundInstanceMixin: Class version 61 required is higher than the class version supported by the current version of Mixin (JAVA_8 supports class version 52)
[17:40:29] [modloading-worker-0/DEBUG] [mixin/]: Mixing GunDisplayInstanceMixin from taczmeshloader.mixins.json into com.tacz.guns.client.resource.GunDisplayInstance
[17:40:29] [modloading-worker-0/DEBUG] [ne.mi.fm.ja.AutomaticEventSubscriber/LOADING]: Auto-subscribing com.github.mcmodderanchor.simplebedrockmodel.v1.client.handler.CameraEventHandler to FORGE
[17:40:29] [modloading-worker-0/DEBUG] [ne.mi.fm.ja.AutomaticEventSubscriber/LOADING]: Auto-subscribing com.github.mcmodderanchor.simplebedrockmodel.v1.client.event.ClientAnimationClockTicker to FORGE
[17:40:29] [modloading-worker-0/DEBUG] [ne.mi.fm.ja.AutomaticEventSubscriber/LOADING]: Auto-subscribing com.github.mcmodderanchor.simplebedrockmodel.v1.client.ClientSetupEvent to MOD
[17:40:29] [modloading-worker-0/DEBUG] [Framework/]: Loaded com.mrcrayfish.framework.platform.ForgePlatformHelper@33797a37 for service interface com.mrcrayfish.framework.platform.services.IPlatformHelper
[17:40:29] [modloading-worker-0/INFO] [lostcities/]: Reading existing profiles from 'config/lostcities/profiles'
[17:40:29] [modloading-worker-0/DEBUG] [Framework/]: Loaded com.mrcrayfish.framework.platform.ForgeNetworkHelper@489f60e for service interface com.mrcrayfish.framework.platform.services.INetworkHelper
[17:40:29] [modloading-worker-0/DEBUG] [ne.mi.fm.ja.AutomaticEventSubscriber/LOADING]: Auto-subscribing com.tacz.guns.client.input.ZoomKey to FORGE
[17:40:29] [modloading-worker-0/DEBUG] [Framework/]: Loaded com.mrcrayfish.framework.platform.ForgeRegistrationHelper@d280623 for service interface com.mrcrayfish.framework.platform.services.IRegistrationHelper
[17:40:29] [modloading-worker-0/DEBUG] [ne.mi.fm.ja.AutomaticEventSubscriber/LOADING]: Auto-subscribing com.tacz.guns.client.input.ShootKey to FORGE
[17:40:29] [modloading-worker-0/DEBUG] [Framework/]: Loaded com.mrcrayfish.framework.platform.ForgeEntityHelper@7a21f1d for service interface com.mrcrayfish.framework.platform.services.IEntityHelper
[17:40:29] [modloading-worker-0/DEBUG] [ne.mi.fm.ja.AutomaticEventSubscriber/LOADING]: Auto-subscribing com.tacz.guns.client.input.ReloadKey to FORGE
[17:40:29] [modloading-worker-0/DEBUG] [Framework/]: Loaded com.mrcrayfish.framework.platform.ForgeItemHelper@16da1b48 for service interface com.mrcrayfish.framework.platform.services.IItemHelper
[17:40:29] [modloading-worker-0/INFO] [YetAnotherConfigLib/]: Deserializing YACLConfig from 'D:\2026WORK\MCPubgLauncherV2\.runtime\clean\config\yacl.json5'
[17:40:29] [modloading-worker-0/DEBUG] [ne.mi.fm.ja.AutomaticEventSubscriber/LOADING]: Auto-subscribing com.tacz.guns.client.input.RefitKey to FORGE
[17:40:29] [modloading-worker-0/DEBUG] [mixin/]: Mixing tweaks.RefitKeyMixin from tacztweaks.mixins.json into com.tacz.guns.client.input.RefitKey
[17:40:29] [modloading-worker-0/DEBUG] [mixin/]: tacztweaks.mixins.json:tweaks.RefitKeyMixin: Class version 61 required is higher than the class version supported by the current version of Mixin (JAVA_8 supports class version 52)
[17:40:29] [modloading-worker-0/DEBUG] [Framework/]: Loaded com.mrcrayfish.framework.platform.ForgeConfigHelper@3a5d2a8b for service interface com.mrcrayfish.framework.platform.services.IConfigHelper
[17:40:29] [modloading-worker-0/DEBUG] [ne.mi.fm.ja.AutomaticEventSubscriber/LOADING]: Auto-subscribing com.tacz.guns.client.input.MeleeKey to FORGE
[17:40:29] [modloading-worker-0/DEBUG] [ne.mi.fm.ja.AutomaticEventSubscriber/LOADING]: Auto-subscribing com.tacz.guns.client.input.InteractKey to FORGE
[17:40:29] [modloading-worker-0/DEBUG] [ne.mi.fm.ja.AutomaticEventSubscriber/LOADING]: Auto-subscribing com.tacz.guns.client.input.InspectKey to FORGE
[17:40:29] [modloading-worker-0/DEBUG] [ne.mi.fm.ja.AutomaticEventSubscriber/LOADING]: Auto-subscribing com.tacz.guns.client.input.FireSelectKey to FORGE
[17:40:29] [modloading-worker-0/DEBUG] [ne.mi.fm.ja.AutomaticEventSubscriber/LOADING]: Auto-subscribing com.tacz.guns.client.input.CrawlKey to FORGE
[17:40:29] [modloading-worker-0/DEBUG] [ne.mi.fm.ja.AutomaticEventSubscriber/LOADING]: Auto-subscribing com.tacz.guns.client.input.ConfigKey to FORGE
[17:40:29] [modloading-worker-0/DEBUG] [ne.mi.fm.ja.AutomaticEventSubscriber/LOADING]: Auto-subscribing com.tacz.guns.client.input.AimKey to FORGE
[17:40:29] [modloading-worker-0/DEBUG] [ne.mi.fm.ja.AutomaticEventSubscriber/LOADING]: Auto-subscribing com.tacz.guns.client.init.ParticleFactoryRegistry to MOD
[17:40:29] [modloading-worker-0/DEBUG] [ne.mi.fm.ja.AutomaticEventSubscriber/LOADING]: Attempting to inject @EventBusSubscriber classes into the eventbus for yet_another_config_lib_v3
[17:40:29] [modloading-worker-0/DEBUG] [ne.mi.fm.ja.AutomaticEventSubscriber/LOADING]: Auto-subscribing com.tacz.guns.client.init.ModEntitiesRender to MOD
[17:40:29] [modloading-worker-0/DEBUG] [ne.mi.fm.ja.AutomaticEventSubscriber/LOADING]: Auto-subscribing com.tacz.guns.client.init.ModContainerScreen to MOD
[17:40:29] [modloading-worker-0/DEBUG] [ne.mi.fm.ja.AutomaticEventSubscriber/LOADING]: Auto-subscribing com.tacz.guns.client.init.ClientSetupEvent to MOD
[17:40:29] [modloading-worker-0/DEBUG] [ne.mi.fm.ja.AutomaticEventSubscriber/LOADING]: Auto-subscribing com.tacz.guns.client.gui.GunRefitScreen to FORGE
[17:40:29] [modloading-worker-0/DEBUG] [ne.mi.fm.ja.AutomaticEventSubscriber/LOADING]: Attempting to inject @EventBusSubscriber classes into the eventbus for moonlight
[17:40:29] [modloading-worker-0/DEBUG] [ne.mi.fm.ja.AutomaticEventSubscriber/LOADING]: Auto-subscribing net.mehvahdjukaar.moonlight.forge.MoonlightForgeClient to FORGE
[17:40:29] [modloading-worker-0/DEBUG] [ne.mi.fm.ja.AutomaticEventSubscriber/LOADING]: Auto-subscribing com.tacz.guns.client.event.TooltipEvent to FORGE
[17:40:29] [modloading-worker-0/DEBUG] [ne.mi.fm.ja.AutomaticEventSubscriber/LOADING]: Auto-subscribing com.tacz.guns.client.event.TickAnimationEvent to FORGE
[17:40:29] [modloading-worker-0/DEBUG] [mixin/]: Mixing gun.movement.TickAnimationEventMixin from tacztweaks.mixins.json into com.tacz.guns.client.event.TickAnimationEvent
[17:40:29] [modloading-worker-0/DEBUG] [mixin/]: tacztweaks.mixins.json:gun.movement.TickAnimationEventMixin: Class version 61 required is higher than the class version supported by the current version of Mixin (JAVA_8 supports class version 52)
[17:40:29] [modloading-worker-0/DEBUG] [ne.mi.fm.ja.AutomaticEventSubscriber/LOADING]: Attempting to inject @EventBusSubscriber classes into the eventbus for lostcities
[17:40:29] [modloading-worker-0/DEBUG] [ne.mi.fm.ja.AutomaticEventSubscriber/LOADING]: Auto-subscribing mcjty.lostcities.LostCities to MOD
[17:40:29] [modloading-worker-0/DEBUG] [ne.mi.fm.ja.AutomaticEventSubscriber/LOADING]: Auto-subscribing mcjty.lostcities.datagen.DataGenerators to MOD
[17:40:29] [modloading-worker-0/DEBUG] [ne.mi.fm.ja.AutomaticEventSubscriber/LOADING]: Auto-subscribing com.tacz.guns.client.event.RenderHeadShotAABB to FORGE
[17:40:29] [modloading-worker-0/DEBUG] [ne.mi.fm.ja.AutomaticEventSubscriber/LOADING]: Auto-subscribing com.tacz.guns.client.event.RenderCrosshairEvent to FORGE
[17:40:29] [modloading-worker-0/DEBUG] [mixin/]: Mixing tweaks.RenderCrosshairEventMixin from tacztweaks.mixins.json into com.tacz.guns.client.event.RenderCrosshairEvent
[17:40:29] [modloading-worker-0/DEBUG] [mixin/]: tacztweaks.mixins.json:tweaks.RenderCrosshairEventMixin: Class version 61 required is higher than the class version supported by the current version of Mixin (JAVA_8 supports class version 52)
[17:40:29] [modloading-worker-0/DEBUG] [ne.mi.fm.ja.AutomaticEventSubscriber/LOADING]: Auto-subscribing com.tacz.guns.client.event.ReloadResourceEvent to MOD
[17:40:29] [modloading-worker-0/DEBUG] [ne.mi.fm.ja.AutomaticEventSubscriber/LOADING]: Auto-subscribing com.tacz.guns.client.event.RefreshClonePlayerDataEvent to FORGE
[17:40:29] [modloading-worker-0/DEBUG] [ne.mi.fm.ja.AutomaticEventSubscriber/LOADING]: Auto-subscribing com.tacz.guns.client.event.PreventsHotbarEvent to FORGE
[17:40:29] [modloading-worker-0/DEBUG] [ne.mi.fm.ja.AutomaticEventSubscriber/LOADING]: Auto-subscribing com.tacz.guns.client.event.PlayerHurtByGunEvent to FORGE
[17:40:29] [modloading-worker-0/DEBUG] [ne.mi.fm.ja.AutomaticEventSubscriber/LOADING]: Attempting to inject @EventBusSubscriber classes into the eventbus for tacticalvests
[17:40:29] [modloading-worker-0/DEBUG] [ne.mi.fm.ja.AutomaticEventSubscriber/LOADING]: Auto-subscribing com.tacz.guns.client.event.PlayerEnterWorld to FORGE
[17:40:29] [modloading-worker-0/DEBUG] [ne.mi.fm.ja.AutomaticEventSubscriber/LOADING]: Auto-subscribing net.mcreator.tacticalvest.init.TacticalvestsModModels to MOD
[17:40:29] [modloading-worker-0/DEBUG] [ne.mi.fm.ja.AutomaticEventSubscriber/LOADING]: Auto-subscribing com.tacz.guns.client.event.InventoryEvent to FORGE
[17:40:29] [modloading-worker-0/DEBUG] [ne.mi.fm.ja.AutomaticEventSubscriber/LOADING]: Auto-subscribing com.tacz.guns.client.event.FirstPersonRenderGunEvent to FORGE
[17:40:29] [modloading-worker-0/DEBUG] [mixin/]: Mixing FirstPersonRenderGunEventInvoker from taczadditions.mixins.json into com.tacz.guns.client.event.FirstPersonRenderGunEvent
[17:40:29] [modloading-worker-0/DEBUG] [mixin/]: Renaming @Invoker method callApplyShootSwayAndRotation(Lcom/tacz/guns/client/model/BedrockGunModel;F)V to callApplyShootSwayAndRotation_$md$b1e039$0 in taczadditions.mixins.json:FirstPersonRenderGunEventInvoker
[17:40:29] [modloading-worker-0/DEBUG] [ne.mi.fm.ja.AutomaticEventSubscriber/LOADING]: Attempting to inject @EventBusSubscriber classes into the eventbus for framework
[17:40:29] [modloading-worker-0/DEBUG] [ne.mi.fm.ja.AutomaticEventSubscriber/LOADING]: Auto-subscribing com.mrcrayfish.framework.entity.sync.ForgeSyncedEntityDataHandler to FORGE
[17:40:29] [modloading-worker-0/DEBUG] [ne.mi.fm.ja.AutomaticEventSubscriber/LOADING]: Auto-subscribing com.mrcrayfish.framework.client.model.geometry.OpenModelGeometry$Loader to MOD
[17:40:29] [modloading-worker-0/DEBUG] [mixin/]: Mixing BedrockGunModelAccessor from taczadditions.mixins.json into com.tacz.guns.client.model.BedrockGunModel
[17:40:29] [modloading-worker-0/DEBUG] [mixin/]: Mixing BedrockGunModelLaserToggleMixin from taczadditions.mixins.json into com.tacz.guns.client.model.BedrockGunModel
[17:40:29] [modloading-worker-0/DEBUG] [mixin/]: Mixing MagazineTextOverlayMixin from taczadditions.mixins.json into com.tacz.guns.client.model.BedrockGunModel
[17:40:29] [modloading-worker-0/DEBUG] [mixin/]: Renaming synthetic method lambda$injectText$0(Lnet/minecraft/world/item/ItemStack;)Ljava/util/List; to mdb1e039$lambda$injectText$0$0 in taczadditions.mixins.json:MagazineTextOverlayMixin
[17:40:29] [modloading-worker-0/DEBUG] [ne.mi.fm.ja.AutomaticEventSubscriber/LOADING]: Attempting to inject @EventBusSubscriber classes into the eventbus for architectury
[17:40:29] [modloading-worker-0/DEBUG] [ne.mi.fm.ja.AutomaticEventSubscriber/LOADING]: Auto-subscribing dev.architectury.registry.level.entity.trade.forge.TradeRegistryImpl to FORGE
[17:40:29] [modloading-worker-0/DEBUG] [ne.mi.fm.ja.AutomaticEventSubscriber/LOADING]: Attempting to inject @EventBusSubscriber classes into the eventbus for sophisticatedbackpacks
[17:40:29] [modloading-worker-0/DEBUG] [ne.mi.fm.ja.AutomaticEventSubscriber/LOADING]: Auto-subscribing dev.architectury.registry.forge.ReloadListenerRegistryImpl to FORGE
[17:40:29] [modloading-worker-0/DEBUG] [ne.mi.fm.ja.AutomaticEventSubscriber/LOADING]: Auto-subscribing dev.architectury.registry.forge.CreativeTabRegistryImpl to MOD
[17:40:29] [modloading-worker-0/DEBUG] [ne.mi.fm.ja.AutomaticEventSubscriber/LOADING]: Auto-subscribing com.tacz.guns.client.event.FirstPersonRenderEvent to FORGE
[17:40:29] [modloading-worker-0/DEBUG] [ne.mi.fm.ja.AutomaticEventSubscriber/LOADING]: Auto-subscribing com.tacz.guns.client.event.CommonNetworkCacheEvent to FORGE
[17:40:29] [modloading-worker-0/DEBUG] [ne.mi.fm.ja.AutomaticEventSubscriber/LOADING]: Auto-subscribing dev.architectury.registry.client.particle.forge.ParticleProviderRegistryImpl to MOD
[17:40:29] [modloading-worker-0/DEBUG] [ne.mi.fm.ja.AutomaticEventSubscriber/LOADING]: Auto-subscribing com.tacz.guns.client.event.ClientPreventGunClick to FORGE
[17:40:29] [modloading-worker-0/DEBUG] [ne.mi.fm.ja.AutomaticEventSubscriber/LOADING]: Auto-subscribing com.tacz.guns.client.event.ClientHitMark to FORGE
[17:40:29] [modloading-worker-0/DEBUG] [ne.mi.fm.ja.AutomaticEventSubscriber/LOADING]: Auto-subscribing dev.architectury.registry.client.keymappings.forge.KeyMappingRegistryImpl to MOD
[17:40:29] [modloading-worker-0/DEBUG] [ne.mi.fm.ja.AutomaticEventSubscriber/LOADING]: Auto-subscribing dev.architectury.networking.forge.NetworkManagerImpl to FORGE
[17:40:29] [modloading-worker-0/DEBUG] [ne.mi.fm.ja.AutomaticEventSubscriber/LOADING]: Auto-subscribing com.tacz.guns.client.event.CameraSetupEvent to FORGE
[17:40:29] [modloading-worker-0/DEBUG] [mixin/]: Mixing modifiers.CameraSetupEventMixin from tacztweaks.mixins.json into com.tacz.guns.client.event.CameraSetupEvent
[17:40:29] [modloading-worker-0/DEBUG] [mixin/]: tacztweaks.mixins.json:modifiers.CameraSetupEventMixin: Class version 61 required is higher than the class version supported by the current version of Mixin (JAVA_8 supports class version 52)
[17:40:29] [modloading-worker-0/DEBUG] [mixin/]: Renaming synthetic method lambda$tacztweaks$initialCameraRecoil$horizontalRecoilModifier$1(Lcom/llamalad7/mixinextras/sugar/ref/LocalBooleanRef;Lcom/llamalad7/mixinextras/sugar/ref/LocalFloatRef;Ljava/lang/Double;)Ljava/lang/Double; to mdb1e039$lambda$tacztweaks$initialCameraRecoil$horizontalRecoilModifier$1$0 in tacztweaks.mixins.json:modifiers.CameraSetupEventMixin
[17:40:29] [modloading-worker-0/DEBUG] [mixin/]: Renaming synthetic method lambda$tacztweaks$initialCameraRecoil$verticalRecoilModifier$0(Lcom/llamalad7/mixinextras/sugar/ref/LocalBooleanRef;Lcom/llamalad7/mixinextras/sugar/ref/LocalFloatRef;Ljava/lang/Double;)Ljava/lang/Double; to mdb1e039$lambda$tacztweaks$initialCameraRecoil$verticalRecoilModifier$0$1 in tacztweaks.mixins.json:modifiers.CameraSetupEventMixin
[17:40:29] [modloading-worker-0/DEBUG] [mixin/]: Mixing CameraSetupEventMixin from taczadditions.mixins.json into com.tacz.guns.client.event.CameraSetupEvent
[17:40:29] [modloading-worker-0/DEBUG] [mixin/]: Mixing NoRecoilRecoveryMixin from taczadditions.mixins.json into com.tacz.guns.client.event.CameraSetupEvent
[17:40:29] [modloading-worker-0/DEBUG] [ne.mi.fm.co.ConfigTracker/CONFIG]: Config file parcool-server.toml for parcool tracking
[17:40:29] [modloading-worker-0/INFO] [de.ar.ne.fo.NetworkManagerImpl/]: Registering S2C receiver with id architectury:sync_ids
[17:40:29] [modloading-worker-0/DEBUG] [ne.mi.fm.ja.AutomaticEventSubscriber/LOADING]: Auto-subscribing com.tacz.guns.client.animation.screen.RefitTransform to FORGE
[17:40:29] [modloading-worker-0/INFO] [de.ar.ne.fo.NetworkManagerImpl/]: Registering C2S receiver with id architectury:sync_ids
[17:40:29] [modloading-worker-0/DEBUG] [ne.mi.fm.co.ConfigTracker/CONFIG]: Config file parcool-client.toml for parcool tracking
[17:40:29] [modloading-worker-0/DEBUG] [ne.mi.fm.ja.AutomaticEventSubscriber/LOADING]: Attempting to inject @EventBusSubscriber classes into the eventbus for parcool
[17:40:29] [modloading-worker-0/INFO] [th.ko.te.KotlinForForge/]: Kotlin For Forge Enabled!
[17:40:29] [modloading-worker-0/DEBUG] [th.ko.LoggerKt/LOADING]: Attempting to inject @EventBusSubscriber kotlin objects in to the event bus for kotlinforforge
[17:40:30] [modloading-worker-0/DEBUG] [ne.mi.fm.co.ConfigTracker/CONFIG]: Config file superbwarfare-client.toml for superbwarfare tracking
[17:40:30] [modloading-worker-0/DEBUG] [ne.mi.fm.co.ConfigTracker/CONFIG]: Config file superbwarfare-common.toml for superbwarfare tracking
[17:40:30] [modloading-worker-0/DEBUG] [ne.mi.fm.co.ConfigTracker/CONFIG]: Config file superbwarfare-server.toml for superbwarfare tracking
[17:40:30] [modloading-worker-0/DEBUG] [th.ko.LoggerKt/LOADING]: Attempting to inject @EventBusSubscriber kotlin objects in to the event bus for superbwarfare
[17:40:30] [modloading-worker-0/DEBUG] [th.ko.LoggerKt/LOADING]: Auto-subscribing kotlin object net.minecraftforge.fml.common.Mod$EventBusSubscriber to FORGE
[17:40:30] [modloading-worker-0/DEBUG] [th.ko.LoggerKt/LOADING]: Auto-subscribing kotlin object net.minecraftforge.fml.common.Mod$EventBusSubscriber to FORGE
[17:40:30] [modloading-worker-0/DEBUG] [th.ko.LoggerKt/LOADING]: Auto-subscribing kotlin object net.minecraftforge.fml.common.Mod$EventBusSubscriber to MOD
[17:40:30] [modloading-worker-0/DEBUG] [th.ko.LoggerKt/LOADING]: Auto-subscribing kotlin object net.minecraftforge.fml.common.Mod$EventBusSubscriber to MOD
[17:40:30] [modloading-worker-0/DEBUG] [th.ko.LoggerKt/LOADING]: Auto-subscribing kotlin object net.minecraftforge.fml.common.Mod$EventBusSubscriber to MOD
[17:40:30] [modloading-worker-0/DEBUG] [th.ko.LoggerKt/LOADING]: Auto-subscribing kotlin object net.minecraftforge.fml.common.Mod$EventBusSubscriber to MOD
[17:40:30] [modloading-worker-0/DEBUG] [th.ko.LoggerKt/LOADING]: Auto-subscribing kotlin object net.minecraftforge.fml.common.Mod$EventBusSubscriber to FORGE
[17:40:30] [modloading-worker-0/DEBUG] [th.ko.LoggerKt/LOADING]: Auto-subscribing kotlin object net.minecraftforge.fml.common.Mod$EventBusSubscriber to FORGE
[17:40:30] [modloading-worker-0/DEBUG] [th.ko.LoggerKt/LOADING]: Auto-subscribing kotlin object net.minecraftforge.fml.common.Mod$EventBusSubscriber to FORGE
[17:40:30] [modloading-worker-0/DEBUG] [th.ko.LoggerKt/LOADING]: Auto-subscribing kotlin object net.minecraftforge.fml.common.Mod$EventBusSubscriber to FORGE
[17:40:30] [modloading-worker-0/DEBUG] [th.ko.LoggerKt/LOADING]: Auto-subscribing kotlin object net.minecraftforge.fml.common.Mod$EventBusSubscriber to FORGE
[17:40:30] [modloading-worker-0/DEBUG] [th.ko.LoggerKt/LOADING]: Auto-subscribing kotlin object net.minecraftforge.fml.common.Mod$EventBusSubscriber to FORGE
[17:40:30] [modloading-worker-0/DEBUG] [th.ko.LoggerKt/LOADING]: Auto-subscribing kotlin object net.minecraftforge.fml.common.Mod$EventBusSubscriber to FORGE
[17:40:30] [modloading-worker-0/DEBUG] [th.ko.LoggerKt/LOADING]: Auto-subscribing kotlin object net.minecraftforge.fml.common.Mod$EventBusSubscriber to MOD
[17:40:30] [modloading-worker-0/DEBUG] [th.ko.LoggerKt/LOADING]: Auto-subscribing kotlin object net.minecraftforge.fml.common.Mod$EventBusSubscriber to FORGE
[17:40:30] [modloading-worker-0/DEBUG] [th.ko.LoggerKt/LOADING]: Auto-subscribing kotlin object net.minecraftforge.fml.common.Mod$EventBusSubscriber to MOD
[17:40:30] [modloading-worker-0/DEBUG] [th.ko.LoggerKt/LOADING]: Auto-subscribing kotlin object net.minecraftforge.fml.common.Mod$EventBusSubscriber to FORGE
[17:40:30] [modloading-worker-0/DEBUG] [th.ko.LoggerKt/LOADING]: Auto-subscribing kotlin object net.minecraftforge.fml.common.Mod$EventBusSubscriber to FORGE
[17:40:30] [modloading-worker-0/DEBUG] [th.ko.LoggerKt/LOADING]: Auto-subscribing kotlin object net.minecraftforge.fml.common.Mod$EventBusSubscriber to FORGE
[17:40:30] [modloading-worker-0/DEBUG] [th.ko.LoggerKt/LOADING]: Auto-subscribing kotlin object net.minecraftforge.fml.common.Mod$EventBusSubscriber to MOD
[17:40:30] [modloading-worker-0/DEBUG] [th.ko.LoggerKt/LOADING]: Auto-subscribing kotlin object net.minecraftforge.fml.common.Mod$EventBusSubscriber to MOD
[17:40:30] [modloading-worker-0/DEBUG] [th.ko.LoggerKt/LOADING]: Auto-subscribing kotlin object net.minecraftforge.fml.common.Mod$EventBusSubscriber to MOD
[17:40:30] [modloading-worker-0/DEBUG] [th.ko.LoggerKt/LOADING]: Auto-subscribing kotlin object net.minecraftforge.fml.common.Mod$EventBusSubscriber to MOD
[17:40:30] [modloading-worker-0/DEBUG] [th.ko.LoggerKt/LOADING]: Auto-subscribing kotlin object net.minecraftforge.fml.common.Mod$EventBusSubscriber to MOD
[17:40:30] [modloading-worker-0/DEBUG] [th.ko.LoggerKt/LOADING]: Auto-subscribing kotlin object net.minecraftforge.fml.common.Mod$EventBusSubscriber to MOD
[17:40:30] [modloading-worker-0/DEBUG] [th.ko.LoggerKt/LOADING]: Auto-subscribing kotlin object net.minecraftforge.fml.common.Mod$EventBusSubscriber to MOD
[17:40:30] [modloading-worker-0/DEBUG] [th.ko.LoggerKt/LOADING]: Auto-subscribing kotlin object net.minecraftforge.fml.common.Mod$EventBusSubscriber to MOD
[17:40:30] [modloading-worker-0/DEBUG] [th.ko.LoggerKt/LOADING]: Auto-subscribing kotlin object net.minecraftforge.fml.common.Mod$EventBusSubscriber to MOD
[17:40:30] [modloading-worker-0/DEBUG] [th.ko.LoggerKt/LOADING]: Auto-subscribing kotlin object net.minecraftforge.fml.common.Mod$EventBusSubscriber to FORGE
[17:40:30] [modloading-worker-0/DEBUG] [th.ko.LoggerKt/LOADING]: Auto-subscribing kotlin object net.minecraftforge.fml.common.Mod$EventBusSubscriber to MOD
[17:40:30] [modloading-worker-0/DEBUG] [th.ko.LoggerKt/LOADING]: Auto-subscribing kotlin object net.minecraftforge.fml.common.Mod$EventBusSubscriber to FORGE
[17:40:30] [modloading-worker-0/DEBUG] [th.ko.LoggerKt/LOADING]: Auto-subscribing kotlin object net.minecraftforge.fml.common.Mod$EventBusSubscriber to FORGE
[17:40:30] [modloading-worker-0/DEBUG] [th.ko.LoggerKt/LOADING]: Auto-subscribing kotlin object net.minecraftforge.fml.common.Mod$EventBusSubscriber to FORGE
[17:40:30] [modloading-worker-0/DEBUG] [th.ko.LoggerKt/LOADING]: Auto-subscribing kotlin object net.minecraftforge.fml.common.Mod$EventBusSubscriber to FORGE
[17:40:30] [modloading-worker-0/DEBUG] [th.ko.LoggerKt/LOADING]: Auto-subscribing kotlin object net.minecraftforge.fml.common.Mod$EventBusSubscriber to FORGE
[17:40:30] [modloading-worker-0/DEBUG] [th.ko.LoggerKt/LOADING]: Auto-subscribing kotlin object net.minecraftforge.fml.common.Mod$EventBusSubscriber to FORGE
[17:40:30] [modloading-worker-0/DEBUG] [th.ko.LoggerKt/LOADING]: Auto-subscribing kotlin object net.minecraftforge.fml.common.Mod$EventBusSubscriber to FORGE
[17:40:30] [modloading-worker-0/DEBUG] [th.ko.LoggerKt/LOADING]: Auto-subscribing kotlin object net.minecraftforge.fml.common.Mod$EventBusSubscriber to FORGE
[17:40:30] [modloading-worker-0/DEBUG] [mixin/]: Mixing AnimationProcessorAccessor from mixins.superbwarfare.json into software.bernie.geckolib.core.animation.AnimationProcessor
[17:40:30] [modloading-worker-0/DEBUG] [th.ko.LoggerKt/LOADING]: Auto-subscribing kotlin object net.minecraftforge.fml.common.Mod$EventBusSubscriber to FORGE
[17:40:30] [modloading-worker-0/DEBUG] [th.ko.LoggerKt/LOADING]: Auto-subscribing kotlin object net.minecraftforge.fml.common.Mod$EventBusSubscriber to FORGE
[17:40:30] [modloading-worker-0/DEBUG] [th.ko.LoggerKt/LOADING]: Auto-subscribing kotlin object net.minecraftforge.fml.common.Mod$EventBusSubscriber to FORGE
[17:40:30] [modloading-worker-0/DEBUG] [th.ko.LoggerKt/LOADING]: Auto-subscribing kotlin object net.minecraftforge.fml.common.Mod$EventBusSubscriber to MOD
[17:40:30] [modloading-worker-0/DEBUG] [th.ko.LoggerKt/LOADING]: Auto-subscribing kotlin object net.minecraftforge.fml.common.Mod$EventBusSubscriber to FORGE
[17:40:30] [modloading-worker-0/DEBUG] [th.ko.LoggerKt/LOADING]: Auto-subscribing kotlin object net.minecraftforge.fml.common.Mod$EventBusSubscriber to FORGE
[17:40:30] [modloading-worker-0/DEBUG] [th.ko.LoggerKt/LOADING]: Auto-subscribing kotlin object net.minecraftforge.fml.common.Mod$EventBusSubscriber to FORGE
[17:40:30] [modloading-worker-0/DEBUG] [th.ko.LoggerKt/LOADING]: Auto-subscribing kotlin object net.minecraftforge.fml.common.Mod$EventBusSubscriber to MOD
[17:40:30] [modloading-worker-0/DEBUG] [th.ko.LoggerKt/LOADING]: Auto-subscribing kotlin object net.minecraftforge.fml.common.Mod$EventBusSubscriber to MOD
[17:40:30] [modloading-worker-0/DEBUG] [th.ko.LoggerKt/LOADING]: Auto-subscribing kotlin object net.minecraftforge.fml.common.Mod$EventBusSubscriber to FORGE
[17:40:31] [modloading-worker-0/DEBUG] [th.ko.LoggerKt/LOADING]: Auto-subscribing kotlin object net.minecraftforge.fml.common.Mod$EventBusSubscriber to FORGE
[17:40:31] [modloading-worker-0/DEBUG] [th.ko.LoggerKt/LOADING]: Auto-subscribing kotlin object net.minecraftforge.fml.common.Mod$EventBusSubscriber to FORGE
[17:40:31] [modloading-worker-0/DEBUG] [th.ko.LoggerKt/LOADING]: Auto-subscribing kotlin object net.minecraftforge.fml.common.Mod$EventBusSubscriber to FORGE
[17:40:31] [modloading-worker-0/DEBUG] [th.ko.LoggerKt/LOADING]: Auto-subscribing kotlin object net.minecraftforge.fml.common.Mod$EventBusSubscriber to FORGE
[17:40:31] [modloading-worker-0/DEBUG] [th.ko.LoggerKt/LOADING]: Auto-subscribing kotlin object net.minecraftforge.fml.common.Mod$EventBusSubscriber to FORGE
[17:40:31] [modloading-worker-0/DEBUG] [th.ko.LoggerKt/LOADING]: Auto-subscribing kotlin object net.minecraftforge.fml.common.Mod$EventBusSubscriber to FORGE
[17:40:31] [modloading-worker-0/DEBUG] [th.ko.LoggerKt/LOADING]: Auto-subscribing kotlin object net.minecraftforge.fml.common.Mod$EventBusSubscriber to FORGE
[17:40:31] [modloading-worker-0/DEBUG] [th.ko.LoggerKt/LOADING]: Auto-subscribing kotlin object net.minecraftforge.fml.common.Mod$EventBusSubscriber to FORGE
[17:40:31] [modloading-worker-0/DEBUG] [th.ko.LoggerKt/LOADING]: Auto-subscribing kotlin object net.minecraftforge.fml.common.Mod$EventBusSubscriber to FORGE
[17:40:31] [modloading-worker-0/DEBUG] [th.ko.LoggerKt/LOADING]: Auto-subscribing kotlin object net.minecraftforge.fml.common.Mod$EventBusSubscriber to FORGE
[17:40:31] [modloading-worker-0/DEBUG] [th.ko.LoggerKt/LOADING]: Auto-subscribing kotlin object net.minecraftforge.fml.common.Mod$EventBusSubscriber to FORGE
[17:40:31] [modloading-worker-0/DEBUG] [th.ko.LoggerKt/LOADING]: Auto-subscribing kotlin object net.minecraftforge.fml.common.Mod$EventBusSubscriber to FORGE
[17:40:31] [modloading-worker-0/DEBUG] [th.ko.LoggerKt/LOADING]: Auto-subscribing kotlin object net.minecraftforge.fml.common.Mod$EventBusSubscriber to FORGE
[17:40:31] [modloading-worker-0/DEBUG] [mixin/]: Mixing client.LanguageMixin from tacz.mixins.json into net.minecraft.client.resources.language.ClientLanguage
[17:40:31] [modloading-worker-0/DEBUG] [mixin/]: Mixing ClientLanguagesMixin from moonlight-common.mixins.json into net.minecraft.client.resources.language.ClientLanguage
[17:40:31] [modloading-worker-0/DEBUG] [mixin/]: Renaming synthetic method lambda$addEntries$0(Lnet/mehvahdjukaar/moonlight/api/events/AfterLanguageLoadEvent;Lnet/mehvahdjukaar/moonlight/api/set/BlockTypeRegistry;)V to mdb1e039$lambda$addEntries$0$0 in moonlight-common.mixins.json:ClientLanguagesMixin
[17:40:31] [modloading-worker-0/DEBUG] [th.ko.LoggerKt/LOADING]: Auto-subscribing kotlin object net.minecraftforge.fml.common.Mod$EventBusSubscriber to MOD
[17:40:31] [modloading-worker-0/DEBUG] [th.ko.LoggerKt/LOADING]: Auto-subscribing kotlin object net.minecraftforge.fml.common.Mod$EventBusSubscriber to MOD
[17:40:31] [modloading-worker-0/DEBUG] [th.ko.LoggerKt/LOADING]: Auto-subscribing kotlin object net.minecraftforge.fml.common.Mod$EventBusSubscriber to FORGE
[17:40:31] [modloading-worker-0/DEBUG] [th.ko.LoggerKt/LOADING]: Auto-subscribing kotlin object net.minecraftforge.fml.common.Mod$EventBusSubscriber to MOD
[17:40:31] [Render thread/DEBUG] [ne.mi.fm.DeferredWorkQueue/LOADING]: Dispatching synchronous work for work queue CONSTRUCT: 4 jobs
[17:40:31] [Render thread/DEBUG] [ne.mi.fm.co.ConfigTracker/CONFIG]: Config file dyairdrop.toml for dyairdrop tracking
[17:40:31] [Render thread/DEBUG] [ne.mi.fm.DeferredWorkQueue/LOADING]: Synchronous work queue completed in 4.731 ms
[17:40:31] [Render thread/DEBUG] [ne.mi.co.ca.CapabilityManager/CAPABILITIES]: Attempting to automatically register: Lcom/atsuishio/superbwarfare/capability/living/PhosphorusFireCapability;
[17:40:31] [Render thread/DEBUG] [ne.mi.co.ca.CapabilityManager/CAPABILITIES]: Attempting to automatically register: Lcom/atsuishio/superbwarfare/capability/player/PlayerVariable;
[17:40:31] [Render thread/DEBUG] [ne.mi.co.ca.CapabilityManager/CAPABILITIES]: Attempting to automatically register: Lme/xjqsh/lrtactical/capability/CombatProperties;
[17:40:31] [Render thread/DEBUG] [ne.mi.co.ca.CapabilityManager/CAPABILITIES]: Attempting to automatically register: Lme/xjqsh/lrtactical/capability/CustomItemCoolDowns;
[17:40:31] [Render thread/DEBUG] [ne.mi.co.ca.CapabilityManager/CAPABILITIES]: Attempting to automatically register: Lnet/minecraftforge/energy/IEnergyStorage;
[17:40:31] [Render thread/DEBUG] [ne.mi.co.ca.CapabilityManager/CAPABILITIES]: Attempting to automatically register: Lnet/minecraftforge/fluids/capability/IFluidHandler;
[17:40:31] [Render thread/DEBUG] [ne.mi.co.ca.CapabilityManager/CAPABILITIES]: Attempting to automatically register: Lnet/minecraftforge/fluids/capability/IFluidHandlerItem;
[17:40:31] [Render thread/DEBUG] [ne.mi.co.ca.CapabilityManager/CAPABILITIES]: Attempting to automatically register: Lnet/minecraftforge/items/IItemHandler;
[17:40:32] [Render thread/DEBUG] [mixin/]: Mixing GeoModelAccessor from mixins.superbwarfare.json into software.bernie.geckolib.model.GeoModel
[17:40:33] [Render thread/DEBUG] [mixin/]: Mixing GunMovementMixin from taczadditions.mixins.json into com.tacz.guns.client.renderer.item.GunItemRendererWrapper
[17:40:33] [Render thread/DEBUG] [mixin/]: Mixing MuzzleDirectionMixin from taczadditions.mixins.json into com.tacz.guns.client.renderer.item.GunItemRendererWrapper
[17:40:33] [Render thread/DEBUG] [so.be.ge.GeckoLib/]: Registered SyncedAnimatable for class com.atsuishio.superbwarfare.item.gun.special.RepairToolItem
[17:40:33] [Render thread/DEBUG] [so.be.ge.GeckoLib/]: Registered SyncedAnimatable for class com.atsuishio.superbwarfare.item.gun.special.TaserItem
[17:40:33] [Render thread/DEBUG] [so.be.ge.GeckoLib/]: Registered SyncedAnimatable for class com.atsuishio.superbwarfare.item.gun.handgun.Glock17Item
[17:40:33] [Render thread/DEBUG] [so.be.ge.GeckoLib/]: Registered SyncedAnimatable for class com.atsuishio.superbwarfare.item.gun.handgun.Glock18Item
[17:40:33] [Render thread/DEBUG] [so.be.ge.GeckoLib/]: Registered SyncedAnimatable for class com.atsuishio.superbwarfare.item.gun.handgun.Mp443Item
[17:40:33] [Render thread/DEBUG] [so.be.ge.GeckoLib/]: Registered SyncedAnimatable for class com.atsuishio.superbwarfare.item.gun.handgun.M1911Item
[17:40:33] [Render thread/DEBUG] [so.be.ge.GeckoLib/]: Registered SyncedAnimatable for class com.atsuishio.superbwarfare.item.gun.shotgun.HomemadeShotgunItem
[17:40:33] [Render thread/DEBUG] [so.be.ge.GeckoLib/]: Registered SyncedAnimatable for class com.atsuishio.superbwarfare.item.gun.handgun.TracheliumItem
[17:40:33] [Render thread/DEBUG] [so.be.ge.GeckoLib/]: Registered SyncedAnimatable for class com.atsuishio.superbwarfare.item.gun.smg.Mp5Item
[17:40:33] [Render thread/DEBUG] [so.be.ge.GeckoLib/]: Registered SyncedAnimatable for class com.atsuishio.superbwarfare.item.gun.smg.VectorItem
[17:40:33] [Render thread/DEBUG] [so.be.ge.GeckoLib/]: Registered SyncedAnimatable for class com.atsuishio.superbwarfare.item.gun.rifle.AK47Item
[17:40:33] [Render thread/DEBUG] [so.be.ge.GeckoLib/]: Registered SyncedAnimatable for class com.atsuishio.superbwarfare.item.gun.rifle.AK12Item
[17:40:33] [Render thread/DEBUG] [so.be.ge.GeckoLib/]: Registered SyncedAnimatable for class com.atsuishio.superbwarfare.item.gun.rifle.SksItem
[17:40:33] [Render thread/DEBUG] [so.be.ge.GeckoLib/]: Registered SyncedAnimatable for class com.atsuishio.superbwarfare.item.gun.rifle.M4Item
[17:40:33] [Render thread/DEBUG] [so.be.ge.GeckoLib/]: Registered SyncedAnimatable for class com.atsuishio.superbwarfare.item.gun.rifle.Hk416Item
[17:40:33] [Render thread/DEBUG] [so.be.ge.GeckoLib/]: Registered SyncedAnimatable for class com.atsuishio.superbwarfare.item.gun.rifle.Qbz95Item
[17:40:33] [Render thread/DEBUG] [so.be.ge.GeckoLib/]: Registered SyncedAnimatable for class com.atsuishio.superbwarfare.item.gun.rifle.Qbz191Item
[17:40:33] [Render thread/DEBUG] [so.be.ge.GeckoLib/]: Registered SyncedAnimatable for class com.atsuishio.superbwarfare.item.gun.rifle.InsidiousItem
[17:40:33] [Render thread/DEBUG] [so.be.ge.GeckoLib/]: Registered SyncedAnimatable for class com.atsuishio.superbwarfare.item.gun.rifle.Mk14Item
[17:40:33] [Render thread/DEBUG] [so.be.ge.GeckoLib/]: Registered SyncedAnimatable for class com.atsuishio.superbwarfare.item.gun.sniper.Ql1031Item
[17:40:33] [Render thread/DEBUG] [so.be.ge.GeckoLib/]: Registered SyncedAnimatable for class com.atsuishio.superbwarfare.item.gun.rifle.MarlinItem
[17:40:33] [Render thread/DEBUG] [so.be.ge.GeckoLib/]: Registered SyncedAnimatable for class com.atsuishio.superbwarfare.item.gun.sniper.K98Item
[17:40:33] [Render thread/DEBUG] [so.be.ge.GeckoLib/]: Registered SyncedAnimatable for class com.atsuishio.superbwarfare.item.gun.sniper.MosinNagantItem
[17:40:33] [Render thread/DEBUG] [so.be.ge.GeckoLib/]: Registered SyncedAnimatable for class com.atsuishio.superbwarfare.item.gun.sniper.SvdItem
[17:40:33] [Render thread/DEBUG] [so.be.ge.GeckoLib/]: Registered SyncedAnimatable for class com.atsuishio.superbwarfare.item.gun.sniper.AwmItem
[17:40:33] [Render thread/DEBUG] [so.be.ge.GeckoLib/]: Registered SyncedAnimatable for class com.atsuishio.superbwarfare.item.gun.sniper.M98bItem
[17:40:33] [Render thread/DEBUG] [so.be.ge.GeckoLib/]: Registered SyncedAnimatable for class com.atsuishio.superbwarfare.item.gun.sniper.SentinelItem
[17:40:33] [Render thread/DEBUG] [so.be.ge.GeckoLib/]: Registered SyncedAnimatable for class com.atsuishio.superbwarfare.item.gun.sniper.HuntingRifleItem
[17:40:33] [Render thread/DEBUG] [so.be.ge.GeckoLib/]: Registered SyncedAnimatable for class com.atsuishio.superbwarfare.item.gun.sniper.Ntw20Item
[17:40:33] [Render thread/DEBUG] [so.be.ge.GeckoLib/]: Registered SyncedAnimatable for class com.atsuishio.superbwarfare.item.gun.shotgun.M870Item
[17:40:33] [Render thread/DEBUG] [so.be.ge.GeckoLib/]: Registered SyncedAnimatable for class com.atsuishio.superbwarfare.item.gun.shotgun.Aa12Item
[17:40:33] [Render thread/DEBUG] [so.be.ge.GeckoLib/]: Registered SyncedAnimatable for class com.atsuishio.superbwarfare.item.gun.machinegun.DevotionItem
[17:40:33] [Render thread/DEBUG] [so.be.ge.GeckoLib/]: Registered SyncedAnimatable for class com.atsuishio.superbwarfare.item.gun.machinegun.RpkItem
[17:40:33] [Render thread/DEBUG] [so.be.ge.GeckoLib/]: Registered SyncedAnimatable for class com.atsuishio.superbwarfare.item.gun.machinegun.M60Item
[17:40:33] [Render thread/DEBUG] [so.be.ge.GeckoLib/]: Registered SyncedAnimatable for class com.atsuishio.superbwarfare.item.gun.machinegun.M2HBItem
[17:40:33] [Render thread/DEBUG] [so.be.ge.GeckoLib/]: Registered SyncedAnimatable for class com.atsuishio.superbwarfare.item.gun.machinegun.MinigunItem
[17:40:33] [Render thread/DEBUG] [so.be.ge.GeckoLib/]: Registered SyncedAnimatable for class com.atsuishio.superbwarfare.item.gun.launcher.M79Item
[17:40:33] [Render thread/DEBUG] [so.be.ge.GeckoLib/]: Registered SyncedAnimatable for class com.atsuishio.superbwarfare.item.gun.launcher.SecondaryCataclysmItem
[17:40:33] [Render thread/DEBUG] [so.be.ge.GeckoLib/]: Registered SyncedAnimatable for class com.atsuishio.superbwarfare.item.gun.launcher.RpgItem
[17:40:33] [Render thread/DEBUG] [so.be.ge.GeckoLib/]: Registered SyncedAnimatable for class com.atsuishio.superbwarfare.item.gun.launcher.JavelinItem
[17:40:33] [Render thread/DEBUG] [so.be.ge.GeckoLib/]: Registered SyncedAnimatable for class com.atsuishio.superbwarfare.item.gun.launcher.IglaItem
[17:40:33] [Render thread/DEBUG] [so.be.ge.GeckoLib/]: Registered SyncedAnimatable for class com.atsuishio.superbwarfare.item.gun.special.BocekItem
[17:40:33] [Render thread/DEBUG] [so.be.ge.GeckoLib/]: Registered SyncedAnimatable for class com.atsuishio.superbwarfare.item.gun.launcher.SuperStarShooterItem
[17:40:33] [Render thread/DEBUG] [io.ne.ut.in.InternalThreadLocalMap/]: -Dio.netty.threadLocalMap.stringBuilder.initialSize: 1024
[17:40:33] [Render thread/DEBUG] [io.ne.ut.in.InternalThreadLocalMap/]: -Dio.netty.threadLocalMap.stringBuilder.maxSize: 4096
[17:40:33] [Render thread/DEBUG] [io.ne.ut.in.ThreadLocalRandom/]: -Dio.netty.initialSeedUniquifier: 0xa96262a7c4dea25a
[17:40:33] [Render thread/INFO] [Moonlight/]: Initialized block sets in 12ms
[17:40:34] [Render thread/DEBUG] [ne.mi.cl.lo.ClientModLoader/CORE]: Generating PackInfo named mod:e_ab_i_wt for mod file D:\2026WORK\MCPubgLauncherV2\.runtime\clean\mods\Arena Breakout Infinite Melee Pack-0.1.0.jar
[17:40:34] [Render thread/DEBUG] [ne.mi.cl.lo.ClientModLoader/CORE]: Generating PackInfo named mod:mcpubg for mod file D:\2026WORK\MCPubgLauncherV2\.runtime\clean\mods\mcpubg-0.0.1.jar
[17:40:34] [Render thread/DEBUG] [ne.mi.cl.lo.ClientModLoader/CORE]: Generating PackInfo named mod:geckolib for mod file D:\2026WORK\MCPubgLauncherV2\.runtime\clean\mods\geckolib-forge-1.20.1-4.8.4.jar
[17:40:34] [Render thread/DEBUG] [ne.mi.cl.lo.ClientModLoader/CORE]: Generating PackInfo named mod:dyairdrop for mod file D:\2026WORK\MCPubgLauncherV2\.runtime\clean\mods\dyairdrop-1.1.0-1.20.1-beta.jar
[17:40:34] [Render thread/DEBUG] [ne.mi.cl.lo.ClientModLoader/CORE]: Generating PackInfo named mod:tacz for mod file D:\2026WORK\MCPubgLauncherV2\.runtime\clean\mods\tacz-1.20.1-1.1.8-hotfix.jar
[17:40:34] [Render thread/DEBUG] [ne.mi.cl.lo.ClientModLoader/CORE]: Generating PackInfo named mod:sophisticatedcore for mod file D:\2026WORK\MCPubgLauncherV2\.runtime\clean\mods\sophisticatedcore-1.20.1-1.3.75.2231.jar
[17:40:34] [Render thread/DEBUG] [ne.mi.cl.lo.ClientModLoader/CORE]: Generating PackInfo named mod:immersive_weathering for mod file D:\2026WORK\MCPubgLauncherV2\.runtime\clean\mods\immersive_weathering-1.20.1-2.0.5-forge.jar
[17:40:34] [Render thread/DEBUG] [ne.mi.cl.lo.ClientModLoader/CORE]: Generating PackInfo named mod:marbledsarsenal for mod file D:\2026WORK\MCPubgLauncherV2\.runtime\clean\mods\marbledsarsenal-1.20.1forge-2.4.0.0.jar
[17:40:34] [Render thread/DEBUG] [ne.mi.cl.lo.ClientModLoader/CORE]: Generating PackInfo named mod:tacztweaks for mod file D:\2026WORK\MCPubgLauncherV2\.runtime\clean\mods\tacz-tweaks-2.14.2-all.jar
[17:40:34] [Render thread/DEBUG] [ne.mi.cl.lo.ClientModLoader/CORE]: Generating PackInfo named mod:journeymap for mod file D:\2026WORK\MCPubgLauncherV2\.runtime\clean\mods\journeymap-1.20.1-5.10.3-forge.jar
[17:40:34] [Render thread/DEBUG] [ne.mi.cl.lo.ClientModLoader/CORE]: Generating PackInfo named mod:berezka_api for mod file D:\2026WORK\MCPubgLauncherV2\.runtime\clean\mods\berezka_api-1.2.9.5-forge-1.20.1.jar
[17:40:34] [Render thread/DEBUG] [ne.mi.cl.lo.ClientModLoader/CORE]: Generating PackInfo named mod:citadel for mod file D:\2026WORK\MCPubgLauncherV2\.runtime\clean\mods\citadel-2.6.3-1.20.1.jar
[17:40:34] [Render thread/DEBUG] [ne.mi.cl.lo.ClientModLoader/CORE]: Generating PackInfo named mod:zombieawareness for mod file D:\2026WORK\MCPubgLauncherV2\.runtime\clean\mods\zombieawareness-1.20.1-1.13.1.jar
[17:40:34] [Render thread/DEBUG] [ne.mi.cl.lo.ClientModLoader/CORE]: Generating PackInfo named mod:mcore for mod file D:\2026WORK\MCPubgLauncherV2\.runtime\clean\mods\mcore-1.20.1-1.0.3.0.jar
[17:40:34] [Render thread/DEBUG] [ne.mi.cl.lo.ClientModLoader/CORE]: Generating PackInfo named mod:badmobs for mod file D:\2026WORK\MCPubgLauncherV2\.runtime\clean\mods\BadMobs-1.20.1-19.0.4.jar
[17:40:34] [Render thread/DEBUG] [ne.mi.cl.lo.ClientModLoader/CORE]: Generating PackInfo named mod:sophisticatedbackpacks for mod file D:\2026WORK\MCPubgLauncherV2\.runtime\clean\mods\sophisticatedbackpacks-1.20.1-3.24.63.2049.jar
[17:40:34] [Render thread/DEBUG] [ne.mi.cl.lo.ClientModLoader/CORE]: Generating PackInfo named mod:superbwarfare for mod file D:\2026WORK\MCPubgLauncherV2\.runtime\clean\mods\superbwarfare-0.8.9-final-mc1.20.1-6effe4385-all.jar
[17:40:34] [Render thread/DEBUG] [ne.mi.cl.lo.ClientModLoader/CORE]: Generating PackInfo named mod:hordes for mod file D:\2026WORK\MCPubgLauncherV2\.runtime\clean\mods\The-Hordes-1.20.1-1.6.3g-all.jar
[17:40:34] [Render thread/DEBUG] [ne.mi.cl.lo.ClientModLoader/CORE]: Generating PackInfo named mod:nomindlessshooting for mod file D:\2026WORK\MCPubgLauncherV2\.runtime\clean\mods\nomindlessshooting-2.2.0-1.20.1.jar
[17:40:34] [Render thread/DEBUG] [ne.mi.cl.lo.ClientModLoader/CORE]: Generating PackInfo named mod:cloth_config for mod file D:\2026WORK\MCPubgLauncherV2\.runtime\clean\mods\cloth-config-11.1.136-forge.jar
[17:40:34] [Render thread/DEBUG] [ne.mi.cl.lo.ClientModLoader/CORE]: Generating PackInfo named mod:forge for mod file D:\2026WORK\MCPubgLauncherV2\.runtime\clean\libraries\net\minecraftforge\forge\1.20.1-47.4.10\forge-1.20.1-47.4.10-universal.jar
[17:40:34] [Render thread/DEBUG] [ne.mi.cl.lo.ClientModLoader/CORE]: Generating PackInfo named mod:supressingtagz for mod file D:\2026WORK\MCPubgLauncherV2\.runtime\clean\mods\[TAGZ] Supressing-1.0.jar
[17:40:34] [Render thread/DEBUG] [ne.mi.cl.lo.ClientModLoader/CORE]: Generating PackInfo named mod:rbi for mod file D:\2026WORK\MCPubgLauncherV2\.runtime\clean\mods\rbi-1.20.1-0.2.0.jar
[17:40:34] [Render thread/DEBUG] [ne.mi.cl.lo.ClientModLoader/CORE]: Generating PackInfo named mod:taczmeshloader for mod file D:\2026WORK\MCPubgLauncherV2\.runtime\clean\mods\tacz-mesh-loader-forge-1.20.1-0.1.6.jar
[17:40:34] [Render thread/DEBUG] [ne.mi.cl.lo.ClientModLoader/CORE]: Generating PackInfo named mod:accuratehitboxes for mod file D:\2026WORK\MCPubgLauncherV2\.runtime\clean\mods\accuratehitboxes-neoforge-2.4.1-1.20.1.jar
[17:40:34] [Render thread/DEBUG] [ne.mi.cl.lo.ClientModLoader/CORE]: Generating PackInfo named mod:farmersdelight for mod file D:\2026WORK\MCPubgLauncherV2\.runtime\clean\mods\FarmersDelight-1.20.1-1.3.2.jar
[17:40:34] [Render thread/DEBUG] [ne.mi.cl.lo.ClientModLoader/CORE]: Generating PackInfo named mod:immersive_ballistic for mod file D:\2026WORK\MCPubgLauncherV2\.runtime\clean\mods\immersive_ballistic-1.3.jar
[17:40:34] [Render thread/DEBUG] [ne.mi.cl.lo.ClientModLoader/CORE]: Generating PackInfo named mod:terrablender for mod file D:\2026WORK\MCPubgLauncherV2\.runtime\clean\mods\TerraBlender-forge-1.20.1-3.0.1.10.jar
[17:40:34] [Render thread/DEBUG] [ne.mi.cl.lo.ClientModLoader/CORE]: Generating PackInfo named mod:moonlight for mod file D:\2026WORK\MCPubgLauncherV2\.runtime\clean\mods\moonlight-1.20-2.16.34-forge.jar
[17:40:34] [Render thread/DEBUG] [ne.mi.cl.lo.ClientModLoader/CORE]: Generating PackInfo named mod:mixinsquared for mod file 
[17:40:34] [Render thread/DEBUG] [ne.mi.cl.lo.ClientModLoader/CORE]: Generating PackInfo named mod:survival_instinct for mod file D:\2026WORK\MCPubgLauncherV2\.runtime\clean\mods\survival_instinct-1.0.2-forge-1.20.1.jar
[17:40:34] [Render thread/DEBUG] [ne.mi.cl.lo.ClientModLoader/CORE]: Generating PackInfo named mod:lrtactical for mod file D:\2026WORK\MCPubgLauncherV2\.runtime\clean\mods\lrtactical-1.20.1-0.4.1.jar
[17:40:34] [Render thread/DEBUG] [ne.mi.cl.lo.ClientModLoader/CORE]: Generating PackInfo named mod:kotlinforforge for mod file 
[17:40:34] [Render thread/DEBUG] [ne.mi.cl.lo.ClientModLoader/CORE]: Generating PackInfo named mod:jmvworldborder for mod file D:\2026WORK\MCPubgLauncherV2\.runtime\clean\mods\jmvworldborder-1.0.2.jar
[17:40:34] [Render thread/DEBUG] [ne.mi.cl.lo.ClientModLoader/CORE]: Generating PackInfo named mod:tacz_realisticblood for mod file D:\2026WORK\MCPubgLauncherV2\.runtime\clean\mods\tacz_realisticblood-1.0.8-forge-1.20.1.jar
[17:40:34] [Render thread/DEBUG] [ne.mi.cl.lo.ClientModLoader/CORE]: Generating PackInfo named mod:curios for mod file D:\2026WORK\MCPubgLauncherV2\.runtime\clean\mods\curios-forge-5.14.1+1.20.1.jar
[17:40:34] [Render thread/DEBUG] [ne.mi.cl.lo.ClientModLoader/CORE]: Generating PackInfo named mod:ragdollified for mod file D:\2026WORK\MCPubgLauncherV2\.runtime\clean\mods\ragdollified-1.20.1-0.8.0-BETA.jar
[17:40:34] [Render thread/DEBUG] [ne.mi.cl.lo.ClientModLoader/CORE]: Generating PackInfo named mod:simplebedrockmodel for mod file 
[17:40:34] [Render thread/DEBUG] [ne.mi.cl.lo.ClientModLoader/CORE]: Generating PackInfo named mod:endlessammo for mod file D:\2026WORK\MCPubgLauncherV2\.runtime\clean\mods\endlessammo-2.0.jar
[17:40:34] [Render thread/DEBUG] [ne.mi.cl.lo.ClientModLoader/CORE]: Generating PackInfo named mod:lootchestrefill for mod file D:\2026WORK\MCPubgLauncherV2\.runtime\clean\mods\lootchestrefill-1.1.2.jar
[17:40:34] [Render thread/DEBUG] [ne.mi.cl.lo.ClientModLoader/CORE]: Generating PackInfo named mod:parcool for mod file D:\2026WORK\MCPubgLauncherV2\.runtime\clean\mods\ParCool-1.20.1-3.4.3.3.jar
[17:40:34] [Render thread/DEBUG] [ne.mi.cl.lo.ClientModLoader/CORE]: Generating PackInfo named mod:chaoszprojectbandits for mod file D:\2026WORK\MCPubgLauncherV2\.runtime\clean\mods\chaoszproject-bandits-1.0.0-1.20.1.jar
[17:40:34] [Render thread/DEBUG] [ne.mi.cl.lo.ClientModLoader/CORE]: Generating PackInfo named mod:taczadditions for mod file D:\2026WORK\MCPubgLauncherV2\.runtime\clean\mods\taczadditions-1.20.1-1.1.1.jar
[17:40:34] [Render thread/DEBUG] [ne.mi.cl.lo.ClientModLoader/CORE]: Generating PackInfo named mod:lostcities for mod file D:\2026WORK\MCPubgLauncherV2\.runtime\clean\mods\lostcities-1.20-7.5.1.jar
[17:40:34] [Render thread/DEBUG] [ne.mi.cl.lo.ClientModLoader/CORE]: Generating PackInfo named mod:keerdm_zombie_essentials for mod file D:\2026WORK\MCPubgLauncherV2\.runtime\clean\mods\Keerdm_20Zombie_20Apocalypse_20Essentials_20(TACZ)_201.42.jar
[17:40:34] [Render thread/DEBUG] [ne.mi.cl.lo.ClientModLoader/CORE]: Generating PackInfo named mod:tacticalvests for mod file D:\2026WORK\MCPubgLauncherV2\.runtime\clean\mods\tacticalvests-1.0.4-forge-1.20.1.jar
[17:40:34] [Render thread/DEBUG] [ne.mi.cl.lo.ClientModLoader/CORE]: Generating PackInfo named mod:atlaslib for mod file D:\2026WORK\MCPubgLauncherV2\.runtime\clean\mods\Atlas Lib-1.20.1-1.1.12.jar
[17:40:34] [Render thread/DEBUG] [ne.mi.cl.lo.ClientModLoader/CORE]: Generating PackInfo named mod:coroutil for mod file D:\2026WORK\MCPubgLauncherV2\.runtime\clean\mods\coroutil-forge-1.20.1-1.3.7.jar
[17:40:34] [Render thread/DEBUG] [ne.mi.cl.lo.ClientModLoader/CORE]: Generating PackInfo named mod:architectury for mod file D:\2026WORK\MCPubgLauncherV2\.runtime\clean\mods\architectury-9.2.14-forge.jar
[17:40:34] [Render thread/DEBUG] [ne.mi.cl.lo.ClientModLoader/CORE]: Generating PackInfo named mod:aiimprovements for mod file D:\2026WORK\MCPubgLauncherV2\.runtime\clean\mods\AI-Improvements-1.20-0.5.2.jar
[17:40:34] [Render thread/DEBUG] [ne.mi.cl.lo.ClientModLoader/CORE]: Generating PackInfo named mod:yet_another_config_lib_v3 for mod file D:\2026WORK\MCPubgLauncherV2\.runtime\clean\mods\yet_another_config_lib_v3-3.6.6+1.20.1-forge.jar
[17:40:34] [Render thread/DEBUG] [ne.mi.cl.lo.ClientModLoader/CORE]: Generating PackInfo named mod:framework for mod file D:\2026WORK\MCPubgLauncherV2\.runtime\clean\mods\framework-forge-1.20.1-0.8.0.jar
[17:40:34] [Render thread/DEBUG] [ne.mi.fm.co.ConfigTracker/CONFIG]: Config file tacz-pre.toml for minecraft tracking
[17:40:34] [Render thread/DEBUG] [ne.mi.fm.co.ConfigFileTypeHandler/CONFIG]: Built TOML config for D:\2026WORK\MCPubgLauncherV2\.runtime\clean\tacz\tacz-pre.toml
[17:40:34] [Render thread/DEBUG] [ne.mi.fm.co.ConfigFileTypeHandler/CONFIG]: Loaded TOML config file D:\2026WORK\MCPubgLauncherV2\.runtime\clean\tacz\tacz-pre.toml
[17:40:34] [Render thread/DEBUG] [ne.mi.fm.co.ConfigFileTypeHandler/CONFIG]: Watching TOML config file D:\2026WORK\MCPubgLauncherV2\.runtime\clean\tacz\tacz-pre.toml for changes
[17:40:34] [Render thread/DEBUG] [tacz/]: Skipping unchanged exported resource D:\2026WORK\MCPubgLauncherV2\.runtime\clean\tacz\tacz_default_gun
[17:40:34] [Render thread/DEBUG] [tacz/]: Skipping unchanged exported resource D:\2026WORK\MCPubgLauncherV2\.runtime\clean\tacz\endlessammo
[17:40:34] [Render thread/INFO] [tacz/GunPackFinder]: Start scanning for gun packs in D:\2026WORK\MCPubgLauncherV2\.runtime\clean\tacz
[17:40:34] [Render thread/INFO] [tacz/GunPackFinder]: - endlessammo, Main namespace: ea
[17:40:34] [Render thread/INFO] [tacz/GunPackFinder]: - immersive_ballistic, Main namespace: tacztweaks
[17:40:34] [Render thread/INFO] [tacz/GunPackFinder]: - tacz_default_gun, Main namespace: tacz
[17:40:34] [Render thread/INFO] [tacz/GunPackFinder]: Found 3 possible gunpack(s) and added them to resource set.
[17:40:35] [Render thread/INFO] [or.be.be.Berezka_api/]: [Berezka API] loading pack for namespaces: [berezka_api] (deprecated) and []
[17:40:35] [Render thread/DEBUG] [mixin/]: Mixing client.TextureManagerMixin from geckolib.mixins.json into net.minecraft.client.renderer.texture.TextureManager
[17:40:35] [Render thread/DEBUG] [mixin/]: Mixing DynamicTextureMixin from moonlight-common.mixins.json into net.minecraft.client.renderer.texture.DynamicTexture
[17:40:35] [Render thread/DEBUG] [mixin/]: Mixing tweaks.SoundBufferLibraryMixin from tacztweaks.mixins.json into net.minecraft.client.sounds.SoundBufferLibrary
[17:40:35] [Render thread/DEBUG] [mixin/]: tacztweaks.mixins.json:tweaks.SoundBufferLibraryMixin: Class version 61 required is higher than the class version supported by the current version of Mixin (JAVA_8 supports class version 52)
[17:40:35] [Render thread/DEBUG] [mixin/]: Mixing HideBlockBreakProgressMixin from farmersdelight.mixins.json into net.minecraft.client.renderer.block.BlockRenderDispatcher
[17:40:35] [Render thread/DEBUG] [mixin/]: Mixing EntityRenderDispatcherMixin from mixins.superbwarfare.json into net.minecraft.client.renderer.entity.EntityRenderDispatcher
[17:40:35] [Render thread/DEBUG] [mixin/]: Mixing EntityRenderDispatcherMixin from accuratehitboxes.client.mixins.json into net.minecraft.client.renderer.entity.EntityRenderDispatcher
[17:40:35] [Render thread/DEBUG] [mixin/]: Mixing HideDeadEntityMixin from ragdollified.mixins.json into net.minecraft.client.renderer.entity.EntityRenderDispatcher
[17:40:35] [Render thread/DEBUG] [mixin/]: Mixing client.ItemInHandRendererMixin from tacz.mixins.json into net.minecraft.client.renderer.ItemInHandRenderer
[17:40:35] [Render thread/DEBUG] [mixin/]: Mixing ItemInHandRendererMixin from mixins.superbwarfare.json into net.minecraft.client.renderer.ItemInHandRenderer
[17:40:35] [Render thread/DEBUG] [mixin/]: Mixing ItemInHandRendererMixin from moonlight-common.mixins.json into net.minecraft.client.renderer.ItemInHandRenderer
[17:40:35] [Render thread/DEBUG] [mixin/]: Mixing client.ItemInHandRendererMixin from simplebedrockmodel.mixins.json into net.minecraft.client.renderer.ItemInHandRenderer
[17:40:35] [Render thread/DEBUG] [mixin/]: simplebedrockmodel.mixins.json:client.ItemInHandRendererMixin: Class version 61 required is higher than the class version supported by the current version of Mixin (JAVA_8 supports class version 52)
[17:40:35] [Render thread/DEBUG] [mixin/]: Mixing OverlayTextureMixin from mixins.superbwarfare.json into net.minecraft.client.renderer.texture.OverlayTexture
[17:40:35] [Render thread/DEBUG] [mixin/]: Mixing MapRendererMixin from moonlight-common.mixins.json into net.minecraft.client.gui.MapRenderer
[17:40:35] [Render thread/DEBUG] [mixin/]: Mixing LightTextureMixin from mixins.superbwarfare.json into net.minecraft.client.renderer.LightTexture
[17:40:35] [Render thread/DEBUG] [mixin/]: Mixing client.ItemInHandLayerMixin from tacz.mixins.json into net.minecraft.client.renderer.entity.layers.ItemInHandLayer
[17:40:35] [Render thread/DEBUG] [mixin/]: Mixing ItemInHandLayerMixin from mixins.superbwarfare.json into net.minecraft.client.renderer.entity.layers.ItemInHandLayer
[17:40:35] [Render thread/DEBUG] [mixin/]: Mixing gun.ItemInHandLayerMixin from tacztweaks.mixins.json into net.minecraft.client.renderer.entity.layers.ItemInHandLayer
[17:40:35] [Render thread/DEBUG] [mixin/]: tacztweaks.mixins.json:gun.ItemInHandLayerMixin: Class version 61 required is higher than the class version supported by the current version of Mixin (JAVA_8 supports class version 52)
[17:40:36] [Render thread/DEBUG] [mixin/]: Mixing MixinVillagerProfessionLayer from hordes.mixin.json into net.minecraft.client.renderer.entity.layers.VillagerProfessionLayer
[17:40:36] [Render thread/DEBUG] [mixin/]: Mixing GeoEntityRendererMixin from accuratehitboxes.compat.mixins.json into software.bernie.geckolib.renderer.GeoEntityRenderer
[17:40:36] [Render thread/DEBUG] [mixin/]: Mixing gun.EntityBulletRendererMixin from tacztweaks.mixins.json into com.tacz.guns.client.renderer.entity.EntityBulletRenderer
[17:40:36] [Render thread/DEBUG] [mixin/]: tacztweaks.mixins.json:gun.EntityBulletRendererMixin: Class version 61 required is higher than the class version supported by the current version of Mixin (JAVA_8 supports class version 52)
[17:40:36] [Render thread/DEBUG] [mixin/]: Mixing modifiers.ClientGunTooltipMixin from tacztweaks.mixins.json into com.tacz.guns.client.tooltip.ClientGunTooltip
[17:40:36] [Render thread/DEBUG] [mixin/]: tacztweaks.mixins.json:modifiers.ClientGunTooltipMixin: Class version 61 required is higher than the class version supported by the current version of Mixin (JAVA_8 supports class version 52)
[17:40:36] [Render thread/INFO] [journeymap/]: Registering Keybinds
[17:40:36] [Worker-Main-1/ERROR] [minecraft/AccountProfileKeyPairManager]: Failed to retrieve profile key pair
java.io.IOException: Could not retrieve profile key pair
	at net.minecraft.client.multiplayer.AccountProfileKeyPairManager.m_253252_(AccountProfileKeyPairManager.java:129) ~[client-1.20.1-20230612.114412-srg.jar%23254!/:?] {re:classloading,pl:runtimedistcleaner:A}
	at net.minecraft.client.multiplayer.AccountProfileKeyPairManager.m_252828_(AccountProfileKeyPairManager.java:74) ~[client-1.20.1-20230612.114412-srg.jar%23254!/:?] {re:classloading,pl:runtimedistcleaner:A}
	at java.util.concurrent.CompletableFuture$AsyncSupply.run(CompletableFuture.java:1768) ~[?:?] {}
	at java.util.concurrent.CompletableFuture$AsyncSupply.exec(CompletableFuture.java:1760) ~[?:?] {}
	at java.util.concurrent.ForkJoinTask.doExec(ForkJoinTask.java:373) ~[?:?] {}
	at java.util.concurrent.ForkJoinPool$WorkQueue.topLevelExec(ForkJoinPool.java:1182) ~[?:?] {}
	at java.util.concurrent.ForkJoinPool.scan(ForkJoinPool.java:1655) ~[?:?] {}
	at java.util.concurrent.ForkJoinPool.runWorker(ForkJoinPool.java:1622) ~[?:?] {}
	at java.util.concurrent.ForkJoinWorkerThread.run(ForkJoinWorkerThread.java:165) ~[?:?] {}
[17:40:36] [Render thread/INFO] [or.be.be.re.BuiltInResourcePack/]: [Berezka API] Builtin resource pack created.
[17:40:36] [Render thread/INFO] [minecraft/ReloadableResourceManager]: Reloading ResourceManager: vanilla, tacz_resources, mod_resources, Moonlight Mods Dynamic Assets, hordes-config, berezka_api_data
[17:40:36] [Render thread/INFO] [or.be.be.re.BuiltInResourcePack/]: [Berezka API] returning namespaces: [berezka_api]
[17:40:36] [Render thread/INFO] [or.be.be.re.BuiltInResourcePack/]: [Berezka API] returning namespaces: [berezka_api]
[17:40:36] [Worker-Main-1/INFO] [Moonlight/]: Starting runtime resource generation for pack type CLIENT_RESOURCES with generators from mods [immersive_weathering, moonlight, immersive_weathering]: [net.mehvahdjukaar.moonlight.core.MoonlightClient$MLDynamicClientResources@5fd0ec75, com.ordana.immersive_weathering.dynamicpack.ClientDynamicResourcesHandler@51cacb01]
[17:40:36] [Worker-Main-1/INFO] [Moonlight/]: Generating runtime assets for pack Moonlight Mods Dynamic Assets (moonlight)
[17:40:36] [Worker-Main-1/INFO] [Moonlight/]: Generated runtime CLIENT_RESOURCES for pack Moonlight Mods Dynamic Assets (moonlight) in: 9 ms (multithreaded)
[17:40:36] [Worker-Main-1/INFO] [Moonlight/]: Generating runtime assets for pack Moonlight Mods Dynamic Assets (immersive_weathering)
[17:40:36] [Worker-Main-1/INFO] [co.or.im.ImmersiveWeathering/]: Generated runtime CLIENT_RESOURCES for pack Moonlight Mods Dynamic Assets (immersive_weathering) in: 78 ms (multithreaded)
[17:40:36] [Worker-Main-1/INFO] [Moonlight/]: Finished runtime resources generation for 3 packs in a total of 89 ms
[17:40:36] [Worker-Main-3/INFO] [or.be.be.re.BuiltInResourcePack/]: [Berezka API] listResources called with type: CLIENT_RESOURCES, namespace: berezka_api (true - false), path: geo
[17:40:36] [Worker-Main-1/INFO] [or.be.be.re.BuiltInResourcePack/]: [Berezka API] listResources called with type: CLIENT_RESOURCES, namespace: berezka_api (true - false), path: animations
[17:40:36] [modloading-worker-0/DEBUG] [ne.mi.fm.co.ConfigTracker/CONFIG]: Loading configs type CLIENT
[17:40:36] [modloading-worker-0/DEBUG] [ne.mi.fm.co.ConfigFileTypeHandler/CONFIG]: Built TOML config for D:\2026WORK\MCPubgLauncherV2\.runtime\clean\config\sophisticatedcore-client.toml
[17:40:36] [Render thread/INFO] [or.be.be.re.BuiltInResourcePack/]: [Berezka API] listResources called with type: CLIENT_RESOURCES, namespace: berezka_api (true - false), path: font
[17:40:36] [modloading-worker-0/DEBUG] [ne.mi.fm.co.ConfigFileTypeHandler/CONFIG]: Loaded TOML config file D:\2026WORK\MCPubgLauncherV2\.runtime\clean\config\sophisticatedcore-client.toml
[17:40:36] [modloading-worker-0/DEBUG] [ne.mi.fm.co.ConfigFileTypeHandler/CONFIG]: Watching TOML config file D:\2026WORK\MCPubgLauncherV2\.runtime\clean\config\sophisticatedcore-client.toml for changes
[17:40:36] [modloading-worker-0/DEBUG] [ne.mi.fm.co.ConfigFileTypeHandler/CONFIG]: Built TOML config for D:\2026WORK\MCPubgLauncherV2\.runtime\clean\config\tacz-client.toml
[17:40:36] [modloading-worker-0/DEBUG] [ne.mi.fm.co.ConfigFileTypeHandler/CONFIG]: Loaded TOML config file D:\2026WORK\MCPubgLauncherV2\.runtime\clean\config\tacz-client.toml
[17:40:36] [modloading-worker-0/DEBUG] [ne.mi.fm.co.ConfigFileTypeHandler/CONFIG]: Watching TOML config file D:\2026WORK\MCPubgLauncherV2\.runtime\clean\config\tacz-client.toml for changes
[17:40:36] [modloading-worker-0/DEBUG] [ne.mi.fm.co.ConfigFileTypeHandler/CONFIG]: Built TOML config for D:\2026WORK\MCPubgLauncherV2\.runtime\clean\config\immersive_weathering-client.toml
[17:40:36] [Thread-17/DEBUG] [ne.mi.fm.co.ConfigFileTypeHandler/CONFIG]: Config file tacz-client.toml changed, sending notifies
[17:40:36] [modloading-worker-0/DEBUG] [ne.mi.fm.co.ConfigFileTypeHandler/CONFIG]: Loaded TOML config file D:\2026WORK\MCPubgLauncherV2\.runtime\clean\config\immersive_weathering-client.toml
[17:40:36] [modloading-worker-0/DEBUG] [ne.mi.fm.co.ConfigFileTypeHandler/CONFIG]: Watching TOML config file D:\2026WORK\MCPubgLauncherV2\.runtime\clean\config\immersive_weathering-client.toml for changes
[17:40:36] [modloading-worker-0/DEBUG] [ne.mi.fm.co.ConfigFileTypeHandler/CONFIG]: Built TOML config for D:\2026WORK\MCPubgLauncherV2\.runtime\clean\config\moonlight-client.toml
[17:40:36] [modloading-worker-0/DEBUG] [ne.mi.fm.co.ConfigFileTypeHandler/CONFIG]: Loaded TOML config file D:\2026WORK\MCPubgLauncherV2\.runtime\clean\config\moonlight-client.toml
[17:40:36] [modloading-worker-0/DEBUG] [ne.mi.fm.co.ConfigFileTypeHandler/CONFIG]: Watching TOML config file D:\2026WORK\MCPubgLauncherV2\.runtime\clean\config\moonlight-client.toml for changes
[17:40:36] [modloading-worker-0/DEBUG] [ne.mi.fm.co.ConfigFileTypeHandler/CONFIG]: Built TOML config for D:\2026WORK\MCPubgLauncherV2\.runtime\clean\config\hordes-client.toml
[17:40:36] [modloading-worker-0/DEBUG] [ne.mi.fm.co.ConfigFileTypeHandler/CONFIG]: Loaded TOML config file D:\2026WORK\MCPubgLauncherV2\.runtime\clean\config\hordes-client.toml
[17:40:36] [modloading-worker-0/DEBUG] [ne.mi.fm.co.ConfigFileTypeHandler/CONFIG]: Watching TOML config file D:\2026WORK\MCPubgLauncherV2\.runtime\clean\config\hordes-client.toml for changes
[17:40:36] [modloading-worker-0/DEBUG] [ne.mi.fm.co.ConfigFileTypeHandler/CONFIG]: Built TOML config for D:\2026WORK\MCPubgLauncherV2\.runtime\clean\config\farmersdelight-client.toml
[17:40:37] [modloading-worker-0/DEBUG] [ne.mi.fm.co.ConfigFileTypeHandler/CONFIG]: Loaded TOML config file D:\2026WORK\MCPubgLauncherV2\.runtime\clean\config\farmersdelight-client.toml
[17:40:37] [modloading-worker-0/DEBUG] [ne.mi.fm.co.ConfigFileTypeHandler/CONFIG]: Watching TOML config file D:\2026WORK\MCPubgLauncherV2\.runtime\clean\config\farmersdelight-client.toml for changes
[17:40:37] [modloading-worker-0/DEBUG] [ne.mi.fm.co.ConfigFileTypeHandler/CONFIG]: Built TOML config for D:\2026WORK\MCPubgLauncherV2\.runtime\clean\config\forge-client.toml
[17:40:37] [modloading-worker-0/DEBUG] [ne.mi.fm.co.ConfigFileTypeHandler/CONFIG]: Loaded TOML config file D:\2026WORK\MCPubgLauncherV2\.runtime\clean\config\forge-client.toml
[17:40:37] [modloading-worker-0/DEBUG] [ne.mi.fm.co.ConfigFileTypeHandler/CONFIG]: Watching TOML config file D:\2026WORK\MCPubgLauncherV2\.runtime\clean\config\forge-client.toml for changes
[17:40:37] [modloading-worker-0/DEBUG] [ne.mi.co.ForgeConfig/FORGEMOD]: Loaded forge config file forge-client.toml
[17:40:37] [modloading-worker-0/DEBUG] [ne.mi.fm.co.ConfigFileTypeHandler/CONFIG]: Built TOML config for D:\2026WORK\MCPubgLauncherV2\.runtime\clean\config\lrtactical-client.toml
[17:40:37] [modloading-worker-0/DEBUG] [ne.mi.fm.co.ConfigFileTypeHandler/CONFIG]: Loaded TOML config file D:\2026WORK\MCPubgLauncherV2\.runtime\clean\config\lrtactical-client.toml
[17:40:37] [modloading-worker-0/DEBUG] [ne.mi.fm.co.ConfigFileTypeHandler/CONFIG]: Watching TOML config file D:\2026WORK\MCPubgLauncherV2\.runtime\clean\config\lrtactical-client.toml for changes
[17:40:37] [Thread-17/DEBUG] [ne.mi.fm.co.ConfigFileTypeHandler/CONFIG]: Config file forge-client.toml changed, sending notifies
[17:40:37] [Render thread/INFO] [or.be.be.re.BuiltInResourcePack/]: [Berezka API] listResources called with type: CLIENT_RESOURCES, namespace: berezka_api (true - false), path: textures
[17:40:37] [Thread-17/DEBUG] [ne.mi.co.ForgeConfig/FORGEMOD]: Forge config just got changed on the file system!
[17:40:37] [modloading-worker-0/DEBUG] [ne.mi.fm.co.ConfigFileTypeHandler/CONFIG]: Built TOML config for D:\2026WORK\MCPubgLauncherV2\.runtime\clean\config\curios-client.toml
[17:40:37] [Worker-Main-11/DEBUG] [mixin/]: Mixing client.SoundManagerPreparationsMixin from tacz.mixins.json into net.minecraft.client.sounds.SoundManager$Preparations
[17:40:37] [modloading-worker-0/DEBUG] [ne.mi.fm.co.ConfigFileTypeHandler/CONFIG]: Loaded TOML config file D:\2026WORK\MCPubgLauncherV2\.runtime\clean\config\curios-client.toml
[17:40:37] [modloading-worker-0/DEBUG] [ne.mi.fm.co.ConfigFileTypeHandler/CONFIG]: Watching TOML config file D:\2026WORK\MCPubgLauncherV2\.runtime\clean\config\curios-client.toml for changes
[17:40:37] [Thread-17/DEBUG] [ne.mi.fm.co.ConfigFileTypeHandler/CONFIG]: Config file curios-client.toml changed, sending notifies
[17:40:37] [modloading-worker-0/DEBUG] [ne.mi.fm.co.ConfigFileTypeHandler/CONFIG]: Built TOML config for D:\2026WORK\MCPubgLauncherV2\.runtime\clean\config\ragdollified-client.toml
[17:40:37] [Thread-17/DEBUG] [ne.mi.fm.co.ConfigFileTypeHandler/CONFIG]: Config file curios-client.toml changed, sending notifies
[17:40:37] [modloading-worker-0/DEBUG] [ne.mi.fm.co.ConfigFileTypeHandler/CONFIG]: Loaded TOML config file D:\2026WORK\MCPubgLauncherV2\.runtime\clean\config\ragdollified-client.toml
[17:40:37] [modloading-worker-0/DEBUG] [ne.mi.fm.co.ConfigFileTypeHandler/CONFIG]: Watching TOML config file D:\2026WORK\MCPubgLauncherV2\.runtime\clean\config\ragdollified-client.toml for changes
[17:40:37] [modloading-worker-0/DEBUG] [ne.mi.fm.co.ConfigFileTypeHandler/CONFIG]: Built TOML config for D:\2026WORK\MCPubgLauncherV2\.runtime\clean\config\taczadditions-client.toml
[17:40:37] [modloading-worker-0/DEBUG] [ne.mi.fm.co.ConfigFileTypeHandler/CONFIG]: Loaded TOML config file D:\2026WORK\MCPubgLauncherV2\.runtime\clean\config\taczadditions-client.toml
[17:40:37] [modloading-worker-0/DEBUG] [ne.mi.fm.co.ConfigFileTypeHandler/CONFIG]: Watching TOML config file D:\2026WORK\MCPubgLauncherV2\.runtime\clean\config\taczadditions-client.toml for changes
[17:40:37] [modloading-worker-0/DEBUG] [ne.mi.fm.co.ConfigFileTypeHandler/CONFIG]: Built TOML config for D:\2026WORK\MCPubgLauncherV2\.runtime\clean\config\parcool-client.toml
[17:40:37] [Thread-17/DEBUG] [ne.mi.fm.co.ConfigFileTypeHandler/CONFIG]: Config file taczadditions-client.toml changed, sending notifies
[17:40:37] [modloading-worker-0/DEBUG] [ne.mi.fm.co.ConfigFileTypeHandler/CONFIG]: Loaded TOML config file D:\2026WORK\MCPubgLauncherV2\.runtime\clean\config\parcool-client.toml
[17:40:37] [modloading-worker-0/DEBUG] [ne.mi.fm.co.ConfigFileTypeHandler/CONFIG]: Watching TOML config file D:\2026WORK\MCPubgLauncherV2\.runtime\clean\config\parcool-client.toml for changes
[17:40:37] [modloading-worker-0/DEBUG] [ne.mi.fm.co.ConfigFileTypeHandler/CONFIG]: Built TOML config for D:\2026WORK\MCPubgLauncherV2\.runtime\clean\config\superbwarfare-client.toml
[17:40:37] [modloading-worker-0/DEBUG] [ne.mi.fm.co.ConfigFileTypeHandler/CONFIG]: Loaded TOML config file D:\2026WORK\MCPubgLauncherV2\.runtime\clean\config\superbwarfare-client.toml
[17:40:37] [modloading-worker-0/DEBUG] [ne.mi.fm.co.ConfigFileTypeHandler/CONFIG]: Watching TOML config file D:\2026WORK\MCPubgLauncherV2\.runtime\clean\config\superbwarfare-client.toml for changes
[17:40:37] [modloading-worker-0/DEBUG] [ne.mi.fm.co.ConfigTracker/CONFIG]: Loading configs type COMMON
[17:40:37] [modloading-worker-0/DEBUG] [ne.mi.fm.co.ConfigFileTypeHandler/CONFIG]: Built TOML config for D:\2026WORK\MCPubgLauncherV2\.runtime\clean\config\tacz-common.toml
[17:40:37] [Thread-17/DEBUG] [ne.mi.fm.co.ConfigFileTypeHandler/CONFIG]: Config file parcool-client.toml changed, sending notifies
[17:40:37] [modloading-worker-0/DEBUG] [ne.mi.fm.co.ConfigFileTypeHandler/CONFIG]: Loaded TOML config file D:\2026WORK\MCPubgLauncherV2\.runtime\clean\config\tacz-common.toml
[17:40:37] [modloading-worker-0/DEBUG] [ne.mi.fm.co.ConfigFileTypeHandler/CONFIG]: Watching TOML config file D:\2026WORK\MCPubgLauncherV2\.runtime\clean\config\tacz-common.toml for changes
[17:40:37] [modloading-worker-0/DEBUG] [ne.mi.fm.co.ConfigFileTypeHandler/CONFIG]: Built TOML config for D:\2026WORK\MCPubgLauncherV2\.runtime\clean\config\sophisticatedcore-common.toml
[17:40:37] [Worker-Main-11/INFO] [or.be.be.re.BuiltInResourcePack/]: [Berezka API] listResources called with type: CLIENT_RESOURCES, namespace: berezka_api (true - false), path: sounds
[17:40:37] [modloading-worker-0/DEBUG] [ne.mi.fm.co.ConfigFileTypeHandler/CONFIG]: Loaded TOML config file D:\2026WORK\MCPubgLauncherV2\.runtime\clean\config\sophisticatedcore-common.toml
[17:40:37] [modloading-worker-0/DEBUG] [ne.mi.fm.co.ConfigFileTypeHandler/CONFIG]: Watching TOML config file D:\2026WORK\MCPubgLauncherV2\.runtime\clean\config\sophisticatedcore-common.toml for changes
[17:40:37] [modloading-worker-0/DEBUG] [ne.mi.fm.co.ConfigFileTypeHandler/CONFIG]: Built TOML config for D:\2026WORK\MCPubgLauncherV2\.runtime\clean\config\immersive_weathering-common.toml
[17:40:37] [modloading-worker-0/DEBUG] [ne.mi.fm.co.ConfigFileTypeHandler/CONFIG]: Loaded TOML config file D:\2026WORK\MCPubgLauncherV2\.runtime\clean\config\immersive_weathering-common.toml
[17:40:37] [modloading-worker-0/DEBUG] [ne.mi.fm.co.ConfigFileTypeHandler/CONFIG]: Watching TOML config file D:\2026WORK\MCPubgLauncherV2\.runtime\clean\config\immersive_weathering-common.toml for changes
[17:40:37] [modloading-worker-0/DEBUG] [ne.mi.fm.co.ConfigFileTypeHandler/CONFIG]: Built TOML config for D:\2026WORK\MCPubgLauncherV2\.runtime\clean\config\BerezkaAPI.toml
[17:40:37] [modloading-worker-0/DEBUG] [ne.mi.fm.co.ConfigFileTypeHandler/CONFIG]: Loaded TOML config file D:\2026WORK\MCPubgLauncherV2\.runtime\clean\config\BerezkaAPI.toml
[17:40:37] [modloading-worker-0/DEBUG] [ne.mi.fm.co.ConfigFileTypeHandler/CONFIG]: Watching TOML config file D:\2026WORK\MCPubgLauncherV2\.runtime\clean\config\BerezkaAPI.toml for changes
[17:40:37] [modloading-worker-0/INFO] [or.be.be.Berezka_api/]: [Berezka API] onConfig load for berezka_api
[17:40:37] [modloading-worker-0/INFO] [or.be.be.API/]: [Berezka API] getValue: key: berezka_api:UseFolderPluginSystem is exist?: true
[17:40:37] [modloading-worker-0/INFO] [or.be.be.API/]: [Berezka API] getValue: key: berezka_api:UseGlobalStructuresRotation is exist?: true
[17:40:37] [modloading-worker-0/INFO] [or.be.be.API/]: [Berezka API] getValue: key: berezka_api:DebugMode is exist?: true
[17:40:37] [modloading-worker-0/INFO] [or.be.be.Berezka_api/]: [Berezka API] Berezka API is loaded
[17:40:37] [modloading-worker-0/DEBUG] [ne.mi.fm.co.ConfigFileTypeHandler/CONFIG]: Built TOML config for D:\2026WORK\MCPubgLauncherV2\.runtime\clean\config\zombieawareness\General.toml
[17:40:38] [modloading-worker-0/DEBUG] [ne.mi.fm.co.ConfigFileTypeHandler/CONFIG]: Loaded TOML config file D:\2026WORK\MCPubgLauncherV2\.runtime\clean\config\zombieawareness\General.toml
[17:40:38] [modloading-worker-0/DEBUG] [ne.mi.fm.co.ConfigFileTypeHandler/CONFIG]: Watching TOML config file D:\2026WORK\MCPubgLauncherV2\.runtime\clean\config\zombieawareness\General.toml for changes
[17:40:38] [modloading-worker-0/DEBUG] [ne.mi.fm.co.ConfigFileTypeHandler/CONFIG]: Built TOML config for D:\2026WORK\MCPubgLauncherV2\.runtime\clean\config\zombieawareness\ClientConfig.toml
[17:40:38] [modloading-worker-0/DEBUG] [ne.mi.fm.co.ConfigFileTypeHandler/CONFIG]: Loaded TOML config file D:\2026WORK\MCPubgLauncherV2\.runtime\clean\config\zombieawareness\ClientConfig.toml
[17:40:38] [modloading-worker-0/DEBUG] [ne.mi.fm.co.ConfigFileTypeHandler/CONFIG]: Watching TOML config file D:\2026WORK\MCPubgLauncherV2\.runtime\clean\config\zombieawareness\ClientConfig.toml for changes
[17:40:38] [modloading-worker-0/DEBUG] [ne.mi.fm.co.ConfigFileTypeHandler/CONFIG]: Built TOML config for D:\2026WORK\MCPubgLauncherV2\.runtime\clean\config\zombieawareness\Features.toml
[17:40:38] [modloading-worker-0/DEBUG] [ne.mi.fm.co.ConfigFileTypeHandler/CONFIG]: Loaded TOML config file D:\2026WORK\MCPubgLauncherV2\.runtime\clean\config\zombieawareness\Features.toml
[17:40:38] [modloading-worker-0/DEBUG] [ne.mi.fm.co.ConfigFileTypeHandler/CONFIG]: Watching TOML config file D:\2026WORK\MCPubgLauncherV2\.runtime\clean\config\zombieawareness\Features.toml for changes
[17:40:38] [modloading-worker-0/DEBUG] [ne.mi.fm.co.ConfigFileTypeHandler/CONFIG]: Built TOML config for D:\2026WORK\MCPubgLauncherV2\.runtime\clean\config\zombieawareness\MobLists.toml
[17:40:38] [modloading-worker-0/DEBUG] [ne.mi.fm.co.ConfigFileTypeHandler/CONFIG]: Loaded TOML config file D:\2026WORK\MCPubgLauncherV2\.runtime\clean\config\zombieawareness\MobLists.toml
[17:40:38] [modloading-worker-0/DEBUG] [ne.mi.fm.co.ConfigFileTypeHandler/CONFIG]: Watching TOML config file D:\2026WORK\MCPubgLauncherV2\.runtime\clean\config\zombieawareness\MobLists.toml for changes
[17:40:38] [modloading-worker-0/DEBUG] [ne.mi.fm.co.ConfigFileTypeHandler/CONFIG]: Built TOML config for D:\2026WORK\MCPubgLauncherV2\.runtime\clean\config\zombieawareness\PlayerRulesAndLists.toml
[17:40:38] [Worker-Main-12/INFO] [minecraft/UnihexProvider]: Found unifont_all_no_pua-15.0.06.hex, loading
[17:40:38] [modloading-worker-0/DEBUG] [ne.mi.fm.co.ConfigFileTypeHandler/CONFIG]: Loaded TOML config file D:\2026WORK\MCPubgLauncherV2\.runtime\clean\config\zombieawareness\PlayerRulesAndLists.toml
[17:40:38] [modloading-worker-0/DEBUG] [ne.mi.fm.co.ConfigFileTypeHandler/CONFIG]: Watching TOML config file D:\2026WORK\MCPubgLauncherV2\.runtime\clean\config\zombieawareness\PlayerRulesAndLists.toml for changes
[17:40:38] [modloading-worker-0/DEBUG] [ne.mi.fm.co.ConfigFileTypeHandler/CONFIG]: Built TOML config for D:\2026WORK\MCPubgLauncherV2\.runtime\clean\config\nomindlessshooting-common.toml
[17:40:38] [modloading-worker-0/DEBUG] [ne.mi.fm.co.ConfigFileTypeHandler/CONFIG]: Loaded TOML config file D:\2026WORK\MCPubgLauncherV2\.runtime\clean\config\nomindlessshooting-common.toml
[17:40:38] [modloading-worker-0/DEBUG] [ne.mi.fm.co.ConfigFileTypeHandler/CONFIG]: Watching TOML config file D:\2026WORK\MCPubgLauncherV2\.runtime\clean\config\nomindlessshooting-common.toml for changes
[17:40:38] [modloading-worker-0/DEBUG] [ne.mi.fm.co.ConfigFileTypeHandler/CONFIG]: Built TOML config for D:\2026WORK\MCPubgLauncherV2\.runtime\clean\config\hordes-common.toml
[17:40:38] [Worker-Main-8/ERROR] [so.be.ge.GeckoLib/]: Unable to parse animation: melee_3
[17:40:38] [modloading-worker-0/DEBUG] [ne.mi.fm.co.ConfigFileTypeHandler/CONFIG]: Loaded TOML config file D:\2026WORK\MCPubgLauncherV2\.runtime\clean\config\hordes-common.toml
[17:40:38] [modloading-worker-0/DEBUG] [ne.mi.fm.co.ConfigFileTypeHandler/CONFIG]: Watching TOML config file D:\2026WORK\MCPubgLauncherV2\.runtime\clean\config\hordes-common.toml for changes
[17:40:38] [modloading-worker-0/DEBUG] [ne.mi.fm.co.ConfigFileTypeHandler/CONFIG]: Built TOML config for D:\2026WORK\MCPubgLauncherV2\.runtime\clean\config\rbi-common.toml
[17:40:38] [modloading-worker-0/DEBUG] [ne.mi.fm.co.ConfigFileTypeHandler/CONFIG]: Loaded TOML config file D:\2026WORK\MCPubgLauncherV2\.runtime\clean\config\rbi-common.toml
[17:40:38] [modloading-worker-0/DEBUG] [ne.mi.fm.co.ConfigFileTypeHandler/CONFIG]: Watching TOML config file D:\2026WORK\MCPubgLauncherV2\.runtime\clean\config\rbi-common.toml for changes
[17:40:38] [modloading-worker-0/DEBUG] [ne.mi.fm.co.ConfigFileTypeHandler/CONFIG]: Built TOML config for D:\2026WORK\MCPubgLauncherV2\.runtime\clean\config\citadel-common.toml
[17:40:38] [Thread-17/DEBUG] [ne.mi.fm.co.ConfigFileTypeHandler/CONFIG]: Config file hordes-common.toml changed, sending notifies
[17:40:38] [Thread-17/DEBUG] [ne.mi.fm.co.ConfigFileTypeHandler/CONFIG]: Config file rbi-common.toml changed, sending notifies
[17:40:38] [modloading-worker-0/DEBUG] [ne.mi.fm.co.ConfigFileTypeHandler/CONFIG]: Loaded TOML config file D:\2026WORK\MCPubgLauncherV2\.runtime\clean\config\citadel-common.toml
[17:40:38] [modloading-worker-0/DEBUG] [ne.mi.fm.co.ConfigFileTypeHandler/CONFIG]: Watching TOML config file D:\2026WORK\MCPubgLauncherV2\.runtime\clean\config\citadel-common.toml for changes
[17:40:38] [modloading-worker-0/DEBUG] [ne.mi.fm.co.ConfigFileTypeHandler/CONFIG]: Built TOML config for D:\2026WORK\MCPubgLauncherV2\.runtime\clean\config\moonlight-common.toml
[17:40:38] [Thread-17/DEBUG] [ne.mi.fm.co.ConfigFileTypeHandler/CONFIG]: Config file citadel-common.toml changed, sending notifies
[17:40:38] [Thread-17/DEBUG] [ne.mi.fm.co.ConfigFileTypeHandler/CONFIG]: Config file citadel-common.toml changed, sending notifies
[17:40:38] [modloading-worker-0/DEBUG] [ne.mi.fm.co.ConfigFileTypeHandler/CONFIG]: Loaded TOML config file D:\2026WORK\MCPubgLauncherV2\.runtime\clean\config\moonlight-common.toml
[17:40:38] [modloading-worker-0/DEBUG] [ne.mi.fm.co.ConfigFileTypeHandler/CONFIG]: Watching TOML config file D:\2026WORK\MCPubgLauncherV2\.runtime\clean\config\moonlight-common.toml for changes
[17:40:38] [modloading-worker-0/DEBUG] [ne.mi.fm.co.ConfigFileTypeHandler/CONFIG]: Built TOML config for D:\2026WORK\MCPubgLauncherV2\.runtime\clean\config\farmersdelight-common.toml
[17:40:38] [Worker-Main-11/WARN] [minecraft/SoundManager]: File tacztweaks:sounds/blocks/debris/hit01.ogg does not exist, cannot add it to event tacztweaks:blocks.dirt.debris
[17:40:38] [Worker-Main-11/WARN] [minecraft/SoundManager]: File tacztweaks:sounds/blocks/debris/hit02.ogg does not exist, cannot add it to event tacztweaks:blocks.dirt.debris
[17:40:38] [Worker-Main-11/WARN] [minecraft/SoundManager]: File tacztweaks:sounds/blocks/debris/hit03.ogg does not exist, cannot add it to event tacztweaks:blocks.dirt.debris
[17:40:38] [Worker-Main-11/WARN] [minecraft/SoundManager]: File tacztweaks:sounds/blocks/debris/hit04.ogg does not exist, cannot add it to event tacztweaks:blocks.dirt.debris
[17:40:38] [Thread-17/DEBUG] [ne.mi.fm.co.ConfigFileTypeHandler/CONFIG]: Config file moonlight-common.toml changed, sending notifies
[17:40:38] [modloading-worker-0/DEBUG] [ne.mi.fm.co.ConfigFileTypeHandler/CONFIG]: Loaded TOML config file D:\2026WORK\MCPubgLauncherV2\.runtime\clean\config\farmersdelight-common.toml
[17:40:38] [modloading-worker-0/DEBUG] [ne.mi.fm.co.ConfigFileTypeHandler/CONFIG]: Watching TOML config file D:\2026WORK\MCPubgLauncherV2\.runtime\clean\config\farmersdelight-common.toml for changes
[17:40:38] [modloading-worker-0/DEBUG] [ne.mi.fm.co.ConfigFileTypeHandler/CONFIG]: Built TOML config for D:\2026WORK\MCPubgLauncherV2\.runtime\clean\config\immersive_ballistic\immersive_ballistic-common.toml
[17:40:38] [modloading-worker-0/DEBUG] [ne.mi.fm.co.ConfigFileTypeHandler/CONFIG]: Loaded TOML config file D:\2026WORK\MCPubgLauncherV2\.runtime\clean\config\immersive_ballistic\immersive_ballistic-common.toml
[17:40:38] [modloading-worker-0/DEBUG] [ne.mi.fm.co.ConfigFileTypeHandler/CONFIG]: Watching TOML config file D:\2026WORK\MCPubgLauncherV2\.runtime\clean\config\immersive_ballistic\immersive_ballistic-common.toml for changes
[17:40:38] [modloading-worker-0/DEBUG] [ne.mi.fm.co.ConfigFileTypeHandler/CONFIG]: Built TOML config for D:\2026WORK\MCPubgLauncherV2\.runtime\clean\config\sophisticatedbackpacks-common.toml
[17:40:38] [modloading-worker-0/DEBUG] [ne.mi.fm.co.ConfigFileTypeHandler/CONFIG]: Loaded TOML config file D:\2026WORK\MCPubgLauncherV2\.runtime\clean\config\sophisticatedbackpacks-common.toml
[17:40:38] [modloading-worker-0/DEBUG] [ne.mi.fm.co.ConfigFileTypeHandler/CONFIG]: Watching TOML config file D:\2026WORK\MCPubgLauncherV2\.runtime\clean\config\sophisticatedbackpacks-common.toml for changes
[17:40:38] [modloading-worker-0/DEBUG] [ne.mi.fm.co.ConfigFileTypeHandler/CONFIG]: Built TOML config for D:\2026WORK\MCPubgLauncherV2\.runtime\clean\config\lrtactical-common.toml
[17:40:38] [modloading-worker-0/DEBUG] [ne.mi.fm.co.ConfigFileTypeHandler/CONFIG]: Loaded TOML config file D:\2026WORK\MCPubgLauncherV2\.runtime\clean\config\lrtactical-common.toml
[17:40:38] [modloading-worker-0/DEBUG] [ne.mi.fm.co.ConfigFileTypeHandler/CONFIG]: Watching TOML config file D:\2026WORK\MCPubgLauncherV2\.runtime\clean\config\lrtactical-common.toml for changes
[17:40:38] [modloading-worker-0/DEBUG] [ne.mi.fm.co.ConfigFileTypeHandler/CONFIG]: Built TOML config for D:\2026WORK\MCPubgLauncherV2\.runtime\clean\config\curios-common.toml
[17:40:38] [modloading-worker-0/DEBUG] [ne.mi.fm.co.ConfigFileTypeHandler/CONFIG]: Loaded TOML config file D:\2026WORK\MCPubgLauncherV2\.runtime\clean\config\curios-common.toml
[17:40:38] [modloading-worker-0/DEBUG] [ne.mi.fm.co.ConfigFileTypeHandler/CONFIG]: Watching TOML config file D:\2026WORK\MCPubgLauncherV2\.runtime\clean\config\curios-common.toml for changes
[17:40:38] [Thread-17/DEBUG] [ne.mi.fm.co.ConfigFileTypeHandler/CONFIG]: Config file curios-common.toml changed, sending notifies
[17:40:38] [modloading-worker-0/DEBUG] [ne.mi.fm.co.ConfigFileTypeHandler/CONFIG]: Built TOML config for D:\2026WORK\MCPubgLauncherV2\.runtime\clean\config\ragdollified-common.toml
[17:40:38] [Thread-17/DEBUG] [ne.mi.fm.co.ConfigFileTypeHandler/CONFIG]: Config file curios-common.toml changed, sending notifies
[17:40:38] [modloading-worker-0/DEBUG] [ne.mi.fm.co.ConfigFileTypeHandler/CONFIG]: Loaded TOML config file D:\2026WORK\MCPubgLauncherV2\.runtime\clean\config\ragdollified-common.toml
[17:40:38] [modloading-worker-0/DEBUG] [ne.mi.fm.co.ConfigFileTypeHandler/CONFIG]: Watching TOML config file D:\2026WORK\MCPubgLauncherV2\.runtime\clean\config\ragdollified-common.toml for changes
[17:40:38] [Thread-17/DEBUG] [ne.mi.fm.co.ConfigFileTypeHandler/CONFIG]: Config file ragdollified-common.toml changed, sending notifies
[17:40:38] [modloading-worker-0/DEBUG] [ne.mi.fm.co.ConfigFileTypeHandler/CONFIG]: Built TOML config for D:\2026WORK\MCPubgLauncherV2\.runtime\clean\config\lootchestrefill-common.toml
[17:40:38] [modloading-worker-0/DEBUG] [ne.mi.fm.co.ConfigFileTypeHandler/CONFIG]: Loaded TOML config file D:\2026WORK\MCPubgLauncherV2\.runtime\clean\config\lootchestrefill-common.toml
[17:40:38] [modloading-worker-0/DEBUG] [ne.mi.fm.co.ConfigFileTypeHandler/CONFIG]: Watching TOML config file D:\2026WORK\MCPubgLauncherV2\.runtime\clean\config\lootchestrefill-common.toml for changes
[17:40:38] [modloading-worker-0/DEBUG] [ne.mi.fm.co.ConfigFileTypeHandler/CONFIG]: Built TOML config for D:\2026WORK\MCPubgLauncherV2\.runtime\clean\config\CoroUtil\General.toml
[17:40:38] [modloading-worker-0/DEBUG] [ne.mi.fm.co.ConfigFileTypeHandler/CONFIG]: Loaded TOML config file D:\2026WORK\MCPubgLauncherV2\.runtime\clean\config\CoroUtil\General.toml
[17:40:38] [modloading-worker-0/DEBUG] [ne.mi.fm.co.ConfigFileTypeHandler/CONFIG]: Watching TOML config file D:\2026WORK\MCPubgLauncherV2\.runtime\clean\config\CoroUtil\General.toml for changes
[17:40:38] [modloading-worker-0/DEBUG] [ne.mi.fm.co.ConfigFileTypeHandler/CONFIG]: Built TOML config for D:\2026WORK\MCPubgLauncherV2\.runtime\clean\config\lostcities\common.toml
[17:40:38] [modloading-worker-0/DEBUG] [ne.mi.fm.co.ConfigFileTypeHandler/CONFIG]: Loaded TOML config file D:\2026WORK\MCPubgLauncherV2\.runtime\clean\config\lostcities\common.toml
[17:40:38] [modloading-worker-0/DEBUG] [ne.mi.fm.co.ConfigFileTypeHandler/CONFIG]: Watching TOML config file D:\2026WORK\MCPubgLauncherV2\.runtime\clean\config\lostcities\common.toml for changes
[17:40:38] [modloading-worker-0/DEBUG] [ne.mi.fm.co.ConfigFileTypeHandler/CONFIG]: Built TOML config for D:\2026WORK\MCPubgLauncherV2\.runtime\clean\config\aiimprovements-common.toml
[17:40:38] [modloading-worker-0/DEBUG] [ne.mi.fm.co.ConfigFileTypeHandler/CONFIG]: Loaded TOML config file D:\2026WORK\MCPubgLauncherV2\.runtime\clean\config\aiimprovements-common.toml
[17:40:38] [Worker-Main-12/ERROR] [minecraft/ModelManager]: Failed to load model tacticalvests:models/custom/geckolib_block.json
com.google.gson.JsonSyntaxException: Missing axis, expected to find a string
	at net.minecraft.util.GsonHelper.m_13906_(GsonHelper.java:127) ~[client-1.20.1-20230612.114412-srg.jar%23254!/:?] {re:classloading}
	at net.minecraft.client.renderer.block.model.BlockElement$Deserializer.m_111344_(BlockElement.java:119) ~[client-1.20.1-20230612.114412-srg.jar%23254!/:?] {re:classloading,pl:accesstransformer:B,pl:runtimedistcleaner:A}
	at net.minecraft.client.renderer.block.model.BlockElement$Deserializer.m_111332_(BlockElement.java:100) ~[client-1.20.1-20230612.114412-srg.jar%23254!/:?] {re:classloading,pl:accesstransformer:B,pl:runtimedistcleaner:A}
	at net.minecraft.client.renderer.block.model.BlockElement$Deserializer.deserialize(BlockElement.java:82) ~[client-1.20.1-20230612.114412-srg.jar%23254!/:?] {re:classloading,pl:accesstransformer:B,pl:runtimedistcleaner:A}
	at net.minecraft.client.renderer.block.model.BlockElement$Deserializer.deserialize(BlockElement.java:74) ~[client-1.20.1-20230612.114412-srg.jar%23254!/:?] {re:classloading,pl:accesstransformer:B,pl:runtimedistcleaner:A}
	at com.google.gson.internal.bind.TreeTypeAdapter.read(TreeTypeAdapter.java:76) ~[gson-2.10.jar%2386!/:?] {}
	at com.google.gson.Gson.fromJson(Gson.java:1214) ~[gson-2.10.jar%2386!/:?] {}
	at com.google.gson.Gson.fromJson(Gson.java:1319) ~[gson-2.10.jar%2386!/:?] {}
	at com.google.gson.Gson.fromJson(Gson.java:1290) ~[gson-2.10.jar%2386!/:?] {}
	at com.google.gson.internal.bind.TreeTypeAdapter$GsonContextImpl.deserialize(TreeTypeAdapter.java:179) ~[gson-2.10.jar%2386!/:?] {}
	at net.minecraft.client.renderer.block.model.BlockModel$Deserializer.m_111506_(BlockModel.java:376) ~[client-1.20.1-20230612.114412-srg.jar%23254!/:?] {re:classloading,pl:runtimedistcleaner:A}
	at net.minecraft.client.renderer.block.model.BlockModel$Deserializer.deserialize(BlockModel.java:305) ~[client-1.20.1-20230612.114412-srg.jar%23254!/:?] {re:classloading,pl:runtimedistcleaner:A}
	at net.minecraftforge.client.model.ExtendedBlockModelDeserializer.deserialize(ExtendedBlockModelDeserializer.java:53) ~[forge-1.20.1-47.4.10-universal.jar%23259!/:?] {re:classloading}
	at net.minecraftforge.client.model.ExtendedBlockModelDeserializer.deserialize(ExtendedBlockModelDeserializer.java:38) ~[forge-1.20.1-47.4.10-universal.jar%23259!/:?] {re:classloading}
	at com.google.gson.internal.bind.TreeTypeAdapter.read(TreeTypeAdapter.java:76) ~[gson-2.10.jar%2386!/:?] {}
	at net.minecraft.util.GsonHelper.m_13780_(GsonHelper.java:524) ~[client-1.20.1-20230612.114412-srg.jar%23254!/:?] {re:classloading}
	at net.minecraft.util.GsonHelper.m_263475_(GsonHelper.java:531) ~[client-1.20.1-20230612.114412-srg.jar%23254!/:?] {re:classloading}
	at net.minecraft.util.GsonHelper.m_13776_(GsonHelper.java:581) ~[client-1.20.1-20230612.114412-srg.jar%23254!/:?] {re:classloading}
	at net.minecraft.client.renderer.block.model.BlockModel.m_111461_(BlockModel.java:74) ~[client-1.20.1-20230612.114412-srg.jar%23254!/:?] {re:classloading,pl:accesstransformer:B,pl:runtimedistcleaner:A}
	at net.minecraft.client.resources.model.ModelManager.m_246478_(ModelManager.java:110) ~[client-1.20.1-20230612.114412-srg.jar%23254!/:?] {re:classloading,pl:runtimedistcleaner:A}
	at java.util.concurrent.CompletableFuture$AsyncSupply.run(CompletableFuture.java:1768) ~[?:?] {}
	at java.util.concurrent.CompletableFuture$AsyncSupply.exec(CompletableFuture.java:1760) ~[?:?] {}
	at java.util.concurrent.ForkJoinTask.doExec(ForkJoinTask.java:373) ~[?:?] {}
	at java.util.concurrent.ForkJoinPool$WorkQueue.topLevelExec(ForkJoinPool.java:1182) ~[?:?] {}
	at java.util.concurrent.ForkJoinPool.scan(ForkJoinPool.java:1655) ~[?:?] {}
	at java.util.concurrent.ForkJoinPool.runWorker(ForkJoinPool.java:1622) ~[?:?] {}
	at java.util.concurrent.ForkJoinWorkerThread.run(ForkJoinWorkerThread.java:165) ~[?:?] {}
[17:40:38] [modloading-worker-0/DEBUG] [ne.mi.fm.co.ConfigFileTypeHandler/CONFIG]: Watching TOML config file D:\2026WORK\MCPubgLauncherV2\.runtime\clean\config\aiimprovements-common.toml for changes
[17:40:38] [Worker-Main-12/ERROR] [minecraft/ModelManager]: Failed to load model tacticalvests:models/custom/model.json
com.google.gson.JsonParseException: Invalid rotation -7.5 found, only -45/-22.5/0/22.5/45 allowed
	at net.minecraft.client.renderer.block.model.BlockElement$Deserializer.m_111342_(BlockElement.java:112) ~[client-1.20.1-20230612.114412-srg.jar%23254!/:?] {re:classloading,pl:accesstransformer:B,pl:runtimedistcleaner:A}
	at net.minecraft.client.renderer.block.model.BlockElement$Deserializer.m_111332_(BlockElement.java:101) ~[client-1.20.1-20230612.114412-srg.jar%23254!/:?] {re:classloading,pl:accesstransformer:B,pl:runtimedistcleaner:A}
	at net.minecraft.client.renderer.block.model.BlockElement$Deserializer.deserialize(BlockElement.java:82) ~[client-1.20.1-20230612.114412-srg.jar%23254!/:?] {re:classloading,pl:accesstransformer:B,pl:runtimedistcleaner:A}
	at net.minecraft.client.renderer.block.model.BlockElement$Deserializer.deserialize(BlockElement.java:74) ~[client-1.20.1-20230612.114412-srg.jar%23254!/:?] {re:classloading,pl:accesstransformer:B,pl:runtimedistcleaner:A}
	at com.google.gson.internal.bind.TreeTypeAdapter.read(TreeTypeAdapter.java:76) ~[gson-2.10.jar%2386!/:?] {}
	at com.google.gson.Gson.fromJson(Gson.java:1214) ~[gson-2.10.jar%2386!/:?] {}
	at com.google.gson.Gson.fromJson(Gson.java:1319) ~[gson-2.10.jar%2386!/:?] {}
	at com.google.gson.Gson.fromJson(Gson.java:1290) ~[gson-2.10.jar%2386!/:?] {}
	at com.google.gson.internal.bind.TreeTypeAdapter$GsonContextImpl.deserialize(TreeTypeAdapter.java:179) ~[gson-2.10.jar%2386!/:?] {}
	at net.minecraft.client.renderer.block.model.BlockModel$Deserializer.m_111506_(BlockModel.java:376) ~[client-1.20.1-20230612.114412-srg.jar%23254!/:?] {re:classloading,pl:runtimedistcleaner:A}
	at net.minecraft.client.renderer.block.model.BlockModel$Deserializer.deserialize(BlockModel.java:305) ~[client-1.20.1-20230612.114412-srg.jar%23254!/:?] {re:classloading,pl:runtimedistcleaner:A}
	at net.minecraftforge.client.model.ExtendedBlockModelDeserializer.deserialize(ExtendedBlockModelDeserializer.java:53) ~[forge-1.20.1-47.4.10-universal.jar%23259!/:?] {re:classloading}
	at net.minecraftforge.client.model.ExtendedBlockModelDeserializer.deserialize(ExtendedBlockModelDeserializer.java:38) ~[forge-1.20.1-47.4.10-universal.jar%23259!/:?] {re:classloading}
	at com.google.gson.internal.bind.TreeTypeAdapter.read(TreeTypeAdapter.java:76) ~[gson-2.10.jar%2386!/:?] {}
	at net.minecraft.util.GsonHelper.m_13780_(GsonHelper.java:524) ~[client-1.20.1-20230612.114412-srg.jar%23254!/:?] {re:classloading}
	at net.minecraft.util.GsonHelper.m_263475_(GsonHelper.java:531) ~[client-1.20.1-20230612.114412-srg.jar%23254!/:?] {re:classloading}
	at net.minecraft.util.GsonHelper.m_13776_(GsonHelper.java:581) ~[client-1.20.1-20230612.114412-srg.jar%23254!/:?] {re:classloading}
	at net.minecraft.client.renderer.block.model.BlockModel.m_111461_(BlockModel.java:74) ~[client-1.20.1-20230612.114412-srg.jar%23254!/:?] {re:classloading,pl:accesstransformer:B,pl:runtimedistcleaner:A}
	at net.minecraft.client.resources.model.ModelManager.m_246478_(ModelManager.java:110) ~[client-1.20.1-20230612.114412-srg.jar%23254!/:?] {re:classloading,pl:runtimedistcleaner:A}
	at java.util.concurrent.CompletableFuture$AsyncSupply.run(CompletableFuture.java:1768) ~[?:?] {}
	at java.util.concurrent.CompletableFuture$AsyncSupply.exec(CompletableFuture.java:1760) ~[?:?] {}
	at java.util.concurrent.ForkJoinTask.doExec(ForkJoinTask.java:373) ~[?:?] {}
	at java.util.concurrent.ForkJoinPool$WorkQueue.topLevelExec(ForkJoinPool.java:1182) ~[?:?] {}
	at java.util.concurrent.ForkJoinPool.scan(ForkJoinPool.java:1655) ~[?:?] {}
	at java.util.concurrent.ForkJoinPool.runWorker(ForkJoinPool.java:1622) ~[?:?] {}
	at java.util.concurrent.ForkJoinWorkerThread.run(ForkJoinWorkerThread.java:165) ~[?:?] {}
[17:40:38] [Worker-Main-9/ERROR] [minecraft/ModelManager]: Failed to load model tacticalvests:models/custom/laptop.geo_-_converted.json
com.google.gson.JsonParseException: Invalid rotation -10.0 found, only -45/-22.5/0/22.5/45 allowed
	at net.minecraft.client.renderer.block.model.BlockElement$Deserializer.m_111342_(BlockElement.java:112) ~[client-1.20.1-20230612.114412-srg.jar%23254!/:?] {re:classloading,pl:accesstransformer:B,pl:runtimedistcleaner:A}
	at net.minecraft.client.renderer.block.model.BlockElement$Deserializer.m_111332_(BlockElement.java:101) ~[client-1.20.1-20230612.114412-srg.jar%23254!/:?] {re:classloading,pl:accesstransformer:B,pl:runtimedistcleaner:A}
	at net.minecraft.client.renderer.block.model.BlockElement$Deserializer.deserialize(BlockElement.java:82) ~[client-1.20.1-20230612.114412-srg.jar%23254!/:?] {re:classloading,pl:accesstransformer:B,pl:runtimedistcleaner:A}
	at net.minecraft.client.renderer.block.model.BlockElement$Deserializer.deserialize(BlockElement.java:74) ~[client-1.20.1-20230612.114412-srg.jar%23254!/:?] {re:classloading,pl:accesstransformer:B,pl:runtimedistcleaner:A}
	at com.google.gson.internal.bind.TreeTypeAdapter.read(TreeTypeAdapter.java:76) ~[gson-2.10.jar%2386!/:?] {}
	at com.google.gson.Gson.fromJson(Gson.java:1214) ~[gson-2.10.jar%2386!/:?] {}
	at com.google.gson.Gson.fromJson(Gson.java:1319) ~[gson-2.10.jar%2386!/:?] {}
	at com.google.gson.Gson.fromJson(Gson.java:1290) ~[gson-2.10.jar%2386!/:?] {}
	at com.google.gson.internal.bind.TreeTypeAdapter$GsonContextImpl.deserialize(TreeTypeAdapter.java:179) ~[gson-2.10.jar%2386!/:?] {}
	at net.minecraft.client.renderer.block.model.BlockModel$Deserializer.m_111506_(BlockModel.java:376) ~[client-1.20.1-20230612.114412-srg.jar%23254!/:?] {re:classloading,pl:runtimedistcleaner:A}
	at net.minecraft.client.renderer.block.model.BlockModel$Deserializer.deserialize(BlockModel.java:305) ~[client-1.20.1-20230612.114412-srg.jar%23254!/:?] {re:classloading,pl:runtimedistcleaner:A}
	at net.minecraftforge.client.model.ExtendedBlockModelDeserializer.deserialize(ExtendedBlockModelDeserializer.java:53) ~[forge-1.20.1-47.4.10-universal.jar%23259!/:?] {re:classloading}
	at net.minecraftforge.client.model.ExtendedBlockModelDeserializer.deserialize(ExtendedBlockModelDeserializer.java:38) ~[forge-1.20.1-47.4.10-universal.jar%23259!/:?] {re:classloading}
	at com.google.gson.internal.bind.TreeTypeAdapter.read(TreeTypeAdapter.java:76) ~[gson-2.10.jar%2386!/:?] {}
	at net.minecraft.util.GsonHelper.m_13780_(GsonHelper.java:524) ~[client-1.20.1-20230612.114412-srg.jar%23254!/:?] {re:classloading}
	at net.minecraft.util.GsonHelper.m_263475_(GsonHelper.java:531) ~[client-1.20.1-20230612.114412-srg.jar%23254!/:?] {re:classloading}
	at net.minecraft.util.GsonHelper.m_13776_(GsonHelper.java:581) ~[client-1.20.1-20230612.114412-srg.jar%23254!/:?] {re:classloading}
	at net.minecraft.client.renderer.block.model.BlockModel.m_111461_(BlockModel.java:74) ~[client-1.20.1-20230612.114412-srg.jar%23254!/:?] {re:classloading,pl:accesstransformer:B,pl:runtimedistcleaner:A}
	at net.minecraft.client.resources.model.ModelManager.m_246478_(ModelManager.java:110) ~[client-1.20.1-20230612.114412-srg.jar%23254!/:?] {re:classloading,pl:runtimedistcleaner:A}
	at java.util.concurrent.CompletableFuture$AsyncSupply.run(CompletableFuture.java:1768) ~[?:?] {}
	at java.util.concurrent.CompletableFuture$AsyncSupply.exec(CompletableFuture.java:1760) ~[?:?] {}
	at java.util.concurrent.ForkJoinTask.doExec(ForkJoinTask.java:373) ~[?:?] {}
	at java.util.concurrent.ForkJoinPool$WorkQueue.topLevelExec(ForkJoinPool.java:1182) ~[?:?] {}
	at java.util.concurrent.ForkJoinPool.scan(ForkJoinPool.java:1655) ~[?:?] {}
	at java.util.concurrent.ForkJoinPool.runWorker(ForkJoinPool.java:1622) ~[?:?] {}
	at java.util.concurrent.ForkJoinWorkerThread.run(ForkJoinWorkerThread.java:165) ~[?:?] {}
[17:40:38] [modloading-worker-0/DEBUG] [ne.mi.fm.co.ConfigFileTypeHandler/CONFIG]: Built TOML config for D:\2026WORK\MCPubgLauncherV2\.runtime\clean\config\superbwarfare-common.toml
[17:40:38] [modloading-worker-0/DEBUG] [ne.mi.fm.co.ConfigFileTypeHandler/CONFIG]: Loaded TOML config file D:\2026WORK\MCPubgLauncherV2\.runtime\clean\config\superbwarfare-common.toml
[17:40:38] [modloading-worker-0/DEBUG] [ne.mi.fm.co.ConfigFileTypeHandler/CONFIG]: Watching TOML config file D:\2026WORK\MCPubgLauncherV2\.runtime\clean\config\superbwarfare-common.toml for changes
[17:40:38] [modloading-worker-0/DEBUG] [ne.mi.fm.co.ConfigFileTypeHandler/CONFIG]: Built TOML config for D:\2026WORK\MCPubgLauncherV2\.runtime\clean\config\dyairdrop.toml
[17:40:38] [modloading-worker-0/DEBUG] [ne.mi.fm.co.ConfigFileTypeHandler/CONFIG]: Loaded TOML config file D:\2026WORK\MCPubgLauncherV2\.runtime\clean\config\dyairdrop.toml
[17:40:38] [modloading-worker-0/DEBUG] [ne.mi.fm.co.ConfigFileTypeHandler/CONFIG]: Watching TOML config file D:\2026WORK\MCPubgLauncherV2\.runtime\clean\config\dyairdrop.toml for changes
[17:40:39] [Worker-Main-7/INFO] [journeymap/]: Found @Ljourneymap/client/api/ClientPlugin;: com.sylsatra.jmvworldborder.journeymap.JmvWbJourneyMapPlugin
[17:40:39] [Worker-Main-8/INFO] [co.cy.rb.RBI/]: RBI: ??? SuperbWarfare ?????????! ???????? ??????????.
[17:40:39] [Worker-Main-3/INFO] [ru.pi.su.ne.NetworkHandler/]: [NetworkHandler] Starting packet registration
[17:40:39] [Worker-Main-8/INFO] [co.cy.rb.RBI/]: RBI: ??? TACZ ?????????! ???????? ??????????.
[17:40:39] [Worker-Main-3/INFO] [ru.pi.su.ne.NetworkHandler/]: [NetworkHandler] Registered SendNotificationPacket with ID: 0
[17:40:39] [Worker-Main-3/INFO] [ru.pi.su.ne.NetworkHandler/]: [NetworkHandler] Completed packet registration. Total packets: 1
[17:40:39] [Worker-Main-3/INFO] [accuratehitboxes/]: Accurate Hitboxes Initialized!
[17:40:39] [Worker-Main-8/INFO] [jmvworldborder/]: [jmvwp] Common setup: registering network packets
[17:40:39] [Worker-Main-8/DEBUG] [mixin/]: Mixing MixinSlotAttribute from curios.mixins.json into top.theillusivec4.curios.api.SlotAttribute
[17:40:39] [Worker-Main-8/DEBUG] [mixin/]: Mixing MixinCuriosApi from curios.mixins.json into top.theillusivec4.curios.api.CuriosApi
[17:40:39] [Worker-Main-2/INFO] [co.lo.LootChestRefill/]: LootChestRefill initialized!
[17:40:39] [Worker-Main-2/INFO] [ne.ch.ch.ChaosZProjectBandits/]: Performing common setup tasks...
[17:40:39] [Forge Version Check/INFO] [ne.mi.fm.VersionChecker/]: [journeymap] Starting version check at https://forge.curseupdate.com/32274/journeymap
[17:40:39] [Worker-Main-5/WARN] [minecraft/SpriteLoader]: Texture tacticalvests:item/hel1-preview with size 314x218 limits mip level from 4 to 1
[17:40:39] [Worker-Main-5/WARN] [minecraft/SpriteLoader]: Texture tacz_realisticblood:item/11122 with size 255x646 limits mip level from 1 to 0
[17:40:39] [Worker-Main-7/INFO] [co.at.su.Mod/]: Now Loading...
* This Mod used to be made by MCreator *
  _____  ______  __          __ 
 / ____| |  __ \ \ \        / / 
| (___   | |__) | \ \  /\  / /  
 \___ \  |  __ (   \ \/  \/ /   
 ____) | | |__) |   \  /\  /    
|_____/  |_____/     \/  \/
* Superb Warfare - Version: 0.8.9 *
[17:40:39] [Render thread/DEBUG] [ne.mi.fm.DeferredWorkQueue/LOADING]: Dispatching synchronous work for work queue COMMON_SETUP: 25 jobs
[17:40:39] [Render thread/DEBUG] [mixin/]: Mixing ClientMessageRefitGunAccessor from taczadditions.mixins.json into com.tacz.guns.network.message.ClientMessageRefitGun
[17:40:39] [Render thread/DEBUG] [mixin/]: Mixing ClientMessageRefitGunLaserToggleMixin from taczadditions.mixins.json into com.tacz.guns.network.message.ClientMessageRefitGun
[17:40:39] [Render thread/INFO] [tacz/SYNCED_ENTITY_DATA_TAC_COPY]: Registered synced data key tacz:shoot_cool_down for minecraft:living_entity
[17:40:39] [Render thread/INFO] [tacz/SYNCED_ENTITY_DATA_TAC_COPY]: Registered synced data key tacz:melee_cool_down for minecraft:living_entity
[17:40:39] [Render thread/INFO] [tacz/SYNCED_ENTITY_DATA_TAC_COPY]: Registered synced data key tacz:reload_state for minecraft:living_entity
[17:40:39] [Render thread/INFO] [tacz/SYNCED_ENTITY_DATA_TAC_COPY]: Registered synced data key tacz:aiming_progress for minecraft:living_entity
[17:40:39] [Render thread/INFO] [tacz/SYNCED_ENTITY_DATA_TAC_COPY]: Registered synced data key tacz:draw_cool_down for minecraft:living_entity
[17:40:39] [Render thread/INFO] [tacz/SYNCED_ENTITY_DATA_TAC_COPY]: Registered synced data key tacz:is_aiming for minecraft:living_entity
[17:40:39] [Render thread/INFO] [tacz/SYNCED_ENTITY_DATA_TAC_COPY]: Registered synced data key tacz:sprint_time for minecraft:living_entity
[17:40:39] [Render thread/INFO] [tacz/SYNCED_ENTITY_DATA_TAC_COPY]: Registered synced data key tacz:is_bolting for minecraft:living_entity
[17:40:39] [Render thread/INFO] [tacz/SYNCED_ENTITY_DATA_TAC_COPY]: Registered synced data key tacz:throwable_using for minecraft:living_entity
[17:40:40] [Forge Version Check/DEBUG] [ne.mi.fm.VersionChecker/]: [journeymap] Received version check data:
{"promos":{"1.12.2-latest":"1.12.2-6.0.6","1.12.2-recommended":"1.12.2-6.0.6","1.16.5-latest":"1.16.5-6.0.6","1.16.5-recommended":"1.16.5-6.0.6","1.18.2-latest":"5.9.8","1.18.2-recommended":"5.9.8","1.19.2-latest":"5.9.8","1.19.2-recommended":"5.9.8","1.19.3-latest":"5.9.7","1.19.3-recommended":"5.9.7","1.19.4-latest":"5.9.8","1.19.4-recommended":"5.9.8","1.20-latest":"5.9.8","1.20-recommended":"5.9.8","1.20.1-latest":"1.20.1-6.0.4","1.20.1-recommended":"1.20.1-6.0.4","1.20.2-latest":"5.9.21","1.20.2-recommended":"5.9.21","1.20.3-latest":"5.9.18","1.20.3-recommended":"5.9.18","1.20.4-latest":"5.10.0","1.20.4-recommended":"5.10.0","1.20.6-latest":"5.10.0","1.20.6-recommended":"5.10.0","1.21-latest":"1.21-6.0.0-beta.27","1.21.1-latest":"1.21.1-6.0.0-beta.52","1.21.4-latest":"1.21.4-6.0.0-beta.45","1.21.5-latest":"1.21.5-6.0.0-beta.52","1.21.6-latest":"1.21.6-6.0.0-beta.52","1.21.7-latest":"1.21.7-6.0.0-beta.53","1.21.8-latest":"1.21.8-6.0.0-beta.52","1.7.10-latest":"1.7.10-6.0.4","1.7.10-recommended":"1.7.10-6.0.4"},"homepage":"https://www.curseforge.com/minecraft/mc-mods/journeymap"}
[17:40:40] [Forge Version Check/INFO] [ne.mi.fm.VersionChecker/]: [journeymap] Found status: AHEAD Current: 5.10.3 Target: null
[17:40:40] [Forge Version Check/INFO] [ne.mi.fm.VersionChecker/]: [badmobs] Starting version check at https://updates.blamejared.com/get?n=badmobs&gv=1.20.1
[17:40:40] [Render thread/INFO] [journeymap/]: Initializing Packet Registries
[17:40:40] [Render thread/INFO] [Moonlight/]: Initialized color sets in 25ms
[17:40:40] [Render thread/INFO] [co.ta.im.ImmersiveBallistic/]: Se forzo actualizacion de tweak: D:\2026WORK\MCPubgLauncherV2\.runtime\clean\tacz\immersive_ballistic\pack.mcmeta
[17:40:40] [Render thread/INFO] [co.ta.im.ImmersiveBallistic/]: Se forzo actualizacion de tweak: D:\2026WORK\MCPubgLauncherV2\.runtime\clean\tacz\immersive_ballistic\gunpack.meta.json
[17:40:40] [Render thread/INFO] [co.ta.im.ImmersiveBallistic/]: Se forzo actualizacion de tweak: D:\2026WORK\MCPubgLauncherV2\.runtime\clean\tacz\immersive_ballistic\data\tacztweaks\tags\blocks\woods\wooden_door.json
[17:40:40] [Render thread/INFO] [co.ta.im.ImmersiveBallistic/]: Se forzo actualizacion de tweak: D:\2026WORK\MCPubgLauncherV2\.runtime\clean\tacz\immersive_ballistic\data\tacztweaks\tags\blocks\woods\wood.json
[17:40:40] [Render thread/INFO] [co.ta.im.ImmersiveBallistic/]: Se forzo actualizacion de tweak: D:\2026WORK\MCPubgLauncherV2\.runtime\clean\tacz\immersive_ballistic\data\tacztweaks\tags\blocks\woods\log.json
[17:40:40] [Render thread/INFO] [co.ta.im.ImmersiveBallistic/]: Se forzo actualizacion de tweak: D:\2026WORK\MCPubgLauncherV2\.runtime\clean\tacz\immersive_ballistic\data\tacztweaks\tags\blocks\wood.json
[17:40:40] [Render thread/INFO] [co.ta.im.ImmersiveBallistic/]: Se forzo actualizacion de tweak: D:\2026WORK\MCPubgLauncherV2\.runtime\clean\tacz\immersive_ballistic\data\tacztweaks\tags\blocks\stone.json
[17:40:40] [Render thread/INFO] [co.ta.im.ImmersiveBallistic/]: Se forzo actualizacion de tweak: D:\2026WORK\MCPubgLauncherV2\.runtime\clean\tacz\immersive_ballistic\data\tacztweaks\tags\blocks\snow.json
[17:40:40] [Render thread/INFO] [co.ta.im.ImmersiveBallistic/]: Se forzo actualizacion de tweak: D:\2026WORK\MCPubgLauncherV2\.runtime\clean\tacz\immersive_ballistic\data\tacztweaks\tags\blocks\sand.json
[17:40:40] [Render thread/INFO] [co.ta.im.ImmersiveBallistic/]: Se forzo actualizacion de tweak: D:\2026WORK\MCPubgLauncherV2\.runtime\clean\tacz\immersive_ballistic\data\tacztweaks\tags\blocks\plant.json
[17:40:40] [Render thread/INFO] [co.ta.im.ImmersiveBallistic/]: Se forzo actualizacion de tweak: D:\2026WORK\MCPubgLauncherV2\.runtime\clean\tacz\immersive_ballistic\data\tacztweaks\tags\blocks\mud.json
[17:40:40] [Render thread/INFO] [co.ta.im.ImmersiveBallistic/]: Se forzo actualizacion de tweak: D:\2026WORK\MCPubgLauncherV2\.runtime\clean\tacz\immersive_ballistic\data\tacztweaks\tags\blocks\metals\metal_thick.json
[17:40:40] [Render thread/INFO] [co.ta.im.ImmersiveBallistic/]: Se forzo actualizacion de tweak: D:\2026WORK\MCPubgLauncherV2\.runtime\clean\tacz\immersive_ballistic\data\tacztweaks\tags\blocks\metals\metal.json
[17:40:40] [Render thread/INFO] [co.ta.im.ImmersiveBallistic/]: Se forzo actualizacion de tweak: D:\2026WORK\MCPubgLauncherV2\.runtime\clean\tacz\immersive_ballistic\data\tacztweaks\tags\blocks\metal_thick.json
[17:40:40] [Render thread/INFO] [co.ta.im.ImmersiveBallistic/]: Se forzo actualizacion de tweak: D:\2026WORK\MCPubgLauncherV2\.runtime\clean\tacz\immersive_ballistic\data\tacztweaks\tags\blocks\metal.json
[17:40:40] [Render thread/INFO] [co.ta.im.ImmersiveBallistic/]: Se forzo actualizacion de tweak: D:\2026WORK\MCPubgLauncherV2\.runtime\clean\tacz\immersive_ballistic\data\tacztweaks\tags\blocks\log.json
[17:40:40] [Render thread/INFO] [co.ta.im.ImmersiveBallistic/]: Se forzo actualizacion de tweak: D:\2026WORK\MCPubgLauncherV2\.runtime\clean\tacz\immersive_ballistic\data\tacztweaks\tags\blocks\ice.json
[17:40:40] [Render thread/INFO] [co.ta.im.ImmersiveBallistic/]: Se forzo actualizacion de tweak: D:\2026WORK\MCPubgLauncherV2\.runtime\clean\tacz\immersive_ballistic\data\tacztweaks\tags\blocks\hay.json
[17:40:40] [Render thread/INFO] [co.ta.im.ImmersiveBallistic/]: Se forzo actualizacion de tweak: D:\2026WORK\MCPubgLauncherV2\.runtime\clean\tacz\immersive_ballistic\data\tacztweaks\tags\blocks\ground.json
[17:40:40] [Render thread/INFO] [co.ta.im.ImmersiveBallistic/]: Se forzo actualizacion de tweak: D:\2026WORK\MCPubgLauncherV2\.runtime\clean\tacz\immersive_ballistic\data\tacztweaks\tags\blocks\gravel.json
[17:40:40] [Render thread/INFO] [co.ta.im.ImmersiveBallistic/]: Se forzo actualizacion de tweak: D:\2026WORK\MCPubgLauncherV2\.runtime\clean\tacz\immersive_ballistic\data\tacztweaks\tags\blocks\grass.json
[17:40:40] [Render thread/INFO] [co.ta.im.ImmersiveBallistic/]: Se forzo actualizacion de tweak: D:\2026WORK\MCPubgLauncherV2\.runtime\clean\tacz\immersive_ballistic\data\tacztweaks\tags\blocks\glass.json
[17:40:40] [Render thread/INFO] [co.ta.im.ImmersiveBallistic/]: Se forzo actualizacion de tweak: D:\2026WORK\MCPubgLauncherV2\.runtime\clean\tacz\immersive_ballistic\data\tacztweaks\tags\blocks\fragile.json
[17:40:40] [Render thread/INFO] [co.ta.im.ImmersiveBallistic/]: Se forzo actualizacion de tweak: D:\2026WORK\MCPubgLauncherV2\.runtime\clean\tacz\immersive_ballistic\data\tacztweaks\tags\blocks\foliage.json
[17:40:40] [Render thread/INFO] [co.ta.im.ImmersiveBallistic/]: Se forzo actualizacion de tweak: D:\2026WORK\MCPubgLauncherV2\.runtime\clean\tacz\immersive_ballistic\data\tacztweaks\tags\blocks\fabric.json
[17:40:40] [Render thread/INFO] [co.ta.im.ImmersiveBallistic/]: Se forzo actualizacion de tweak: D:\2026WORK\MCPubgLauncherV2\.runtime\clean\tacz\immersive_ballistic\data\tacztweaks\tags\blocks\dirt.json
[17:40:40] [Render thread/INFO] [co.ta.im.ImmersiveBallistic/]: Se forzo actualizacion de tweak: D:\2026WORK\MCPubgLauncherV2\.runtime\clean\tacz\immersive_ballistic\data\tacztweaks\tags\blocks\concretes\terracotta.json
[17:40:40] [Render thread/INFO] [co.ta.im.ImmersiveBallistic/]: Se forzo actualizacion de tweak: D:\2026WORK\MCPubgLauncherV2\.runtime\clean\tacz\immersive_ballistic\data\tacztweaks\tags\blocks\concretes\concrete.json
[17:40:40] [Render thread/INFO] [co.ta.im.ImmersiveBallistic/]: Se forzo actualizacion de tweak: D:\2026WORK\MCPubgLauncherV2\.runtime\clean\tacz\immersive_ballistic\data\tacztweaks\tags\blocks\concrete.json
[17:40:40] [Render thread/INFO] [co.ta.im.ImmersiveBallistic/]: Se forzo actualizacion de tweak: D:\2026WORK\MCPubgLauncherV2\.runtime\clean\tacz\immersive_ballistic\data\tacztweaks\tags\blocks\cloth.json
[17:40:40] [Render thread/INFO] [co.ta.im.ImmersiveBallistic/]: Se forzo actualizacion de tweak: D:\2026WORK\MCPubgLauncherV2\.runtime\clean\tacz\immersive_ballistic\data\tacztweaks\tags\blocks\air.json
[17:40:40] [Render thread/INFO] [co.ta.im.ImmersiveBallistic/]: Se forzo actualizacion de tweak: D:\2026WORK\MCPubgLauncherV2\.runtime\clean\tacz\immersive_ballistic\data\tacztweaks\melee_interactions\fragile.json
[17:40:40] [Render thread/INFO] [co.ta.im.ImmersiveBallistic/]: Se forzo actualizacion de tweak: D:\2026WORK\MCPubgLauncherV2\.runtime\clean\tacz\immersive_ballistic\data\tacztweaks\melee_interactions\cristal.json
[17:40:40] [Render thread/DEBUG] [co.ta.im.ImmersiveBallistic/]: Tweak transformado [sniper]: D:\2026WORK\MCPubgLauncherV2\.runtime\clean\tacz\immersive_ballistic\data\tacztweaks\bullet_sounds\flyby\sniper.json
[17:40:40] [Render thread/DEBUG] [co.ta.im.ImmersiveBallistic/]: Tweak transformado [rocket]: D:\2026WORK\MCPubgLauncherV2\.runtime\clean\tacz\immersive_ballistic\data\tacztweaks\bullet_sounds\flyby\rocket.json
[17:40:40] [Render thread/DEBUG] [co.ta.im.ImmersiveBallistic/]: Tweak transformado [rifle]: D:\2026WORK\MCPubgLauncherV2\.runtime\clean\tacz\immersive_ballistic\data\tacztweaks\bullet_sounds\flyby\rifle.json
[17:40:40] [Render thread/DEBUG] [co.ta.im.ImmersiveBallistic/]: Tweak transformado [pistol]: D:\2026WORK\MCPubgLauncherV2\.runtime\clean\tacz\immersive_ballistic\data\tacztweaks\bullet_sounds\flyby\pistol.json
[17:40:40] [Render thread/DEBUG] [co.ta.im.ImmersiveBallistic/]: Tweak transformado [hcal]: D:\2026WORK\MCPubgLauncherV2\.runtime\clean\tacz\immersive_ballistic\data\tacztweaks\bullet_sounds\flyby\hcal.json
[17:40:40] [Render thread/DEBUG] [co.ta.im.ImmersiveBallistic/]: Tweak transformado [sniper]: D:\2026WORK\MCPubgLauncherV2\.runtime\clean\tacz\immersive_ballistic\data\tacztweaks\bullet_sounds\blocks\wood_log\sniper.json
[17:40:40] [Render thread/DEBUG] [co.ta.im.ImmersiveBallistic/]: Tweak transformado [rifle]: D:\2026WORK\MCPubgLauncherV2\.runtime\clean\tacz\immersive_ballistic\data\tacztweaks\bullet_sounds\blocks\wood_log\rifle.json
[17:40:40] [Render thread/DEBUG] [co.ta.im.ImmersiveBallistic/]: Tweak transformado [pistol]: D:\2026WORK\MCPubgLauncherV2\.runtime\clean\tacz\immersive_ballistic\data\tacztweaks\bullet_sounds\blocks\wood_log\pistol.json
[17:40:40] [Render thread/DEBUG] [co.ta.im.ImmersiveBallistic/]: Tweak transformado [hcal]: D:\2026WORK\MCPubgLauncherV2\.runtime\clean\tacz\immersive_ballistic\data\tacztweaks\bullet_sounds\blocks\wood_log\hcal.json
[17:40:40] [Render thread/DEBUG] [co.ta.im.ImmersiveBallistic/]: Tweak transformado [sniper]: D:\2026WORK\MCPubgLauncherV2\.runtime\clean\tacz\immersive_ballistic\data\tacztweaks\bullet_sounds\blocks\wood\sniper.json
[17:40:40] [Render thread/DEBUG] [co.ta.im.ImmersiveBallistic/]: Tweak transformado [rifle]: D:\2026WORK\MCPubgLauncherV2\.runtime\clean\tacz\immersive_ballistic\data\tacztweaks\bullet_sounds\blocks\wood\rifle.json
[17:40:40] [Render thread/DEBUG] [co.ta.im.ImmersiveBallistic/]: Tweak transformado [pistol]: D:\2026WORK\MCPubgLauncherV2\.runtime\clean\tacz\immersive_ballistic\data\tacztweaks\bullet_sounds\blocks\wood\pistol.json
[17:40:40] [Render thread/DEBUG] [co.ta.im.ImmersiveBallistic/]: Tweak transformado [hcal]: D:\2026WORK\MCPubgLauncherV2\.runtime\clean\tacz\immersive_ballistic\data\tacztweaks\bullet_sounds\blocks\wood\hcal.json
[17:40:40] [Render thread/INFO] [co.ta.im.ImmersiveBallistic/]: Se forzo actualizacion de tweak: D:\2026WORK\MCPubgLauncherV2\.runtime\clean\tacz\immersive_ballistic\data\tacztweaks\bullet_sounds\blocks\water.json
[17:40:40] [Render thread/DEBUG] [co.ta.im.ImmersiveBallistic/]: Tweak transformado [sniper]: D:\2026WORK\MCPubgLauncherV2\.runtime\clean\tacz\immersive_ballistic\data\tacztweaks\bullet_sounds\blocks\stone\sniper.json
[17:40:40] [Render thread/DEBUG] [co.ta.im.ImmersiveBallistic/]: Tweak transformado [rifle]: D:\2026WORK\MCPubgLauncherV2\.runtime\clean\tacz\immersive_ballistic\data\tacztweaks\bullet_sounds\blocks\stone\rifle.json
[17:40:40] [Render thread/DEBUG] [co.ta.im.ImmersiveBallistic/]: Tweak transformado [pistol]: D:\2026WORK\MCPubgLauncherV2\.runtime\clean\tacz\immersive_ballistic\data\tacztweaks\bullet_sounds\blocks\stone\pistol.json
[17:40:40] [Render thread/DEBUG] [co.ta.im.ImmersiveBallistic/]: Tweak transformado [hcal]: D:\2026WORK\MCPubgLauncherV2\.runtime\clean\tacz\immersive_ballistic\data\tacztweaks\bullet_sounds\blocks\stone\hcal.json
[17:40:40] [Render thread/DEBUG] [co.ta.im.ImmersiveBallistic/]: Tweak transformado [sniper]: D:\2026WORK\MCPubgLauncherV2\.runtime\clean\tacz\immersive_ballistic\data\tacztweaks\bullet_sounds\blocks\snow\sniper.json
[17:40:40] [Render thread/DEBUG] [co.ta.im.ImmersiveBallistic/]: Tweak transformado [rifle]: D:\2026WORK\MCPubgLauncherV2\.runtime\clean\tacz\immersive_ballistic\data\tacztweaks\bullet_sounds\blocks\snow\rifle.json
[17:40:40] [Render thread/DEBUG] [co.ta.im.ImmersiveBallistic/]: Tweak transformado [pistol]: D:\2026WORK\MCPubgLauncherV2\.runtime\clean\tacz\immersive_ballistic\data\tacztweaks\bullet_sounds\blocks\snow\pistol.json
[17:40:40] [Render thread/DEBUG] [co.ta.im.ImmersiveBallistic/]: Tweak transformado [hcal]: D:\2026WORK\MCPubgLauncherV2\.runtime\clean\tacz\immersive_ballistic\data\tacztweaks\bullet_sounds\blocks\snow\hcal.json
[17:40:40] [Render thread/DEBUG] [co.ta.im.ImmersiveBallistic/]: Tweak transformado [sniper]: D:\2026WORK\MCPubgLauncherV2\.runtime\clean\tacz\immersive_ballistic\data\tacztweaks\bullet_sounds\blocks\sand\sniper.json
[17:40:40] [Render thread/DEBUG] [co.ta.im.ImmersiveBallistic/]: Tweak transformado [rifle]: D:\2026WORK\MCPubgLauncherV2\.runtime\clean\tacz\immersive_ballistic\data\tacztweaks\bullet_sounds\blocks\sand\rifle.json
[17:40:40] [Render thread/DEBUG] [co.ta.im.ImmersiveBallistic/]: Tweak transformado [pistol]: D:\2026WORK\MCPubgLauncherV2\.runtime\clean\tacz\immersive_ballistic\data\tacztweaks\bullet_sounds\blocks\sand\pistol.json
[17:40:40] [Render thread/DEBUG] [co.ta.im.ImmersiveBallistic/]: Tweak transformado [hcal]: D:\2026WORK\MCPubgLauncherV2\.runtime\clean\tacz\immersive_ballistic\data\tacztweaks\bullet_sounds\blocks\sand\hcal.json
[17:40:40] [Render thread/DEBUG] [co.ta.im.ImmersiveBallistic/]: Tweak transformado [sniper]: D:\2026WORK\MCPubgLauncherV2\.runtime\clean\tacz\immersive_ballistic\data\tacztweaks\bullet_sounds\blocks\mud\sniper.json
[17:40:40] [Render thread/DEBUG] [co.ta.im.ImmersiveBallistic/]: Tweak transformado [rifle]: D:\2026WORK\MCPubgLauncherV2\.runtime\clean\tacz\immersive_ballistic\data\tacztweaks\bullet_sounds\blocks\mud\rifle.json
[17:40:40] [Render thread/DEBUG] [co.ta.im.ImmersiveBallistic/]: Tweak transformado [pistol]: D:\2026WORK\MCPubgLauncherV2\.runtime\clean\tacz\immersive_ballistic\data\tacztweaks\bullet_sounds\blocks\mud\pistol.json
[17:40:40] [Render thread/DEBUG] [co.ta.im.ImmersiveBallistic/]: Tweak transformado [hcal]: D:\2026WORK\MCPubgLauncherV2\.runtime\clean\tacz\immersive_ballistic\data\tacztweaks\bullet_sounds\blocks\mud\hcal.json
[17:40:40] [Render thread/DEBUG] [co.ta.im.ImmersiveBallistic/]: Tweak transformado [sniper]: D:\2026WORK\MCPubgLauncherV2\.runtime\clean\tacz\immersive_ballistic\data\tacztweaks\bullet_sounds\blocks\metal_thick\sniper.json
[17:40:40] [Render thread/DEBUG] [co.ta.im.ImmersiveBallistic/]: Tweak transformado [rifle]: D:\2026WORK\MCPubgLauncherV2\.runtime\clean\tacz\immersive_ballistic\data\tacztweaks\bullet_sounds\blocks\metal_thick\rifle.json
[17:40:40] [Render thread/DEBUG] [co.ta.im.ImmersiveBallistic/]: Tweak transformado [pistol]: D:\2026WORK\MCPubgLauncherV2\.runtime\clean\tacz\immersive_ballistic\data\tacztweaks\bullet_sounds\blocks\metal_thick\pistol.json
[17:40:40] [Render thread/DEBUG] [co.ta.im.ImmersiveBallistic/]: Tweak transformado [hcal]: D:\2026WORK\MCPubgLauncherV2\.runtime\clean\tacz\immersive_ballistic\data\tacztweaks\bullet_sounds\blocks\metal_thick\hcal.json
[17:40:40] [Render thread/DEBUG] [co.ta.im.ImmersiveBallistic/]: Tweak transformado [sniper]: D:\2026WORK\MCPubgLauncherV2\.runtime\clean\tacz\immersive_ballistic\data\tacztweaks\bullet_sounds\blocks\metal\sniper.json
[17:40:40] [Render thread/DEBUG] [co.ta.im.ImmersiveBallistic/]: Tweak transformado [rifle]: D:\2026WORK\MCPubgLauncherV2\.runtime\clean\tacz\immersive_ballistic\data\tacztweaks\bullet_sounds\blocks\metal\rifle.json
[17:40:40] [Render thread/DEBUG] [co.ta.im.ImmersiveBallistic/]: Tweak transformado [pistol]: D:\2026WORK\MCPubgLauncherV2\.runtime\clean\tacz\immersive_ballistic\data\tacztweaks\bullet_sounds\blocks\metal\pistol.json
[17:40:40] [Render thread/DEBUG] [co.ta.im.ImmersiveBallistic/]: Tweak transformado [hcal]: D:\2026WORK\MCPubgLauncherV2\.runtime\clean\tacz\immersive_ballistic\data\tacztweaks\bullet_sounds\blocks\metal\hcal.json
[17:40:40] [Render thread/DEBUG] [co.ta.im.ImmersiveBallistic/]: Tweak transformado [sniper]: D:\2026WORK\MCPubgLauncherV2\.runtime\clean\tacz\immersive_ballistic\data\tacztweaks\bullet_sounds\blocks\ice\sniper.json
[17:40:40] [Render thread/DEBUG] [co.ta.im.ImmersiveBallistic/]: Tweak transformado [rifle]: D:\2026WORK\MCPubgLauncherV2\.runtime\clean\tacz\immersive_ballistic\data\tacztweaks\bullet_sounds\blocks\ice\rifle.json
[17:40:40] [Render thread/DEBUG] [co.ta.im.ImmersiveBallistic/]: Tweak transformado [pistol]: D:\2026WORK\MCPubgLauncherV2\.runtime\clean\tacz\immersive_ballistic\data\tacztweaks\bullet_sounds\blocks\ice\pistol.json
[17:40:40] [Render thread/DEBUG] [co.ta.im.ImmersiveBallistic/]: Tweak transformado [hcal]: D:\2026WORK\MCPubgLauncherV2\.runtime\clean\tacz\immersive_ballistic\data\tacztweaks\bullet_sounds\blocks\ice\hcal.json
[17:40:40] [Render thread/DEBUG] [co.ta.im.ImmersiveBallistic/]: Tweak transformado [sniper]: D:\2026WORK\MCPubgLauncherV2\.runtime\clean\tacz\immersive_ballistic\data\tacztweaks\bullet_sounds\blocks\gravel\sniper.json
[17:40:40] [Render thread/DEBUG] [co.ta.im.ImmersiveBallistic/]: Tweak transformado [rifle]: D:\2026WORK\MCPubgLauncherV2\.runtime\clean\tacz\immersive_ballistic\data\tacztweaks\bullet_sounds\blocks\gravel\rifle.json
[17:40:40] [Render thread/DEBUG] [co.ta.im.ImmersiveBallistic/]: Tweak transformado [pistol]: D:\2026WORK\MCPubgLauncherV2\.runtime\clean\tacz\immersive_ballistic\data\tacztweaks\bullet_sounds\blocks\gravel\pistol.json
[17:40:40] [Render thread/DEBUG] [co.ta.im.ImmersiveBallistic/]: Tweak transformado [hcal]: D:\2026WORK\MCPubgLauncherV2\.runtime\clean\tacz\immersive_ballistic\data\tacztweaks\bullet_sounds\blocks\gravel\hcal.json
[17:40:40] [Render thread/DEBUG] [co.ta.im.ImmersiveBallistic/]: Tweak transformado [sniper]: D:\2026WORK\MCPubgLauncherV2\.runtime\clean\tacz\immersive_ballistic\data\tacztweaks\bullet_sounds\blocks\grass\sniper.json
[17:40:40] [Render thread/DEBUG] [co.ta.im.ImmersiveBallistic/]: Tweak transformado [rifle]: D:\2026WORK\MCPubgLauncherV2\.runtime\clean\tacz\immersive_ballistic\data\tacztweaks\bullet_sounds\blocks\grass\rifle.json
[17:40:40] [Render thread/DEBUG] [co.ta.im.ImmersiveBallistic/]: Tweak transformado [pistol]: D:\2026WORK\MCPubgLauncherV2\.runtime\clean\tacz\immersive_ballistic\data\tacztweaks\bullet_sounds\blocks\grass\pistol.json
[17:40:40] [Render thread/DEBUG] [co.ta.im.ImmersiveBallistic/]: Tweak transformado [hcal]: D:\2026WORK\MCPubgLauncherV2\.runtime\clean\tacz\immersive_ballistic\data\tacztweaks\bullet_sounds\blocks\grass\hcal.json
[17:40:40] [Render thread/INFO] [co.ta.im.ImmersiveBallistic/]: Se forzo actualizacion de tweak: D:\2026WORK\MCPubgLauncherV2\.runtime\clean\tacz\immersive_ballistic\data\tacztweaks\bullet_sounds\blocks\glass\glass.json
[17:40:40] [Render thread/INFO] [co.ta.im.ImmersiveBallistic/]: Se forzo actualizacion de tweak: D:\2026WORK\MCPubgLauncherV2\.runtime\clean\tacz\immersive_ballistic\data\tacztweaks\bullet_sounds\blocks\generic.json
[17:40:40] [Render thread/INFO] [co.ta.im.ImmersiveBallistic/]: Se forzo actualizacion de tweak: D:\2026WORK\MCPubgLauncherV2\.runtime\clean\tacz\immersive_ballistic\data\tacztweaks\bullet_sounds\blocks\foliage.json
[17:40:40] [Render thread/DEBUG] [co.ta.im.ImmersiveBallistic/]: Tweak transformado [sniper]: D:\2026WORK\MCPubgLauncherV2\.runtime\clean\tacz\immersive_ballistic\data\tacztweaks\bullet_sounds\blocks\fabric\sniper.json
[17:40:40] [Render thread/DEBUG] [co.ta.im.ImmersiveBallistic/]: Tweak transformado [rifle]: D:\2026WORK\MCPubgLauncherV2\.runtime\clean\tacz\immersive_ballistic\data\tacztweaks\bullet_sounds\blocks\fabric\rifle.json
[17:40:40] [Render thread/DEBUG] [co.ta.im.ImmersiveBallistic/]: Tweak transformado [pistol]: D:\2026WORK\MCPubgLauncherV2\.runtime\clean\tacz\immersive_ballistic\data\tacztweaks\bullet_sounds\blocks\fabric\pistol.json
[17:40:40] [Render thread/DEBUG] [co.ta.im.ImmersiveBallistic/]: Tweak transformado [hcal]: D:\2026WORK\MCPubgLauncherV2\.runtime\clean\tacz\immersive_ballistic\data\tacztweaks\bullet_sounds\blocks\fabric\hcal.json
[17:40:40] [Render thread/DEBUG] [co.ta.im.ImmersiveBallistic/]: Tweak transformado [sniper]: D:\2026WORK\MCPubgLauncherV2\.runtime\clean\tacz\immersive_ballistic\data\tacztweaks\bullet_sounds\blocks\dirt\sniper.json
[17:40:40] [Render thread/DEBUG] [co.ta.im.ImmersiveBallistic/]: Tweak transformado [rifle]: D:\2026WORK\MCPubgLauncherV2\.runtime\clean\tacz\immersive_ballistic\data\tacztweaks\bullet_sounds\blocks\dirt\rifle.json
[17:40:40] [Render thread/DEBUG] [co.ta.im.ImmersiveBallistic/]: Tweak transformado [pistol]: D:\2026WORK\MCPubgLauncherV2\.runtime\clean\tacz\immersive_ballistic\data\tacztweaks\bullet_sounds\blocks\dirt\pistol.json
[17:40:40] [Render thread/DEBUG] [co.ta.im.ImmersiveBallistic/]: Tweak transformado [hcal]: D:\2026WORK\MCPubgLauncherV2\.runtime\clean\tacz\immersive_ballistic\data\tacztweaks\bullet_sounds\blocks\dirt\hcal.json
[17:40:40] [Render thread/DEBUG] [co.ta.im.ImmersiveBallistic/]: Tweak transformado [sniper]: D:\2026WORK\MCPubgLauncherV2\.runtime\clean\tacz\immersive_ballistic\data\tacztweaks\bullet_sounds\blocks\concrete\sniper.json
[17:40:40] [Render thread/DEBUG] [co.ta.im.ImmersiveBallistic/]: Tweak transformado [rifle]: D:\2026WORK\MCPubgLauncherV2\.runtime\clean\tacz\immersive_ballistic\data\tacztweaks\bullet_sounds\blocks\concrete\rifle.json
[17:40:40] [Render thread/DEBUG] [co.ta.im.ImmersiveBallistic/]: Tweak transformado [pistol]: D:\2026WORK\MCPubgLauncherV2\.runtime\clean\tacz\immersive_ballistic\data\tacztweaks\bullet_sounds\blocks\concrete\pistol.json
[17:40:40] [Render thread/DEBUG] [co.ta.im.ImmersiveBallistic/]: Tweak transformado [hcal]: D:\2026WORK\MCPubgLauncherV2\.runtime\clean\tacz\immersive_ballistic\data\tacztweaks\bullet_sounds\blocks\concrete\hcal.json
[17:40:40] [Render thread/DEBUG] [co.ta.im.ImmersiveBallistic/]: Tweak transformado [sniper]: D:\2026WORK\MCPubgLauncherV2\.runtime\clean\tacz\immersive_ballistic\data\tacztweaks\bullet_sounds\blocks\cloth\sniper.json
[17:40:40] [Render thread/DEBUG] [co.ta.im.ImmersiveBallistic/]: Tweak transformado [rifle]: D:\2026WORK\MCPubgLauncherV2\.runtime\clean\tacz\immersive_ballistic\data\tacztweaks\bullet_sounds\blocks\cloth\rifle.json
[17:40:40] [Render thread/DEBUG] [co.ta.im.ImmersiveBallistic/]: Tweak transformado [pistol]: D:\2026WORK\MCPubgLauncherV2\.runtime\clean\tacz\immersive_ballistic\data\tacztweaks\bullet_sounds\blocks\cloth\pistol.json
[17:40:40] [Render thread/DEBUG] [co.ta.im.ImmersiveBallistic/]: Tweak transformado [hcal]: D:\2026WORK\MCPubgLauncherV2\.runtime\clean\tacz\immersive_ballistic\data\tacztweaks\bullet_sounds\blocks\cloth\hcal.json
[17:40:40] [Render thread/DEBUG] [co.ta.im.ImmersiveBallistic/]: Tweak transformado [_ignore]: D:\2026WORK\MCPubgLauncherV2\.runtime\clean\tacz\immersive_ballistic\data\tacztweaks\bullet_sounds\blocks\_ignore.json
[17:40:40] [Render thread/DEBUG] [co.ta.im.ImmersiveBallistic/]: Tweak transformado [sniper]: D:\2026WORK\MCPubgLauncherV2\.runtime\clean\tacz\immersive_ballistic\data\tacztweaks\bullet_particles\wood_log\sniper.json
[17:40:40] [Render thread/DEBUG] [co.ta.im.ImmersiveBallistic/]: Tweak transformado [rifle]: D:\2026WORK\MCPubgLauncherV2\.runtime\clean\tacz\immersive_ballistic\data\tacztweaks\bullet_particles\wood_log\rifle.json
[17:40:40] [Render thread/DEBUG] [co.ta.im.ImmersiveBallistic/]: Tweak transformado [pistol]: D:\2026WORK\MCPubgLauncherV2\.runtime\clean\tacz\immersive_ballistic\data\tacztweaks\bullet_particles\wood_log\pistol.json
[17:40:40] [Render thread/DEBUG] [co.ta.im.ImmersiveBallistic/]: Tweak transformado [hcal]: D:\2026WORK\MCPubgLauncherV2\.runtime\clean\tacz\immersive_ballistic\data\tacztweaks\bullet_particles\wood_log\hcal.json
[17:40:40] [Render thread/DEBUG] [co.ta.im.ImmersiveBallistic/]: Tweak transformado [sniper]: D:\2026WORK\MCPubgLauncherV2\.runtime\clean\tacz\immersive_ballistic\data\tacztweaks\bullet_particles\wood\sniper.json
[17:40:40] [Render thread/DEBUG] [co.ta.im.ImmersiveBallistic/]: Tweak transformado [rifle]: D:\2026WORK\MCPubgLauncherV2\.runtime\clean\tacz\immersive_ballistic\data\tacztweaks\bullet_particles\wood\rifle.json
[17:40:40] [Render thread/DEBUG] [co.ta.im.ImmersiveBallistic/]: Tweak transformado [pistol]: D:\2026WORK\MCPubgLauncherV2\.runtime\clean\tacz\immersive_ballistic\data\tacztweaks\bullet_particles\wood\pistol.json
[17:40:40] [Render thread/DEBUG] [co.ta.im.ImmersiveBallistic/]: Tweak transformado [hcal]: D:\2026WORK\MCPubgLauncherV2\.runtime\clean\tacz\immersive_ballistic\data\tacztweaks\bullet_particles\wood\hcal.json
[17:40:40] [Render thread/DEBUG] [co.ta.im.ImmersiveBallistic/]: Tweak transformado [sniper]: D:\2026WORK\MCPubgLauncherV2\.runtime\clean\tacz\immersive_ballistic\data\tacztweaks\bullet_particles\stone\sniper.json
[17:40:40] [Render thread/DEBUG] [co.ta.im.ImmersiveBallistic/]: Tweak transformado [rifle]: D:\2026WORK\MCPubgLauncherV2\.runtime\clean\tacz\immersive_ballistic\data\tacztweaks\bullet_particles\stone\rifle.json
[17:40:40] [Render thread/DEBUG] [co.ta.im.ImmersiveBallistic/]: Tweak transformado [pistol]: D:\2026WORK\MCPubgLauncherV2\.runtime\clean\tacz\immersive_ballistic\data\tacztweaks\bullet_particles\stone\pistol.json
[17:40:40] [Render thread/DEBUG] [co.ta.im.ImmersiveBallistic/]: Tweak transformado [hcal]: D:\2026WORK\MCPubgLauncherV2\.runtime\clean\tacz\immersive_ballistic\data\tacztweaks\bullet_particles\stone\hcal.json
[17:40:40] [Render thread/DEBUG] [co.ta.im.ImmersiveBallistic/]: Tweak transformado [sniper]: D:\2026WORK\MCPubgLauncherV2\.runtime\clean\tacz\immersive_ballistic\data\tacztweaks\bullet_particles\snow\sniper.json
[17:40:40] [Render thread/DEBUG] [co.ta.im.ImmersiveBallistic/]: Tweak transformado [rifle]: D:\2026WORK\MCPubgLauncherV2\.runtime\clean\tacz\immersive_ballistic\data\tacztweaks\bullet_particles\snow\rifle.json
[17:40:40] [Render thread/DEBUG] [co.ta.im.ImmersiveBallistic/]: Tweak transformado [pistol]: D:\2026WORK\MCPubgLauncherV2\.runtime\clean\tacz\immersive_ballistic\data\tacztweaks\bullet_particles\snow\pistol.json
[17:40:40] [Render thread/DEBUG] [co.ta.im.ImmersiveBallistic/]: Tweak transformado [hcal]: D:\2026WORK\MCPubgLauncherV2\.runtime\clean\tacz\immersive_ballistic\data\tacztweaks\bullet_particles\snow\hcal.json
[17:40:40] [Render thread/DEBUG] [co.ta.im.ImmersiveBallistic/]: Tweak transformado [sniper]: D:\2026WORK\MCPubgLauncherV2\.runtime\clean\tacz\immersive_ballistic\data\tacztweaks\bullet_particles\sand\sniper.json
[17:40:40] [Render thread/DEBUG] [co.ta.im.ImmersiveBallistic/]: Tweak transformado [rifle]: D:\2026WORK\MCPubgLauncherV2\.runtime\clean\tacz\immersive_ballistic\data\tacztweaks\bullet_particles\sand\rifle.json
[17:40:40] [Render thread/DEBUG] [co.ta.im.ImmersiveBallistic/]: Tweak transformado [pistol]: D:\2026WORK\MCPubgLauncherV2\.runtime\clean\tacz\immersive_ballistic\data\tacztweaks\bullet_particles\sand\pistol.json
[17:40:40] [Render thread/DEBUG] [co.ta.im.ImmersiveBallistic/]: Tweak transformado [hcal]: D:\2026WORK\MCPubgLauncherV2\.runtime\clean\tacz\immersive_ballistic\data\tacztweaks\bullet_particles\sand\hcal.json
[17:40:40] [Render thread/DEBUG] [co.ta.im.ImmersiveBallistic/]: Tweak transformado [sniper]: D:\2026WORK\MCPubgLauncherV2\.runtime\clean\tacz\immersive_ballistic\data\tacztweaks\bullet_particles\metal_thick\sniper.json
[17:40:40] [Render thread/DEBUG] [co.ta.im.ImmersiveBallistic/]: Tweak transformado [rifle]: D:\2026WORK\MCPubgLauncherV2\.runtime\clean\tacz\immersive_ballistic\data\tacztweaks\bullet_particles\metal_thick\rifle.json
[17:40:40] [Render thread/DEBUG] [co.ta.im.ImmersiveBallistic/]: Tweak transformado [pistol]: D:\2026WORK\MCPubgLauncherV2\.runtime\clean\tacz\immersive_ballistic\data\tacztweaks\bullet_particles\metal_thick\pistol.json
[17:40:40] [Render thread/DEBUG] [co.ta.im.ImmersiveBallistic/]: Tweak transformado [hcal]: D:\2026WORK\MCPubgLauncherV2\.runtime\clean\tacz\immersive_ballistic\data\tacztweaks\bullet_particles\metal_thick\hcal.json
[17:40:40] [Render thread/DEBUG] [co.ta.im.ImmersiveBallistic/]: Tweak transformado [sniper]: D:\2026WORK\MCPubgLauncherV2\.runtime\clean\tacz\immersive_ballistic\data\tacztweaks\bullet_particles\metal\sniper.json
[17:40:40] [Render thread/DEBUG] [co.ta.im.ImmersiveBallistic/]: Tweak transformado [rifle]: D:\2026WORK\MCPubgLauncherV2\.runtime\clean\tacz\immersive_ballistic\data\tacztweaks\bullet_particles\metal\rifle.json
[17:40:40] [Render thread/DEBUG] [co.ta.im.ImmersiveBallistic/]: Tweak transformado [pistol]: D:\2026WORK\MCPubgLauncherV2\.runtime\clean\tacz\immersive_ballistic\data\tacztweaks\bullet_particles\metal\pistol.json
[17:40:40] [Render thread/DEBUG] [co.ta.im.ImmersiveBallistic/]: Tweak transformado [hcal]: D:\2026WORK\MCPubgLauncherV2\.runtime\clean\tacz\immersive_ballistic\data\tacztweaks\bullet_particles\metal\hcal.json
[17:40:40] [Render thread/INFO] [co.ta.im.ImmersiveBallistic/]: Se forzo actualizacion de tweak: D:\2026WORK\MCPubgLauncherV2\.runtime\clean\tacz\immersive_ballistic\data\tacztweaks\bullet_particles\hay.json
[17:40:40] [Render thread/DEBUG] [co.ta.im.ImmersiveBallistic/]: Tweak transformado [sniper]: D:\2026WORK\MCPubgLauncherV2\.runtime\clean\tacz\immersive_ballistic\data\tacztweaks\bullet_particles\ground\sniper.json
[17:40:40] [Render thread/DEBUG] [co.ta.im.ImmersiveBallistic/]: Tweak transformado [rifle]: D:\2026WORK\MCPubgLauncherV2\.runtime\clean\tacz\immersive_ballistic\data\tacztweaks\bullet_particles\ground\rifle.json
[17:40:40] [Render thread/DEBUG] [co.ta.im.ImmersiveBallistic/]: Tweak transformado [pistol]: D:\2026WORK\MCPubgLauncherV2\.runtime\clean\tacz\immersive_ballistic\data\tacztweaks\bullet_particles\ground\pistol.json
[17:40:40] [Render thread/DEBUG] [co.ta.im.ImmersiveBallistic/]: Tweak transformado [hcal]: D:\2026WORK\MCPubgLauncherV2\.runtime\clean\tacz\immersive_ballistic\data\tacztweaks\bullet_particles\ground\hcal.json
[17:40:40] [Render thread/DEBUG] [co.ta.im.ImmersiveBallistic/]: Tweak transformado [sniper]: D:\2026WORK\MCPubgLauncherV2\.runtime\clean\tacz\immersive_ballistic\data\tacztweaks\bullet_particles\gravel\sniper.json
[17:40:40] [Render thread/DEBUG] [co.ta.im.ImmersiveBallistic/]: Tweak transformado [rifle]: D:\2026WORK\MCPubgLauncherV2\.runtime\clean\tacz\immersive_ballistic\data\tacztweaks\bullet_particles\gravel\rifle.json
[17:40:40] [Render thread/DEBUG] [co.ta.im.ImmersiveBallistic/]: Tweak transformado [pistol]: D:\2026WORK\MCPubgLauncherV2\.runtime\clean\tacz\immersive_ballistic\data\tacztweaks\bullet_particles\gravel\pistol.json
[17:40:40] [Render thread/DEBUG] [co.ta.im.ImmersiveBallistic/]: Tweak transformado [hcal]: D:\2026WORK\MCPubgLauncherV2\.runtime\clean\tacz\immersive_ballistic\data\tacztweaks\bullet_particles\gravel\hcal.json
[17:40:40] [Render thread/INFO] [co.ta.im.ImmersiveBallistic/]: Se forzo actualizacion de tweak: D:\2026WORK\MCPubgLauncherV2\.runtime\clean\tacz\immersive_ballistic\data\tacztweaks\bullet_particles\glass.json
[17:40:40] [Render thread/INFO] [co.ta.im.ImmersiveBallistic/]: Se forzo actualizacion de tweak: D:\2026WORK\MCPubgLauncherV2\.runtime\clean\tacz\immersive_ballistic\data\tacztweaks\bullet_particles\generic.json
[17:40:40] [Render thread/INFO] [co.ta.im.ImmersiveBallistic/]: Se forzo actualizacion de tweak: D:\2026WORK\MCPubgLauncherV2\.runtime\clean\tacz\immersive_ballistic\data\tacztweaks\bullet_particles\fragile.json
[17:40:40] [Render thread/INFO] [co.ta.im.ImmersiveBallistic/]: Se forzo actualizacion de tweak: D:\2026WORK\MCPubgLauncherV2\.runtime\clean\tacz\immersive_ballistic\data\tacztweaks\bullet_particles\foliage.json
[17:40:40] [Render thread/DEBUG] [co.ta.im.ImmersiveBallistic/]: Tweak transformado [sniper]: D:\2026WORK\MCPubgLauncherV2\.runtime\clean\tacz\immersive_ballistic\data\tacztweaks\bullet_particles\fabric\sniper.json
[17:40:40] [Render thread/DEBUG] [co.ta.im.ImmersiveBallistic/]: Tweak transformado [rifle]: D:\2026WORK\MCPubgLauncherV2\.runtime\clean\tacz\immersive_ballistic\data\tacztweaks\bullet_particles\fabric\rifle.json
[17:40:40] [Render thread/DEBUG] [co.ta.im.ImmersiveBallistic/]: Tweak transformado [pistol]: D:\2026WORK\MCPubgLauncherV2\.runtime\clean\tacz\immersive_ballistic\data\tacztweaks\bullet_particles\fabric\pistol.json
[17:40:40] [Render thread/DEBUG] [co.ta.im.ImmersiveBallistic/]: Tweak transformado [hcal]: D:\2026WORK\MCPubgLauncherV2\.runtime\clean\tacz\immersive_ballistic\data\tacztweaks\bullet_particles\fabric\hcal.json
[17:40:40] [Render thread/DEBUG] [co.ta.im.ImmersiveBallistic/]: Tweak transformado [_ignore]: D:\2026WORK\MCPubgLauncherV2\.runtime\clean\tacz\immersive_ballistic\data\tacztweaks\bullet_particles\_ignore.json
[17:40:40] [Render thread/DEBUG] [co.ta.im.ImmersiveBallistic/]: Tweak transformado [shotgun]: D:\2026WORK\MCPubgLauncherV2\.runtime\clean\tacz\immersive_ballistic\data\tacztweaks\bullet_interactions\wooden_doors\shotgun.json
[17:40:40] [Render thread/DEBUG] [co.ta.im.ImmersiveBallistic/]: Tweak transformado [sniper]: D:\2026WORK\MCPubgLauncherV2\.runtime\clean\tacz\immersive_ballistic\data\tacztweaks\bullet_interactions\wood\sniper.json
[17:40:40] [Render thread/DEBUG] [co.ta.im.ImmersiveBallistic/]: Tweak transformado [shotgun]: D:\2026WORK\MCPubgLauncherV2\.runtime\clean\tacz\immersive_ballistic\data\tacztweaks\bullet_interactions\wood\shotgun.json
[17:40:40] [Render thread/DEBUG] [co.ta.im.ImmersiveBallistic/]: Tweak transformado [rifle]: D:\2026WORK\MCPubgLauncherV2\.runtime\clean\tacz\immersive_ballistic\data\tacztweaks\bullet_interactions\wood\rifle.json
[17:40:40] [Render thread/DEBUG] [co.ta.im.ImmersiveBallistic/]: Tweak transformado [hcal]: D:\2026WORK\MCPubgLauncherV2\.runtime\clean\tacz\immersive_ballistic\data\tacztweaks\bullet_interactions\wood\hcal.json
[17:40:40] [Render thread/DEBUG] [co.ta.im.ImmersiveBallistic/]: Tweak transformado [hcal]: D:\2026WORK\MCPubgLauncherV2\.runtime\clean\tacz\immersive_ballistic\data\tacztweaks\bullet_interactions\stone\hcal.json
[17:40:40] [Render thread/DEBUG] [co.ta.im.ImmersiveBallistic/]: Tweak transformado [squishy]: D:\2026WORK\MCPubgLauncherV2\.runtime\clean\tacz\immersive_ballistic\data\tacztweaks\bullet_interactions\squishy.json
[17:40:40] [Render thread/DEBUG] [co.ta.im.ImmersiveBallistic/]: Tweak transformado [pointed_drip_stone]: D:\2026WORK\MCPubgLauncherV2\.runtime\clean\tacz\immersive_ballistic\data\tacztweaks\bullet_interactions\pointed_drip_stone.json
[17:40:40] [Render thread/DEBUG] [co.ta.im.ImmersiveBallistic/]: Tweak transformado [sniper]: D:\2026WORK\MCPubgLauncherV2\.runtime\clean\tacz\immersive_ballistic\data\tacztweaks\bullet_interactions\metal\sniper.json
[17:40:40] [Render thread/DEBUG] [co.ta.im.ImmersiveBallistic/]: Tweak transformado [hcal]: D:\2026WORK\MCPubgLauncherV2\.runtime\clean\tacz\immersive_ballistic\data\tacztweaks\bullet_interactions\metal\hcal.json
[17:40:40] [Render thread/DEBUG] [co.ta.im.ImmersiveBallistic/]: Tweak transformado [ice]: D:\2026WORK\MCPubgLauncherV2\.runtime\clean\tacz\immersive_ballistic\data\tacztweaks\bullet_interactions\ice.json
[17:40:40] [Render thread/DEBUG] [co.ta.im.ImmersiveBallistic/]: Tweak transformado [hcal]: D:\2026WORK\MCPubgLauncherV2\.runtime\clean\tacz\immersive_ballistic\data\tacztweaks\bullet_interactions\ground\hcal.json
[17:40:40] [Render thread/DEBUG] [co.ta.im.ImmersiveBallistic/]: Tweak transformado [glass_granade_launcher]: D:\2026WORK\MCPubgLauncherV2\.runtime\clean\tacz\immersive_ballistic\data\tacztweaks\bullet_interactions\glass_granade_launcher.json
[17:40:40] [Render thread/DEBUG] [co.ta.im.ImmersiveBallistic/]: Tweak transformado [glass]: D:\2026WORK\MCPubgLauncherV2\.runtime\clean\tacz\immersive_ballistic\data\tacztweaks\bullet_interactions\glass.json
[17:40:40] [Render thread/DEBUG] [co.ta.im.ImmersiveBallistic/]: Tweak transformado [fragile]: D:\2026WORK\MCPubgLauncherV2\.runtime\clean\tacz\immersive_ballistic\data\tacztweaks\bullet_interactions\fragile.json
[17:40:40] [Render thread/DEBUG] [co.ta.im.ImmersiveBallistic/]: Tweak transformado [foliage]: D:\2026WORK\MCPubgLauncherV2\.runtime\clean\tacz\immersive_ballistic\data\tacztweaks\bullet_interactions\foliage.json
[17:40:40] [Render thread/DEBUG] [co.ta.im.ImmersiveBallistic/]: Tweak transformado [fabric]: D:\2026WORK\MCPubgLauncherV2\.runtime\clean\tacz\immersive_ballistic\data\tacztweaks\bullet_interactions\fabric.json
[17:40:40] [Render thread/DEBUG] [co.ta.im.ImmersiveBallistic/]: Tweak transformado [sniper]: D:\2026WORK\MCPubgLauncherV2\.runtime\clean\tacz\immersive_ballistic\data\tacztweaks\bullet_interactions\concrete\sniper.json
[17:40:40] [Render thread/DEBUG] [co.ta.im.ImmersiveBallistic/]: Tweak transformado [rifle]: D:\2026WORK\MCPubgLauncherV2\.runtime\clean\tacz\immersive_ballistic\data\tacztweaks\bullet_interactions\concrete\rifle.json
[17:40:40] [Render thread/DEBUG] [co.ta.im.ImmersiveBallistic/]: Tweak transformado [hcal]: D:\2026WORK\MCPubgLauncherV2\.runtime\clean\tacz\immersive_ballistic\data\tacztweaks\bullet_interactions\concrete\hcal.json
[17:40:40] [Render thread/DEBUG] [co.ta.im.ImmersiveBallistic/]: Tweak transformado [_ignore]: D:\2026WORK\MCPubgLauncherV2\.runtime\clean\tacz\immersive_ballistic\data\tacztweaks\bullet_interactions\_ignore.json
[17:40:40] [Render thread/INFO] [co.ta.im.ImmersiveBallistic/]: Se forzo actualizacion de tweak: D:\2026WORK\MCPubgLauncherV2\.runtime\clean\tacz\immersive_ballistic\data\tacz\tags\blocks\bullet_ignore.json
[17:40:40] [Render thread/INFO] [co.ta.im.ImmersiveBallistic/]: Se forzo actualizacion de tweak: D:\2026WORK\MCPubgLauncherV2\.runtime\clean\tacz\immersive_ballistic\assets\tacztweaks\sounds\silence.ogg
[17:40:40] [Render thread/INFO] [co.ta.im.ImmersiveBallistic/]: Se forzo actualizacion de tweak: D:\2026WORK\MCPubgLauncherV2\.runtime\clean\tacz\immersive_ballistic\assets\tacztweaks\sounds\shared\mortar\incoming04.ogg
[17:40:40] [Render thread/INFO] [co.ta.im.ImmersiveBallistic/]: Se forzo actualizacion de tweak: D:\2026WORK\MCPubgLauncherV2\.runtime\clean\tacz\immersive_ballistic\assets\tacztweaks\sounds\shared\mortar\incoming03.ogg
[17:40:40] [Render thread/INFO] [co.ta.im.ImmersiveBallistic/]: Se forzo actualizacion de tweak: D:\2026WORK\MCPubgLauncherV2\.runtime\clean\tacz\immersive_ballistic\assets\tacztweaks\sounds\shared\mortar\incoming02.ogg
[17:40:40] [Render thread/INFO] [co.ta.im.ImmersiveBallistic/]: Se forzo actualizacion de tweak: D:\2026WORK\MCPubgLauncherV2\.runtime\clean\tacz\immersive_ballistic\assets\tacztweaks\sounds\shared\mortar\incoming01.ogg
[17:40:40] [Render thread/INFO] [co.ta.im.ImmersiveBallistic/]: Se forzo actualizacion de tweak: D:\2026WORK\MCPubgLauncherV2\.runtime\clean\tacz\immersive_ballistic\assets\tacztweaks\sounds\shared\flesh\hit06.ogg
[17:40:40] [Render thread/INFO] [co.ta.im.ImmersiveBallistic/]: Se forzo actualizacion de tweak: D:\2026WORK\MCPubgLauncherV2\.runtime\clean\tacz\immersive_ballistic\assets\tacztweaks\sounds\shared\flesh\hit05.ogg
[17:40:40] [Render thread/INFO] [co.ta.im.ImmersiveBallistic/]: Se forzo actualizacion de tweak: D:\2026WORK\MCPubgLauncherV2\.runtime\clean\tacz\immersive_ballistic\assets\tacztweaks\sounds\shared\flesh\hit04.ogg
[17:40:40] [Render thread/INFO] [co.ta.im.ImmersiveBallistic/]: Se forzo actualizacion de tweak: D:\2026WORK\MCPubgLauncherV2\.runtime\clean\tacz\immersive_ballistic\assets\tacztweaks\sounds\shared\flesh\hit03.ogg
[17:40:40] [Render thread/INFO] [co.ta.im.ImmersiveBallistic/]: Se forzo actualizacion de tweak: D:\2026WORK\MCPubgLauncherV2\.runtime\clean\tacz\immersive_ballistic\assets\tacztweaks\sounds\shared\flesh\hit02.ogg
[17:40:40] [Render thread/INFO] [co.ta.im.ImmersiveBallistic/]: Se forzo actualizacion de tweak: D:\2026WORK\MCPubgLauncherV2\.runtime\clean\tacz\immersive_ballistic\assets\tacztweaks\sounds\shared\flesh\hit01.ogg
[17:40:40] [Render thread/INFO] [co.ta.im.ImmersiveBallistic/]: Se forzo actualizacion de tweak: D:\2026WORK\MCPubgLauncherV2\.runtime\clean\tacz\immersive_ballistic\assets\tacztweaks\sounds\shared\body\hit04.ogg
[17:40:40] [Render thread/INFO] [co.ta.im.ImmersiveBallistic/]: Se forzo actualizacion de tweak: D:\2026WORK\MCPubgLauncherV2\.runtime\clean\tacz\immersive_ballistic\assets\tacztweaks\sounds\shared\body\hit03.ogg
[17:40:40] [Render thread/INFO] [co.ta.im.ImmersiveBallistic/]: Se forzo actualizacion de tweak: D:\2026WORK\MCPubgLauncherV2\.runtime\clean\tacz\immersive_ballistic\assets\tacztweaks\sounds\shared\body\hit02.ogg
[17:40:40] [Render thread/INFO] [co.ta.im.ImmersiveBallistic/]: Se forzo actualizacion de tweak: D:\2026WORK\MCPubgLauncherV2\.runtime\clean\tacz\immersive_ballistic\assets\tacztweaks\sounds\shared\body\hit01.ogg
[17:40:40] [Render thread/INFO] [co.ta.im.ImmersiveBallistic/]: Se forzo actualizacion de tweak: D:\2026WORK\MCPubgLauncherV2\.runtime\clean\tacz\immersive_ballistic\assets\tacztweaks\sounds\reverb\rocket\crack01.ogg
[17:40:40] [Render thread/INFO] [co.ta.im.ImmersiveBallistic/]: Se forzo actualizacion de tweak: D:\2026WORK\MCPubgLauncherV2\.runtime\clean\tacz\immersive_ballistic\assets\tacztweaks\sounds\reverb\9mm\superfar.ogg
[17:40:40] [Render thread/INFO] [co.ta.im.ImmersiveBallistic/]: Se forzo actualizacion de tweak: D:\2026WORK\MCPubgLauncherV2\.runtime\clean\tacz\immersive_ballistic\assets\tacztweaks\sounds\reverb\9mm\medium.ogg
[17:40:40] [Render thread/INFO] [co.ta.im.ImmersiveBallistic/]: Se forzo actualizacion de tweak: D:\2026WORK\MCPubgLauncherV2\.runtime\clean\tacz\immersive_ballistic\assets\tacztweaks\sounds\reverb\9mm\far.ogg
[17:40:40] [Render thread/INFO] [co.ta.im.ImmersiveBallistic/]: Se forzo actualizacion de tweak: D:\2026WORK\MCPubgLauncherV2\.runtime\clean\tacz\immersive_ballistic\assets\tacztweaks\sounds\reverb\9mm\close.ogg
[17:40:40] [Render thread/INFO] [co.ta.im.ImmersiveBallistic/]: Se forzo actualizacion de tweak: D:\2026WORK\MCPubgLauncherV2\.runtime\clean\tacz\immersive_ballistic\assets\tacztweaks\sounds\reverb\7_62x39\superfar.ogg
[17:40:40] [Render thread/INFO] [co.ta.im.ImmersiveBallistic/]: Se forzo actualizacion de tweak: D:\2026WORK\MCPubgLauncherV2\.runtime\clean\tacz\immersive_ballistic\assets\tacztweaks\sounds\reverb\7_62x39\medium.ogg
[17:40:40] [Render thread/INFO] [co.ta.im.ImmersiveBallistic/]: Se forzo actualizacion de tweak: D:\2026WORK\MCPubgLauncherV2\.runtime\clean\tacz\immersive_ballistic\assets\tacztweaks\sounds\reverb\7_62x39\far.ogg
[17:40:40] [Render thread/INFO] [co.ta.im.ImmersiveBallistic/]: Se forzo actualizacion de tweak: D:\2026WORK\MCPubgLauncherV2\.runtime\clean\tacz\immersive_ballistic\assets\tacztweaks\sounds\reverb\7_62x39\close.ogg
[17:40:40] [Render thread/INFO] [co.ta.im.ImmersiveBallistic/]: Se forzo actualizacion de tweak: D:\2026WORK\MCPubgLauncherV2\.runtime\clean\tacz\immersive_ballistic\assets\tacztweaks\sounds\reverb\762x54\superfar.ogg
[17:40:40] [Render thread/INFO] [co.ta.im.ImmersiveBallistic/]: Se forzo actualizacion de tweak: D:\2026WORK\MCPubgLauncherV2\.runtime\clean\tacz\immersive_ballistic\assets\tacztweaks\sounds\reverb\762x54\medium.ogg
[17:40:40] [Render thread/INFO] [co.ta.im.ImmersiveBallistic/]: Se forzo actualizacion de tweak: D:\2026WORK\MCPubgLauncherV2\.runtime\clean\tacz\immersive_ballistic\assets\tacztweaks\sounds\reverb\762x54\far.ogg
[17:40:40] [Render thread/INFO] [co.ta.im.ImmersiveBallistic/]: Se forzo actualizacion de tweak: D:\2026WORK\MCPubgLauncherV2\.runtime\clean\tacz\immersive_ballistic\assets\tacztweaks\sounds\reverb\762x54\close.ogg
[17:40:40] [Render thread/INFO] [co.ta.im.ImmersiveBallistic/]: Se forzo actualizacion de tweak: D:\2026WORK\MCPubgLauncherV2\.runtime\clean\tacz\immersive_ballistic\assets\tacztweaks\sounds\reverb\762x25\superfar.ogg
[17:40:40] [Render thread/INFO] [co.ta.im.ImmersiveBallistic/]: Se forzo actualizacion de tweak: D:\2026WORK\MCPubgLauncherV2\.runtime\clean\tacz\immersive_ballistic\assets\tacztweaks\sounds\reverb\762x25\medium.ogg
[17:40:40] [Render thread/INFO] [co.ta.im.ImmersiveBallistic/]: Se forzo actualizacion de tweak: D:\2026WORK\MCPubgLauncherV2\.runtime\clean\tacz\immersive_ballistic\assets\tacztweaks\sounds\reverb\762x25\far.ogg
[17:40:40] [Render thread/INFO] [co.ta.im.ImmersiveBallistic/]: Se forzo actualizacion de tweak: D:\2026WORK\MCPubgLauncherV2\.runtime\clean\tacz\immersive_ballistic\assets\tacztweaks\sounds\reverb\762x25\close.ogg
[17:40:40] [Render thread/INFO] [co.ta.im.ImmersiveBallistic/]: Se forzo actualizacion de tweak: D:\2026WORK\MCPubgLauncherV2\.runtime\clean\tacz\immersive_ballistic\assets\tacztweaks\sounds\reverb\68x51fury\superfar.ogg
[17:40:40] [Render thread/INFO] [co.ta.im.ImmersiveBallistic/]: Se forzo actualizacion de tweak: D:\2026WORK\MCPubgLauncherV2\.runtime\clean\tacz\immersive_ballistic\assets\tacztweaks\sounds\reverb\68x51fury\medium.ogg
[17:40:40] [Render thread/INFO] [co.ta.im.ImmersiveBallistic/]: Se forzo actualizacion de tweak: D:\2026WORK\MCPubgLauncherV2\.runtime\clean\tacz\immersive_ballistic\assets\tacztweaks\sounds\reverb\68x51fury\far.ogg
[17:40:40] [Render thread/INFO] [co.ta.im.ImmersiveBallistic/]: Se forzo actualizacion de tweak: D:\2026WORK\MCPubgLauncherV2\.runtime\clean\tacz\immersive_ballistic\assets\tacztweaks\sounds\reverb\68x51fury\close.ogg
[17:40:40] [Render thread/INFO] [co.ta.im.ImmersiveBallistic/]: Se forzo actualizacion de tweak: D:\2026WORK\MCPubgLauncherV2\.runtime\clean\tacz\immersive_ballistic\assets\tacztweaks\sounds\reverb\5_56x45\superfar.ogg
[17:40:40] [Render thread/INFO] [co.ta.im.ImmersiveBallistic/]: Se forzo actualizacion de tweak: D:\2026WORK\MCPubgLauncherV2\.runtime\clean\tacz\immersive_ballistic\assets\tacztweaks\sounds\reverb\5_56x45\medium.ogg
[17:40:40] [Render thread/INFO] [co.ta.im.ImmersiveBallistic/]: Se forzo actualizacion de tweak: D:\2026WORK\MCPubgLauncherV2\.runtime\clean\tacz\immersive_ballistic\assets\tacztweaks\sounds\reverb\5_56x45\far.ogg
[17:40:40] [Render thread/INFO] [co.ta.im.ImmersiveBallistic/]: Se forzo actualizacion de tweak: D:\2026WORK\MCPubgLauncherV2\.runtime\clean\tacz\immersive_ballistic\assets\tacztweaks\sounds\reverb\5_56x45\close.ogg
[17:40:40] [Render thread/INFO] [co.ta.im.ImmersiveBallistic/]: Se forzo actualizacion de tweak: D:\2026WORK\MCPubgLauncherV2\.runtime\clean\tacz\immersive_ballistic\assets\tacztweaks\sounds\reverb\58x42\superfar.ogg
[17:40:40] [Render thread/INFO] [co.ta.im.ImmersiveBallistic/]: Se forzo actualizacion de tweak: D:\2026WORK\MCPubgLauncherV2\.runtime\clean\tacz\immersive_ballistic\assets\tacztweaks\sounds\reverb\58x42\medium.ogg
[17:40:40] [Render thread/INFO] [co.ta.im.ImmersiveBallistic/]: Se forzo actualizacion de tweak: D:\2026WORK\MCPubgLauncherV2\.runtime\clean\tacz\immersive_ballistic\assets\tacztweaks\sounds\reverb\58x42\far.ogg
[17:40:40] [Render thread/INFO] [co.ta.im.ImmersiveBallistic/]: Se forzo actualizacion de tweak: D:\2026WORK\MCPubgLauncherV2\.runtime\clean\tacz\immersive_ballistic\assets\tacztweaks\sounds\reverb\58x42\close.ogg
[17:40:40] [Render thread/INFO] [co.ta.im.ImmersiveBallistic/]: Se forzo actualizacion de tweak: D:\2026WORK\MCPubgLauncherV2\.runtime\clean\tacz\immersive_ballistic\assets\tacztweaks\sounds\reverb\57x28\superfar.ogg
[17:40:40] [Render thread/INFO] [co.ta.im.ImmersiveBallistic/]: Se forzo actualizacion de tweak: D:\2026WORK\MCPubgLauncherV2\.runtime\clean\tacz\immersive_ballistic\assets\tacztweaks\sounds\reverb\57x28\medium.ogg
[17:40:40] [Render thread/INFO] [co.ta.im.ImmersiveBallistic/]: Se forzo actualizacion de tweak: D:\2026WORK\MCPubgLauncherV2\.runtime\clean\tacz\immersive_ballistic\assets\tacztweaks\sounds\reverb\57x28\far.ogg
[17:40:40] [Render thread/INFO] [co.ta.im.ImmersiveBallistic/]: Se forzo actualizacion de tweak: D:\2026WORK\MCPubgLauncherV2\.runtime\clean\tacz\immersive_ballistic\assets\tacztweaks\sounds\reverb\57x28\close.ogg
[17:40:40] [Render thread/INFO] [co.ta.im.ImmersiveBallistic/]: Se forzo actualizacion de tweak: D:\2026WORK\MCPubgLauncherV2\.runtime\clean\tacz\immersive_ballistic\assets\tacztweaks\sounds\reverb\50bmg\superfar.ogg
[17:40:40] [Render thread/INFO] [co.ta.im.ImmersiveBallistic/]: Se forzo actualizacion de tweak: D:\2026WORK\MCPubgLauncherV2\.runtime\clean\tacz\immersive_ballistic\assets\tacztweaks\sounds\reverb\50bmg\medium.ogg
[17:40:40] [Render thread/INFO] [co.ta.im.ImmersiveBallistic/]: Se forzo actualizacion de tweak: D:\2026WORK\MCPubgLauncherV2\.runtime\clean\tacz\immersive_ballistic\assets\tacztweaks\sounds\reverb\50bmg\far.ogg
[17:40:40] [Render thread/INFO] [co.ta.im.ImmersiveBallistic/]: Se forzo actualizacion de tweak: D:\2026WORK\MCPubgLauncherV2\.runtime\clean\tacz\immersive_ballistic\assets\tacztweaks\sounds\reverb\50bmg\close.ogg
[17:40:40] [Render thread/INFO] [co.ta.im.ImmersiveBallistic/]: Se forzo actualizacion de tweak: D:\2026WORK\MCPubgLauncherV2\.runtime\clean\tacz\immersive_ballistic\assets\tacztweaks\sounds\reverb\50ae\superfar.ogg
[17:40:40] [Render thread/INFO] [co.ta.im.ImmersiveBallistic/]: Se forzo actualizacion de tweak: D:\2026WORK\MCPubgLauncherV2\.runtime\clean\tacz\immersive_ballistic\assets\tacztweaks\sounds\reverb\50ae\medium.ogg
[17:40:40] [Render thread/INFO] [co.ta.im.ImmersiveBallistic/]: Se forzo actualizacion de tweak: D:\2026WORK\MCPubgLauncherV2\.runtime\clean\tacz\immersive_ballistic\assets\tacztweaks\sounds\reverb\50ae\far.ogg
[17:40:40] [Render thread/INFO] [co.ta.im.ImmersiveBallistic/]: Se forzo actualizacion de tweak: D:\2026WORK\MCPubgLauncherV2\.runtime\clean\tacz\immersive_ballistic\assets\tacztweaks\sounds\reverb\50ae\close.ogg
[17:40:40] [Render thread/INFO] [co.ta.im.ImmersiveBallistic/]: Se forzo actualizacion de tweak: D:\2026WORK\MCPubgLauncherV2\.runtime\clean\tacz\immersive_ballistic\assets\tacztweaks\sounds\reverb\46x30\superfar.ogg
[17:40:40] [Forge Version Check/DEBUG] [ne.mi.fm.VersionChecker/]: [badmobs] Received version check data:
{"homepage":"https://www.curseforge.com/minecraft/mc-mods/bad-mobs","promos":{"1.20.1-latest":"19.0.4"}}
[17:40:40] [Forge Version Check/INFO] [ne.mi.fm.VersionChecker/]: [badmobs] Found status: BETA Current: 19.0.4 Target: 19.0.4
[17:40:40] [Forge Version Check/INFO] [ne.mi.fm.VersionChecker/]: [hordes] Starting version check at https://raw.githubusercontent.com/SmileycorpMC/The-Hordes/1.20/update.json
[17:40:40] [Render thread/INFO] [co.ta.im.ImmersiveBallistic/]: Se forzo actualizacion de tweak: D:\2026WORK\MCPubgLauncherV2\.runtime\clean\tacz\immersive_ballistic\assets\tacztweaks\sounds\reverb\46x30\medium.ogg
[17:40:40] [Render thread/INFO] [co.ta.im.ImmersiveBallistic/]: Se forzo actualizacion de tweak: D:\2026WORK\MCPubgLauncherV2\.runtime\clean\tacz\immersive_ballistic\assets\tacztweaks\sounds\reverb\46x30\far.ogg
[17:40:40] [Render thread/INFO] [co.ta.im.ImmersiveBallistic/]: Se forzo actualizacion de tweak: D:\2026WORK\MCPubgLauncherV2\.runtime\clean\tacz\immersive_ballistic\assets\tacztweaks\sounds\reverb\46x30\close.ogg
[17:40:40] [Render thread/INFO] [co.ta.im.ImmersiveBallistic/]: Se forzo actualizacion de tweak: D:\2026WORK\MCPubgLauncherV2\.runtime\clean\tacz\immersive_ballistic\assets\tacztweaks\sounds\reverb\45acp\superfar.ogg
[17:40:40] [Render thread/INFO] [co.ta.im.ImmersiveBallistic/]: Se forzo actualizacion de tweak: D:\2026WORK\MCPubgLauncherV2\.runtime\clean\tacz\immersive_ballistic\assets\tacztweaks\sounds\reverb\45acp\medium.ogg
[17:40:40] [Render thread/INFO] [co.ta.im.ImmersiveBallistic/]: Se forzo actualizacion de tweak: D:\2026WORK\MCPubgLauncherV2\.runtime\clean\tacz\immersive_ballistic\assets\tacztweaks\sounds\reverb\45acp\far.ogg
[17:40:40] [Render thread/INFO] [co.ta.im.ImmersiveBallistic/]: Se forzo actualizacion de tweak: D:\2026WORK\MCPubgLauncherV2\.runtime\clean\tacz\immersive_ballistic\assets\tacztweaks\sounds\reverb\45acp\close.ogg
[17:40:40] [Render thread/INFO] [co.ta.im.ImmersiveBallistic/]: Se forzo actualizacion de tweak: D:\2026WORK\MCPubgLauncherV2\.runtime\clean\tacz\immersive_ballistic\assets\tacztweaks\sounds\reverb\45_70\superfar.ogg
[17:40:40] [Render thread/INFO] [co.ta.im.ImmersiveBallistic/]: Se forzo actualizacion de tweak: D:\2026WORK\MCPubgLauncherV2\.runtime\clean\tacz\immersive_ballistic\assets\tacztweaks\sounds\reverb\45_70\medium.ogg
[17:40:40] [Render thread/INFO] [co.ta.im.ImmersiveBallistic/]: Se forzo actualizacion de tweak: D:\2026WORK\MCPubgLauncherV2\.runtime\clean\tacz\immersive_ballistic\assets\tacztweaks\sounds\reverb\45_70\far.ogg
[17:40:40] [Render thread/INFO] [co.ta.im.ImmersiveBallistic/]: Se forzo actualizacion de tweak: D:\2026WORK\MCPubgLauncherV2\.runtime\clean\tacz\immersive_ballistic\assets\tacztweaks\sounds\reverb\45_70\close.ogg
[17:40:40] [Render thread/INFO] [co.ta.im.ImmersiveBallistic/]: Se forzo actualizacion de tweak: D:\2026WORK\MCPubgLauncherV2\.runtime\clean\tacz\immersive_ballistic\assets\tacztweaks\sounds\reverb\357_mag\superfar.ogg
[17:40:40] [Render thread/INFO] [co.ta.im.ImmersiveBallistic/]: Se forzo actualizacion de tweak: D:\2026WORK\MCPubgLauncherV2\.runtime\clean\tacz\immersive_ballistic\assets\tacztweaks\sounds\reverb\357_mag\medium.ogg
[17:40:40] [Render thread/INFO] [co.ta.im.ImmersiveBallistic/]: Se forzo actualizacion de tweak: D:\2026WORK\MCPubgLauncherV2\.runtime\clean\tacz\immersive_ballistic\assets\tacztweaks\sounds\reverb\357_mag\far.ogg
[17:40:40] [Render thread/INFO] [co.ta.im.ImmersiveBallistic/]: Se forzo actualizacion de tweak: D:\2026WORK\MCPubgLauncherV2\.runtime\clean\tacz\immersive_ballistic\assets\tacztweaks\sounds\reverb\357_mag\close.ogg
[17:40:40] [Render thread/INFO] [co.ta.im.ImmersiveBallistic/]: Se forzo actualizacion de tweak: D:\2026WORK\MCPubgLauncherV2\.runtime\clean\tacz\immersive_ballistic\assets\tacztweaks\sounds\reverb\338\superfar.ogg
[17:40:40] [Render thread/INFO] [co.ta.im.ImmersiveBallistic/]: Se forzo actualizacion de tweak: D:\2026WORK\MCPubgLauncherV2\.runtime\clean\tacz\immersive_ballistic\assets\tacztweaks\sounds\reverb\338\medium.ogg
[17:40:40] [Render thread/INFO] [co.ta.im.ImmersiveBallistic/]: Se forzo actualizacion de tweak: D:\2026WORK\MCPubgLauncherV2\.runtime\clean\tacz\immersive_ballistic\assets\tacztweaks\sounds\reverb\338\far.ogg
[17:40:40] [Render thread/INFO] [co.ta.im.ImmersiveBallistic/]: Se forzo actualizacion de tweak: D:\2026WORK\MCPubgLauncherV2\.runtime\clean\tacz\immersive_ballistic\assets\tacztweaks\sounds\reverb\338\close.ogg
[17:40:40] [Render thread/INFO] [co.ta.im.ImmersiveBallistic/]: Se forzo actualizacion de tweak: D:\2026WORK\MCPubgLauncherV2\.runtime\clean\tacz\immersive_ballistic\assets\tacztweaks\sounds\reverb\308\superfar.ogg
[17:40:40] [Render thread/INFO] [co.ta.im.ImmersiveBallistic/]: Se forzo actualizacion de tweak: D:\2026WORK\MCPubgLauncherV2\.runtime\clean\tacz\immersive_ballistic\assets\tacztweaks\sounds\reverb\308\medium.ogg
[17:40:40] [Render thread/INFO] [co.ta.im.ImmersiveBallistic/]: Se forzo actualizacion de tweak: D:\2026WORK\MCPubgLauncherV2\.runtime\clean\tacz\immersive_ballistic\assets\tacztweaks\sounds\reverb\308\far.ogg
[17:40:40] [Render thread/INFO] [co.ta.im.ImmersiveBallistic/]: Se forzo actualizacion de tweak: D:\2026WORK\MCPubgLauncherV2\.runtime\clean\tacz\immersive_ballistic\assets\tacztweaks\sounds\reverb\308\close.ogg
[17:40:40] [Render thread/INFO] [co.ta.im.ImmersiveBallistic/]: Se forzo actualizacion de tweak: D:\2026WORK\MCPubgLauncherV2\.runtime\clean\tacz\immersive_ballistic\assets\tacztweaks\sounds\reverb\30-06\superfar.ogg
[17:40:40] [Render thread/INFO] [co.ta.im.ImmersiveBallistic/]: Se forzo actualizacion de tweak: D:\2026WORK\MCPubgLauncherV2\.runtime\clean\tacz\immersive_ballistic\assets\tacztweaks\sounds\reverb\30-06\medium.ogg
[17:40:40] [Render thread/INFO] [co.ta.im.ImmersiveBallistic/]: Se forzo actualizacion de tweak: D:\2026WORK\MCPubgLauncherV2\.runtime\clean\tacz\immersive_ballistic\assets\tacztweaks\sounds\reverb\30-06\far.ogg
[17:40:40] [Render thread/INFO] [co.ta.im.ImmersiveBallistic/]: Se forzo actualizacion de tweak: D:\2026WORK\MCPubgLauncherV2\.runtime\clean\tacz\immersive_ballistic\assets\tacztweaks\sounds\reverb\30-06\close.ogg
[17:40:40] [Render thread/INFO] [co.ta.im.ImmersiveBallistic/]: Se forzo actualizacion de tweak: D:\2026WORK\MCPubgLauncherV2\.runtime\clean\tacz\immersive_ballistic\assets\tacztweaks\sounds\reverb\12g\superfar.ogg
[17:40:40] [Render thread/INFO] [co.ta.im.ImmersiveBallistic/]: Se forzo actualizacion de tweak: D:\2026WORK\MCPubgLauncherV2\.runtime\clean\tacz\immersive_ballistic\assets\tacztweaks\sounds\reverb\12g\medium.ogg
[17:40:40] [Render thread/INFO] [co.ta.im.ImmersiveBallistic/]: Se forzo actualizacion de tweak: D:\2026WORK\MCPubgLauncherV2\.runtime\clean\tacz\immersive_ballistic\assets\tacztweaks\sounds\reverb\12g\far.ogg
[17:40:40] [Render thread/INFO] [co.ta.im.ImmersiveBallistic/]: Se forzo actualizacion de tweak: D:\2026WORK\MCPubgLauncherV2\.runtime\clean\tacz\immersive_ballistic\assets\tacztweaks\sounds\reverb\12g\close.ogg
[17:40:40] [Render thread/INFO] [co.ta.im.ImmersiveBallistic/]: Se forzo actualizacion de tweak: D:\2026WORK\MCPubgLauncherV2\.runtime\clean\tacz\immersive_ballistic\assets\tacztweaks\sounds\generic\impact9.ogg
[17:40:40] [Render thread/INFO] [co.ta.im.ImmersiveBallistic/]: Se forzo actualizacion de tweak: D:\2026WORK\MCPubgLauncherV2\.runtime\clean\tacz\immersive_ballistic\assets\tacztweaks\sounds\generic\impact8.ogg
[17:40:40] [Render thread/INFO] [co.ta.im.ImmersiveBallistic/]: Se forzo actualizacion de tweak: D:\2026WORK\MCPubgLauncherV2\.runtime\clean\tacz\immersive_ballistic\assets\tacztweaks\sounds\generic\impact7.ogg
[17:40:40] [Render thread/INFO] [co.ta.im.ImmersiveBallistic/]: Se forzo actualizacion de tweak: D:\2026WORK\MCPubgLauncherV2\.runtime\clean\tacz\immersive_ballistic\assets\tacztweaks\sounds\generic\impact6.ogg
[17:40:40] [Render thread/INFO] [co.ta.im.ImmersiveBallistic/]: Se forzo actualizacion de tweak: D:\2026WORK\MCPubgLauncherV2\.runtime\clean\tacz\immersive_ballistic\assets\tacztweaks\sounds\generic\impact5.ogg
[17:40:40] [Render thread/INFO] [co.ta.im.ImmersiveBallistic/]: Se forzo actualizacion de tweak: D:\2026WORK\MCPubgLauncherV2\.runtime\clean\tacz\immersive_ballistic\assets\tacztweaks\sounds\generic\impact4.ogg
[17:40:40] [Render thread/INFO] [co.ta.im.ImmersiveBallistic/]: Se forzo actualizacion de tweak: D:\2026WORK\MCPubgLauncherV2\.runtime\clean\tacz\immersive_ballistic\assets\tacztweaks\sounds\generic\impact3.ogg
[17:40:40] [Render thread/INFO] [co.ta.im.ImmersiveBallistic/]: Se forzo actualizacion de tweak: D:\2026WORK\MCPubgLauncherV2\.runtime\clean\tacz\immersive_ballistic\assets\tacztweaks\sounds\generic\impact2.ogg
[17:40:40] [Render thread/INFO] [co.ta.im.ImmersiveBallistic/]: Se forzo actualizacion de tweak: D:\2026WORK\MCPubgLauncherV2\.runtime\clean\tacz\immersive_ballistic\assets\tacztweaks\sounds\generic\impact11.ogg
[17:40:40] [Render thread/INFO] [co.ta.im.ImmersiveBallistic/]: Se forzo actualizacion de tweak: D:\2026WORK\MCPubgLauncherV2\.runtime\clean\tacz\immersive_ballistic\assets\tacztweaks\sounds\generic\impact10.ogg
[17:40:40] [Render thread/INFO] [co.ta.im.ImmersiveBallistic/]: Se forzo actualizacion de tweak: D:\2026WORK\MCPubgLauncherV2\.runtime\clean\tacz\immersive_ballistic\assets\tacztweaks\sounds\generic\impact1.ogg
[17:40:40] [Render thread/INFO] [co.ta.im.ImmersiveBallistic/]: Se forzo actualizacion de tweak: D:\2026WORK\MCPubgLauncherV2\.runtime\clean\tacz\immersive_ballistic\assets\tacztweaks\sounds\generic\impact0.ogg
[17:40:40] [Render thread/INFO] [co.ta.im.ImmersiveBallistic/]: Se forzo actualizacion de tweak: D:\2026WORK\MCPubgLauncherV2\.runtime\clean\tacz\immersive_ballistic\assets\tacztweaks\sounds\fluids\water\sniper\impact04.ogg
[17:40:40] [Render thread/INFO] [co.ta.im.ImmersiveBallistic/]: Se forzo actualizacion de tweak: D:\2026WORK\MCPubgLauncherV2\.runtime\clean\tacz\immersive_ballistic\assets\tacztweaks\sounds\fluids\water\sniper\impact03.ogg
[17:40:40] [Render thread/INFO] [co.ta.im.ImmersiveBallistic/]: Se forzo actualizacion de tweak: D:\2026WORK\MCPubgLauncherV2\.runtime\clean\tacz\immersive_ballistic\assets\tacztweaks\sounds\fluids\water\sniper\impact02.ogg
[17:40:40] [Render thread/INFO] [co.ta.im.ImmersiveBallistic/]: Se forzo actualizacion de tweak: D:\2026WORK\MCPubgLauncherV2\.runtime\clean\tacz\immersive_ballistic\assets\tacztweaks\sounds\fluids\water\sniper\impact01.ogg
[17:40:40] [Render thread/INFO] [co.ta.im.ImmersiveBallistic/]: Se forzo actualizacion de tweak: D:\2026WORK\MCPubgLauncherV2\.runtime\clean\tacz\immersive_ballistic\assets\tacztweaks\sounds\fluids\water\rifle\impact04.ogg
[17:40:40] [Render thread/INFO] [co.ta.im.ImmersiveBallistic/]: Se forzo actualizacion de tweak: D:\2026WORK\MCPubgLauncherV2\.runtime\clean\tacz\immersive_ballistic\assets\tacztweaks\sounds\fluids\water\rifle\impact03.ogg
[17:40:40] [Render thread/INFO] [co.ta.im.ImmersiveBallistic/]: Se forzo actualizacion de tweak: D:\2026WORK\MCPubgLauncherV2\.runtime\clean\tacz\immersive_ballistic\assets\tacztweaks\sounds\fluids\water\rifle\impact02.ogg
[17:40:40] [Render thread/INFO] [co.ta.im.ImmersiveBallistic/]: Se forzo actualizacion de tweak: D:\2026WORK\MCPubgLauncherV2\.runtime\clean\tacz\immersive_ballistic\assets\tacztweaks\sounds\fluids\water\rifle\impact01.ogg
[17:40:40] [Render thread/INFO] [co.ta.im.ImmersiveBallistic/]: Se forzo actualizacion de tweak: D:\2026WORK\MCPubgLauncherV2\.runtime\clean\tacz\immersive_ballistic\assets\tacztweaks\sounds\fluids\water\pistol\impact04.ogg
[17:40:40] [Render thread/INFO] [co.ta.im.ImmersiveBallistic/]: Se forzo actualizacion de tweak: D:\2026WORK\MCPubgLauncherV2\.runtime\clean\tacz\immersive_ballistic\assets\tacztweaks\sounds\fluids\water\pistol\impact03.ogg
[17:40:40] [Render thread/INFO] [co.ta.im.ImmersiveBallistic/]: Se forzo actualizacion de tweak: D:\2026WORK\MCPubgLauncherV2\.runtime\clean\tacz\immersive_ballistic\assets\tacztweaks\sounds\fluids\water\pistol\impact02.ogg
[17:40:40] [Render thread/INFO] [co.ta.im.ImmersiveBallistic/]: Se forzo actualizacion de tweak: D:\2026WORK\MCPubgLauncherV2\.runtime\clean\tacz\immersive_ballistic\assets\tacztweaks\sounds\fluids\water\pistol\impact01.ogg
[17:40:40] [Render thread/INFO] [co.ta.im.ImmersiveBallistic/]: Se forzo actualizacion de tweak: D:\2026WORK\MCPubgLauncherV2\.runtime\clean\tacz\immersive_ballistic\assets\tacztweaks\sounds\bullets\ricochet\sniper\09.ogg
[17:40:40] [Forge Version Check/DEBUG] [ne.mi.fm.VersionChecker/]: [hordes] Received version check data:
{
    "homepage": "https://www.curseforge.com/minecraft/mc-mods/the-hordes",
    "1.20.1": {
        "1.3.0": "first release for 1.20",
        "1.3.0a": "fix crash when loading the mod on servers, add better error checking for scripts.",
        "1.3.0b": "fix horde event progression getting stuck",
        "1.3.1": "fix numerous bugs and issues, add a visual effect to the night sky on horde nights",
        "1.3.2": "add husk players, infection immunity and fix varous bugs",
        "1.3.2a": "fix incorrect day calculation with hordeEventByPlayerTime",
        "1.3.2b": "fix crashes when disabling infection or horde events in the config",
        "1.4.0": "add many new conditions and functions, including gamestage support and restricting what blocks mobs can spawn on",
        "1.5.0": "massive datapack changes, a lot of new additions, and several bugs fixed",
		"1.5.4": "a lot of bug fixes, new translations",
		"1.5.4a": "fixes for zombie piglins, certain system language crashes and spawnFirstDay, as well as more configuration options",
		"1.5.4b": "made horde event random more determanistic so that scripts function the same for every player on a given night",
		"1.5.4c": "config option to disable player zombie capes, issues with the server not recognising mod versions with certain config options, lag caused by infection visuals",
		"1.6.3": "full version parity update with 1.21.1",
		"1.6.3a": "fix crash caused by mixin config error",
		"1.6.3b": "attribute registry crash and datapack errors",
		"1.6.3c": "fix issue with entities spawning from hordes",
		"1.6.3d": "fix crash on servers caused by incorrect import",
		"1.6.3e": "fixed issue with hordes:weighted_random function deserialization",
		"1.6.3f": "fixed config, and logging issues, issues with infection protection and the default datapack, as well as adding a unique message if another player's horde is preventing sleep",
		"1.6.3g": "fixed issues with other players sleeping, or zombie players causing kicks as well issues with spawnFirstDay and the hordes:weighted_random function",
		"1.6.3h": "fixed zombie player render issues, and some hordescript errors, reverted hordes:set_entity_nbt to being a spawn entity function"
    },
    "promos": {
        "1.20.1-latest": "1.6.3h",
        "1.20.1-recommended": "1.6.3h"
    }
}
[17:40:40] [Forge Version Check/INFO] [ne.mi.fm.VersionChecker/]: [hordes] Found status: OUTDATED Current: 1.6.3g Target: 1.6.3h
[17:40:40] [Forge Version Check/INFO] [ne.mi.fm.VersionChecker/]: [forge] Starting version check at https://files.minecraftforge.net/net/minecraftforge/forge/promotions_slim.json
[17:40:40] [Render thread/INFO] [co.ta.im.ImmersiveBallistic/]: Se forzo actualizacion de tweak: D:\2026WORK\MCPubgLauncherV2\.runtime\clean\tacz\immersive_ballistic\assets\tacztweaks\sounds\bullets\ricochet\sniper\08.ogg
[17:40:40] [Render thread/INFO] [co.ta.im.ImmersiveBallistic/]: Se forzo actualizacion de tweak: D:\2026WORK\MCPubgLauncherV2\.runtime\clean\tacz\immersive_ballistic\assets\tacztweaks\sounds\bullets\ricochet\sniper\07.ogg
[17:40:40] [Render thread/INFO] [co.ta.im.ImmersiveBallistic/]: Se forzo actualizacion de tweak: D:\2026WORK\MCPubgLauncherV2\.runtime\clean\tacz\immersive_ballistic\assets\tacztweaks\sounds\bullets\ricochet\sniper\06.ogg
[17:40:40] [Render thread/INFO] [co.ta.im.ImmersiveBallistic/]: Se forzo actualizacion de tweak: D:\2026WORK\MCPubgLauncherV2\.runtime\clean\tacz\immersive_ballistic\assets\tacztweaks\sounds\bullets\ricochet\sniper\05.ogg
[17:40:40] [Render thread/INFO] [co.ta.im.ImmersiveBallistic/]: Se forzo actualizacion de tweak: D:\2026WORK\MCPubgLauncherV2\.runtime\clean\tacz\immersive_ballistic\assets\tacztweaks\sounds\bullets\ricochet\sniper\04.ogg
[17:40:40] [Render thread/INFO] [co.ta.im.ImmersiveBallistic/]: Se forzo actualizacion de tweak: D:\2026WORK\MCPubgLauncherV2\.runtime\clean\tacz\immersive_ballistic\assets\tacztweaks\sounds\bullets\ricochet\sniper\03.ogg
[17:40:40] [Render thread/INFO] [co.ta.im.ImmersiveBallistic/]: Se forzo actualizacion de tweak: D:\2026WORK\MCPubgLauncherV2\.runtime\clean\tacz\immersive_ballistic\assets\tacztweaks\sounds\bullets\ricochet\sniper\02.ogg
[17:40:40] [Render thread/INFO] [co.ta.im.ImmersiveBallistic/]: Se forzo actualizacion de tweak: D:\2026WORK\MCPubgLauncherV2\.runtime\clean\tacz\immersive_ballistic\assets\tacztweaks\sounds\bullets\ricochet\sniper\01.ogg
[17:40:40] [Render thread/INFO] [co.ta.im.ImmersiveBallistic/]: Se forzo actualizacion de tweak: D:\2026WORK\MCPubgLauncherV2\.runtime\clean\tacz\immersive_ballistic\assets\tacztweaks\sounds\bullets\ricochet\rifle\09.ogg
[17:40:40] [Render thread/INFO] [co.ta.im.ImmersiveBallistic/]: Se forzo actualizacion de tweak: D:\2026WORK\MCPubgLauncherV2\.runtime\clean\tacz\immersive_ballistic\assets\tacztweaks\sounds\bullets\ricochet\rifle\08.ogg
[17:40:40] [Render thread/INFO] [co.ta.im.ImmersiveBallistic/]: Se forzo actualizacion de tweak: D:\2026WORK\MCPubgLauncherV2\.runtime\clean\tacz\immersive_ballistic\assets\tacztweaks\sounds\bullets\ricochet\rifle\07.ogg
[17:40:40] [Render thread/INFO] [co.ta.im.ImmersiveBallistic/]: Se forzo actualizacion de tweak: D:\2026WORK\MCPubgLauncherV2\.runtime\clean\tacz\immersive_ballistic\assets\tacztweaks\sounds\bullets\ricochet\rifle\06.ogg
[17:40:40] [Render thread/INFO] [co.ta.im.ImmersiveBallistic/]: Se forzo actualizacion de tweak: D:\2026WORK\MCPubgLauncherV2\.runtime\clean\tacz\immersive_ballistic\assets\tacztweaks\sounds\bullets\ricochet\rifle\05.ogg
[17:40:40] [Render thread/INFO] [co.ta.im.ImmersiveBallistic/]: Se forzo actualizacion de tweak: D:\2026WORK\MCPubgLauncherV2\.runtime\clean\tacz\immersive_ballistic\assets\tacztweaks\sounds\bullets\ricochet\rifle\04.ogg
[17:40:40] [Render thread/INFO] [co.ta.im.ImmersiveBallistic/]: Se forzo actualizacion de tweak: D:\2026WORK\MCPubgLauncherV2\.runtime\clean\tacz\immersive_ballistic\assets\tacztweaks\sounds\bullets\ricochet\rifle\03.ogg
[17:40:40] [Render thread/INFO] [co.ta.im.ImmersiveBallistic/]: Se forzo actualizacion de tweak: D:\2026WORK\MCPubgLauncherV2\.runtime\clean\tacz\immersive_ballistic\assets\tacztweaks\sounds\bullets\ricochet\rifle\02.ogg
[17:40:40] [Render thread/INFO] [co.ta.im.ImmersiveBallistic/]: Se forzo actualizacion de tweak: D:\2026WORK\MCPubgLauncherV2\.runtime\clean\tacz\immersive_ballistic\assets\tacztweaks\sounds\bullets\ricochet\rifle\01.ogg
[17:40:40] [Render thread/INFO] [co.ta.im.ImmersiveBallistic/]: Se forzo actualizacion de tweak: D:\2026WORK\MCPubgLauncherV2\.runtime\clean\tacz\immersive_ballistic\assets\tacztweaks\sounds\bullets\ricochet\pistol\03.ogg
[17:40:40] [Render thread/INFO] [co.ta.im.ImmersiveBallistic/]: Se forzo actualizacion de tweak: D:\2026WORK\MCPubgLauncherV2\.runtime\clean\tacz\immersive_ballistic\assets\tacztweaks\sounds\bullets\ricochet\pistol\02.ogg
[17:40:40] [Render thread/INFO] [co.ta.im.ImmersiveBallistic/]: Se forzo actualizacion de tweak: D:\2026WORK\MCPubgLauncherV2\.runtime\clean\tacz\immersive_ballistic\assets\tacztweaks\sounds\bullets\ricochet\pistol\01.ogg
[17:40:40] [Render thread/INFO] [co.ta.im.ImmersiveBallistic/]: Se forzo actualizacion de tweak: D:\2026WORK\MCPubgLauncherV2\.runtime\clean\tacz\immersive_ballistic\assets\tacztweaks\sounds\bullets\ricochet\50bmg\06.ogg
[17:40:40] [Render thread/INFO] [co.ta.im.ImmersiveBallistic/]: Se forzo actualizacion de tweak: D:\2026WORK\MCPubgLauncherV2\.runtime\clean\tacz\immersive_ballistic\assets\tacztweaks\sounds\bullets\ricochet\50bmg\05.ogg
[17:40:40] [Render thread/INFO] [co.ta.im.ImmersiveBallistic/]: Se forzo actualizacion de tweak: D:\2026WORK\MCPubgLauncherV2\.runtime\clean\tacz\immersive_ballistic\assets\tacztweaks\sounds\bullets\ricochet\50bmg\04.ogg
[17:40:40] [Render thread/INFO] [co.ta.im.ImmersiveBallistic/]: Se forzo actualizacion de tweak: D:\2026WORK\MCPubgLauncherV2\.runtime\clean\tacz\immersive_ballistic\assets\tacztweaks\sounds\bullets\ricochet\50bmg\03.ogg
[17:40:40] [Render thread/INFO] [co.ta.im.ImmersiveBallistic/]: Se forzo actualizacion de tweak: D:\2026WORK\MCPubgLauncherV2\.runtime\clean\tacz\immersive_ballistic\assets\tacztweaks\sounds\bullets\ricochet\50bmg\02.ogg
[17:40:40] [Render thread/INFO] [co.ta.im.ImmersiveBallistic/]: Se forzo actualizacion de tweak: D:\2026WORK\MCPubgLauncherV2\.runtime\clean\tacz\immersive_ballistic\assets\tacztweaks\sounds\bullets\ricochet\50bmg\01.ogg
[17:40:40] [Render thread/INFO] [co.ta.im.ImmersiveBallistic/]: Se forzo actualizacion de tweak: D:\2026WORK\MCPubgLauncherV2\.runtime\clean\tacz\immersive_ballistic\assets\tacztweaks\sounds\bullets\impact\sniper\08.ogg
[17:40:40] [Render thread/INFO] [co.ta.im.ImmersiveBallistic/]: Se forzo actualizacion de tweak: D:\2026WORK\MCPubgLauncherV2\.runtime\clean\tacz\immersive_ballistic\assets\tacztweaks\sounds\bullets\impact\sniper\07.ogg
[17:40:40] [Render thread/INFO] [co.ta.im.ImmersiveBallistic/]: Se forzo actualizacion de tweak: D:\2026WORK\MCPubgLauncherV2\.runtime\clean\tacz\immersive_ballistic\assets\tacztweaks\sounds\bullets\impact\sniper\06.ogg
[17:40:40] [Render thread/INFO] [co.ta.im.ImmersiveBallistic/]: Se forzo actualizacion de tweak: D:\2026WORK\MCPubgLauncherV2\.runtime\clean\tacz\immersive_ballistic\assets\tacztweaks\sounds\bullets\impact\sniper\05.ogg
[17:40:40] [Render thread/INFO] [co.ta.im.ImmersiveBallistic/]: Se forzo actualizacion de tweak: D:\2026WORK\MCPubgLauncherV2\.runtime\clean\tacz\immersive_ballistic\assets\tacztweaks\sounds\bullets\impact\sniper\04.ogg
[17:40:40] [Render thread/INFO] [co.ta.im.ImmersiveBallistic/]: Se forzo actualizacion de tweak: D:\2026WORK\MCPubgLauncherV2\.runtime\clean\tacz\immersive_ballistic\assets\tacztweaks\sounds\bullets\impact\sniper\02.ogg
[17:40:40] [Render thread/INFO] [co.ta.im.ImmersiveBallistic/]: Se forzo actualizacion de tweak: D:\2026WORK\MCPubgLauncherV2\.runtime\clean\tacz\immersive_ballistic\assets\tacztweaks\sounds\bullets\impact\sniper\01.ogg
[17:40:40] [Render thread/INFO] [co.ta.im.ImmersiveBallistic/]: Se forzo actualizacion de tweak: D:\2026WORK\MCPubgLauncherV2\.runtime\clean\tacz\immersive_ballistic\assets\tacztweaks\sounds\bullets\impact\rifle\04.ogg
[17:40:40] [Render thread/INFO] [co.ta.im.ImmersiveBallistic/]: Se forzo actualizacion de tweak: D:\2026WORK\MCPubgLauncherV2\.runtime\clean\tacz\immersive_ballistic\assets\tacztweaks\sounds\bullets\impact\rifle\03.ogg
[17:40:40] [Render thread/INFO] [co.ta.im.ImmersiveBallistic/]: Se forzo actualizacion de tweak: D:\2026WORK\MCPubgLauncherV2\.runtime\clean\tacz\immersive_ballistic\assets\tacztweaks\sounds\bullets\impact\rifle\02.ogg
[17:40:40] [Render thread/INFO] [co.ta.im.ImmersiveBallistic/]: Se forzo actualizacion de tweak: D:\2026WORK\MCPubgLauncherV2\.runtime\clean\tacz\immersive_ballistic\assets\tacztweaks\sounds\bullets\impact\rifle\01.ogg
[17:40:40] [Render thread/INFO] [co.ta.im.ImmersiveBallistic/]: Se forzo actualizacion de tweak: D:\2026WORK\MCPubgLauncherV2\.runtime\clean\tacz\immersive_ballistic\assets\tacztweaks\sounds\bullets\impact\50bmg\04.ogg
[17:40:40] [Render thread/INFO] [co.ta.im.ImmersiveBallistic/]: Se forzo actualizacion de tweak: D:\2026WORK\MCPubgLauncherV2\.runtime\clean\tacz\immersive_ballistic\assets\tacztweaks\sounds\bullets\impact\50bmg\03.ogg
[17:40:40] [Render thread/INFO] [co.ta.im.ImmersiveBallistic/]: Se forzo actualizacion de tweak: D:\2026WORK\MCPubgLauncherV2\.runtime\clean\tacz\immersive_ballistic\assets\tacztweaks\sounds\bullets\impact\50bmg\02.ogg
[17:40:40] [Render thread/INFO] [co.ta.im.ImmersiveBallistic/]: Se forzo actualizacion de tweak: D:\2026WORK\MCPubgLauncherV2\.runtime\clean\tacz\immersive_ballistic\assets\tacztweaks\sounds\bullets\impact\50bmg\01.ogg
[17:40:40] [Render thread/INFO] [co.ta.im.ImmersiveBallistic/]: Se forzo actualizacion de tweak: D:\2026WORK\MCPubgLauncherV2\.runtime\clean\tacz\immersive_ballistic\assets\tacztweaks\sounds\bullets\flyby\sniper\10.ogg
[17:40:40] [Render thread/INFO] [co.ta.im.ImmersiveBallistic/]: Se forzo actualizacion de tweak: D:\2026WORK\MCPubgLauncherV2\.runtime\clean\tacz\immersive_ballistic\assets\tacztweaks\sounds\bullets\flyby\sniper\09.ogg
[17:40:40] [Render thread/INFO] [co.ta.im.ImmersiveBallistic/]: Se forzo actualizacion de tweak: D:\2026WORK\MCPubgLauncherV2\.runtime\clean\tacz\immersive_ballistic\assets\tacztweaks\sounds\bullets\flyby\sniper\08.ogg
[17:40:40] [Render thread/INFO] [co.ta.im.ImmersiveBallistic/]: Se forzo actualizacion de tweak: D:\2026WORK\MCPubgLauncherV2\.runtime\clean\tacz\immersive_ballistic\assets\tacztweaks\sounds\bullets\flyby\sniper\07.ogg
[17:40:40] [Render thread/INFO] [co.ta.im.ImmersiveBallistic/]: Se forzo actualizacion de tweak: D:\2026WORK\MCPubgLauncherV2\.runtime\clean\tacz\immersive_ballistic\assets\tacztweaks\sounds\bullets\flyby\sniper\05.ogg
[17:40:40] [Render thread/INFO] [co.ta.im.ImmersiveBallistic/]: Se forzo actualizacion de tweak: D:\2026WORK\MCPubgLauncherV2\.runtime\clean\tacz\immersive_ballistic\assets\tacztweaks\sounds\bullets\flyby\sniper\04.ogg
[17:40:40] [Render thread/INFO] [co.ta.im.ImmersiveBallistic/]: Se forzo actualizacion de tweak: D:\2026WORK\MCPubgLauncherV2\.runtime\clean\tacz\immersive_ballistic\assets\tacztweaks\sounds\bullets\flyby\sniper\03.ogg
[17:40:40] [Render thread/INFO] [co.ta.im.ImmersiveBallistic/]: Se forzo actualizacion de tweak: D:\2026WORK\MCPubgLauncherV2\.runtime\clean\tacz\immersive_ballistic\assets\tacztweaks\sounds\bullets\flyby\sniper\02.ogg
[17:40:40] [Render thread/INFO] [co.ta.im.ImmersiveBallistic/]: Se forzo actualizacion de tweak: D:\2026WORK\MCPubgLauncherV2\.runtime\clean\tacz\immersive_ballistic\assets\tacztweaks\sounds\bullets\flyby\sniper\01.ogg
[17:40:40] [Render thread/INFO] [co.ta.im.ImmersiveBallistic/]: Se forzo actualizacion de tweak: D:\2026WORK\MCPubgLauncherV2\.runtime\clean\tacz\immersive_ballistic\assets\tacztweaks\sounds\bullets\flyby\rocket\06.ogg
[17:40:40] [Render thread/INFO] [co.ta.im.ImmersiveBallistic/]: Se forzo actualizacion de tweak: D:\2026WORK\MCPubgLauncherV2\.runtime\clean\tacz\immersive_ballistic\assets\tacztweaks\sounds\bullets\flyby\rocket\05.ogg
[17:40:40] [Render thread/INFO] [co.ta.im.ImmersiveBallistic/]: Se forzo actualizacion de tweak: D:\2026WORK\MCPubgLauncherV2\.runtime\clean\tacz\immersive_ballistic\assets\tacztweaks\sounds\bullets\flyby\rocket\04.ogg
[17:40:40] [Render thread/INFO] [co.ta.im.ImmersiveBallistic/]: Se forzo actualizacion de tweak: D:\2026WORK\MCPubgLauncherV2\.runtime\clean\tacz\immersive_ballistic\assets\tacztweaks\sounds\bullets\flyby\rocket\03.ogg
[17:40:40] [Render thread/INFO] [co.ta.im.ImmersiveBallistic/]: Se forzo actualizacion de tweak: D:\2026WORK\MCPubgLauncherV2\.runtime\clean\tacz\immersive_ballistic\assets\tacztweaks\sounds\bullets\flyby\rocket\02.ogg
[17:40:40] [Render thread/INFO] [co.ta.im.ImmersiveBallistic/]: Se forzo actualizacion de tweak: D:\2026WORK\MCPubgLauncherV2\.runtime\clean\tacz\immersive_ballistic\assets\tacztweaks\sounds\bullets\flyby\rocket\01.ogg
[17:40:40] [Render thread/INFO] [co.ta.im.ImmersiveBallistic/]: Se forzo actualizacion de tweak: D:\2026WORK\MCPubgLauncherV2\.runtime\clean\tacz\immersive_ballistic\assets\tacztweaks\sounds\bullets\flyby\rifle\13.ogg
[17:40:40] [Render thread/INFO] [co.ta.im.ImmersiveBallistic/]: Se forzo actualizacion de tweak: D:\2026WORK\MCPubgLauncherV2\.runtime\clean\tacz\immersive_ballistic\assets\tacztweaks\sounds\bullets\flyby\rifle\12.ogg
[17:40:40] [Render thread/INFO] [co.ta.im.ImmersiveBallistic/]: Se forzo actualizacion de tweak: D:\2026WORK\MCPubgLauncherV2\.runtime\clean\tacz\immersive_ballistic\assets\tacztweaks\sounds\bullets\flyby\rifle\11.ogg
[17:40:40] [Render thread/INFO] [co.ta.im.ImmersiveBallistic/]: Se forzo actualizacion de tweak: D:\2026WORK\MCPubgLauncherV2\.runtime\clean\tacz\immersive_ballistic\assets\tacztweaks\sounds\bullets\flyby\rifle\10.ogg
[17:40:40] [Render thread/INFO] [co.ta.im.ImmersiveBallistic/]: Se forzo actualizacion de tweak: D:\2026WORK\MCPubgLauncherV2\.runtime\clean\tacz\immersive_ballistic\assets\tacztweaks\sounds\bullets\flyby\rifle\09.ogg
[17:40:40] [Render thread/INFO] [co.ta.im.ImmersiveBallistic/]: Se forzo actualizacion de tweak: D:\2026WORK\MCPubgLauncherV2\.runtime\clean\tacz\immersive_ballistic\assets\tacztweaks\sounds\bullets\flyby\rifle\08.ogg
[17:40:40] [Render thread/INFO] [co.ta.im.ImmersiveBallistic/]: Se forzo actualizacion de tweak: D:\2026WORK\MCPubgLauncherV2\.runtime\clean\tacz\immersive_ballistic\assets\tacztweaks\sounds\bullets\flyby\rifle\07.ogg
[17:40:40] [Render thread/INFO] [co.ta.im.ImmersiveBallistic/]: Se forzo actualizacion de tweak: D:\2026WORK\MCPubgLauncherV2\.runtime\clean\tacz\immersive_ballistic\assets\tacztweaks\sounds\bullets\flyby\rifle\06.ogg
[17:40:40] [Render thread/INFO] [co.ta.im.ImmersiveBallistic/]: Se forzo actualizacion de tweak: D:\2026WORK\MCPubgLauncherV2\.runtime\clean\tacz\immersive_ballistic\assets\tacztweaks\sounds\bullets\flyby\rifle\05.ogg
[17:40:40] [Render thread/INFO] [co.ta.im.ImmersiveBallistic/]: Se forzo actualizacion de tweak: D:\2026WORK\MCPubgLauncherV2\.runtime\clean\tacz\immersive_ballistic\assets\tacztweaks\sounds\bullets\flyby\rifle\04.ogg
[17:40:40] [Render thread/INFO] [co.ta.im.ImmersiveBallistic/]: Se forzo actualizacion de tweak: D:\2026WORK\MCPubgLauncherV2\.runtime\clean\tacz\immersive_ballistic\assets\tacztweaks\sounds\bullets\flyby\rifle\03.ogg
[17:40:40] [Render thread/INFO] [co.ta.im.ImmersiveBallistic/]: Se forzo actualizacion de tweak: D:\2026WORK\MCPubgLauncherV2\.runtime\clean\tacz\immersive_ballistic\assets\tacztweaks\sounds\bullets\flyby\rifle\02.ogg
[17:40:40] [Render thread/INFO] [co.ta.im.ImmersiveBallistic/]: Se forzo actualizacion de tweak: D:\2026WORK\MCPubgLauncherV2\.runtime\clean\tacz\immersive_ballistic\assets\tacztweaks\sounds\bullets\flyby\rifle\01.ogg
[17:40:40] [Render thread/INFO] [co.ta.im.ImmersiveBallistic/]: Se forzo actualizacion de tweak: D:\2026WORK\MCPubgLauncherV2\.runtime\clean\tacz\immersive_ballistic\assets\tacztweaks\sounds\bullets\flyby\pistol\10.ogg
[17:40:40] [Render thread/INFO] [co.ta.im.ImmersiveBallistic/]: Se forzo actualizacion de tweak: D:\2026WORK\MCPubgLauncherV2\.runtime\clean\tacz\immersive_ballistic\assets\tacztweaks\sounds\bullets\flyby\pistol\09.ogg
[17:40:40] [Render thread/INFO] [co.ta.im.ImmersiveBallistic/]: Se forzo actualizacion de tweak: D:\2026WORK\MCPubgLauncherV2\.runtime\clean\tacz\immersive_ballistic\assets\tacztweaks\sounds\bullets\flyby\pistol\08.ogg
[17:40:40] [Render thread/INFO] [co.ta.im.ImmersiveBallistic/]: Se forzo actualizacion de tweak: D:\2026WORK\MCPubgLauncherV2\.runtime\clean\tacz\immersive_ballistic\assets\tacztweaks\sounds\bullets\flyby\pistol\07.ogg
[17:40:40] [Render thread/INFO] [co.ta.im.ImmersiveBallistic/]: Se forzo actualizacion de tweak: D:\2026WORK\MCPubgLauncherV2\.runtime\clean\tacz\immersive_ballistic\assets\tacztweaks\sounds\bullets\flyby\pistol\06.ogg
[17:40:40] [Render thread/INFO] [co.ta.im.ImmersiveBallistic/]: Se forzo actualizacion de tweak: D:\2026WORK\MCPubgLauncherV2\.runtime\clean\tacz\immersive_ballistic\assets\tacztweaks\sounds\bullets\flyby\pistol\05.ogg
[17:40:40] [Render thread/INFO] [co.ta.im.ImmersiveBallistic/]: Se forzo actualizacion de tweak: D:\2026WORK\MCPubgLauncherV2\.runtime\clean\tacz\immersive_ballistic\assets\tacztweaks\sounds\bullets\flyby\pistol\04.ogg
[17:40:40] [Render thread/INFO] [co.ta.im.ImmersiveBallistic/]: Se forzo actualizacion de tweak: D:\2026WORK\MCPubgLauncherV2\.runtime\clean\tacz\immersive_ballistic\assets\tacztweaks\sounds\bullets\flyby\pistol\03.ogg
[17:40:40] [Render thread/INFO] [co.ta.im.ImmersiveBallistic/]: Se forzo actualizacion de tweak: D:\2026WORK\MCPubgLauncherV2\.runtime\clean\tacz\immersive_ballistic\assets\tacztweaks\sounds\bullets\flyby\pistol\02.ogg
[17:40:40] [Render thread/INFO] [co.ta.im.ImmersiveBallistic/]: Se forzo actualizacion de tweak: D:\2026WORK\MCPubgLauncherV2\.runtime\clean\tacz\immersive_ballistic\assets\tacztweaks\sounds\bullets\flyby\pistol\01.ogg
[17:40:40] [Render thread/INFO] [co.ta.im.ImmersiveBallistic/]: Se forzo actualizacion de tweak: D:\2026WORK\MCPubgLauncherV2\.runtime\clean\tacz\immersive_ballistic\assets\tacztweaks\sounds\bullets\flyby\50bmg\10.ogg
[17:40:40] [Render thread/INFO] [co.ta.im.ImmersiveBallistic/]: Se forzo actualizacion de tweak: D:\2026WORK\MCPubgLauncherV2\.runtime\clean\tacz\immersive_ballistic\assets\tacztweaks\sounds\bullets\flyby\50bmg\09.ogg
[17:40:40] [Render thread/INFO] [co.ta.im.ImmersiveBallistic/]: Se forzo actualizacion de tweak: D:\2026WORK\MCPubgLauncherV2\.runtime\clean\tacz\immersive_ballistic\assets\tacztweaks\sounds\bullets\flyby\50bmg\08.ogg
[17:40:40] [Render thread/INFO] [co.ta.im.ImmersiveBallistic/]: Se forzo actualizacion de tweak: D:\2026WORK\MCPubgLauncherV2\.runtime\clean\tacz\immersive_ballistic\assets\tacztweaks\sounds\bullets\flyby\50bmg\07.ogg
[17:40:41] [Render thread/INFO] [co.ta.im.ImmersiveBallistic/]: Se forzo actualizacion de tweak: D:\2026WORK\MCPubgLauncherV2\.runtime\clean\tacz\immersive_ballistic\assets\tacztweaks\sounds\bullets\flyby\50bmg\06.ogg
[17:40:41] [Render thread/INFO] [co.ta.im.ImmersiveBallistic/]: Se forzo actualizacion de tweak: D:\2026WORK\MCPubgLauncherV2\.runtime\clean\tacz\immersive_ballistic\assets\tacztweaks\sounds\bullets\flyby\50bmg\05.ogg
[17:40:41] [Render thread/INFO] [co.ta.im.ImmersiveBallistic/]: Se forzo actualizacion de tweak: D:\2026WORK\MCPubgLauncherV2\.runtime\clean\tacz\immersive_ballistic\assets\tacztweaks\sounds\bullets\flyby\50bmg\04.ogg
[17:40:41] [Render thread/INFO] [co.ta.im.ImmersiveBallistic/]: Se forzo actualizacion de tweak: D:\2026WORK\MCPubgLauncherV2\.runtime\clean\tacz\immersive_ballistic\assets\tacztweaks\sounds\bullets\flyby\50bmg\03.ogg
[17:40:41] [Render thread/INFO] [co.ta.im.ImmersiveBallistic/]: Se forzo actualizacion de tweak: D:\2026WORK\MCPubgLauncherV2\.runtime\clean\tacz\immersive_ballistic\assets\tacztweaks\sounds\bullets\flyby\50bmg\02.ogg
[17:40:41] [Render thread/INFO] [co.ta.im.ImmersiveBallistic/]: Se forzo actualizacion de tweak: D:\2026WORK\MCPubgLauncherV2\.runtime\clean\tacz\immersive_ballistic\assets\tacztweaks\sounds\bullets\flyby\50bmg\01.ogg
[17:40:41] [Render thread/INFO] [co.ta.im.ImmersiveBallistic/]: Se forzo actualizacion de tweak: D:\2026WORK\MCPubgLauncherV2\.runtime\clean\tacz\immersive_ballistic\assets\tacztweaks\sounds\blocks\wood_log\hit04.ogg
[17:40:41] [Render thread/INFO] [co.ta.im.ImmersiveBallistic/]: Se forzo actualizacion de tweak: D:\2026WORK\MCPubgLauncherV2\.runtime\clean\tacz\immersive_ballistic\assets\tacztweaks\sounds\blocks\wood_log\hit03.ogg
[17:40:41] [Render thread/INFO] [co.ta.im.ImmersiveBallistic/]: Se forzo actualizacion de tweak: D:\2026WORK\MCPubgLauncherV2\.runtime\clean\tacz\immersive_ballistic\assets\tacztweaks\sounds\blocks\wood_log\hit02.ogg
[17:40:41] [Render thread/INFO] [co.ta.im.ImmersiveBallistic/]: Se forzo actualizacion de tweak: D:\2026WORK\MCPubgLauncherV2\.runtime\clean\tacz\immersive_ballistic\assets\tacztweaks\sounds\blocks\wood_log\hit01.ogg
[17:40:41] [Render thread/INFO] [co.ta.im.ImmersiveBallistic/]: Se forzo actualizacion de tweak: D:\2026WORK\MCPubgLauncherV2\.runtime\clean\tacz\immersive_ballistic\assets\tacztweaks\sounds\blocks\wood_log\debris07.ogg
[17:40:41] [Render thread/INFO] [co.ta.im.ImmersiveBallistic/]: Se forzo actualizacion de tweak: D:\2026WORK\MCPubgLauncherV2\.runtime\clean\tacz\immersive_ballistic\assets\tacztweaks\sounds\blocks\wood_log\debris06.ogg
[17:40:41] [Render thread/INFO] [co.ta.im.ImmersiveBallistic/]: Se forzo actualizacion de tweak: D:\2026WORK\MCPubgLauncherV2\.runtime\clean\tacz\immersive_ballistic\assets\tacztweaks\sounds\blocks\wood_log\debris05.ogg
[17:40:41] [Render thread/INFO] [co.ta.im.ImmersiveBallistic/]: Se forzo actualizacion de tweak: D:\2026WORK\MCPubgLauncherV2\.runtime\clean\tacz\immersive_ballistic\assets\tacztweaks\sounds\blocks\wood_log\debris04.ogg
[17:40:41] [Render thread/INFO] [co.ta.im.ImmersiveBallistic/]: Se forzo actualizacion de tweak: D:\2026WORK\MCPubgLauncherV2\.runtime\clean\tacz\immersive_ballistic\assets\tacztweaks\sounds\blocks\wood_log\debris03.ogg
[17:40:41] [Render thread/INFO] [co.ta.im.ImmersiveBallistic/]: Se forzo actualizacion de tweak: D:\2026WORK\MCPubgLauncherV2\.runtime\clean\tacz\immersive_ballistic\assets\tacztweaks\sounds\blocks\wood_log\debris02.ogg
[17:40:41] [Render thread/INFO] [co.ta.im.ImmersiveBallistic/]: Se forzo actualizacion de tweak: D:\2026WORK\MCPubgLauncherV2\.runtime\clean\tacz\immersive_ballistic\assets\tacztweaks\sounds\blocks\wood_log\debris01.ogg
[17:40:41] [Render thread/INFO] [co.ta.im.ImmersiveBallistic/]: Se forzo actualizacion de tweak: D:\2026WORK\MCPubgLauncherV2\.runtime\clean\tacz\immersive_ballistic\assets\tacztweaks\sounds\blocks\wood\hit09.ogg
[17:40:41] [Render thread/INFO] [co.ta.im.ImmersiveBallistic/]: Se forzo actualizacion de tweak: D:\2026WORK\MCPubgLauncherV2\.runtime\clean\tacz\immersive_ballistic\assets\tacztweaks\sounds\blocks\wood\hit08.ogg
[17:40:41] [Render thread/INFO] [co.ta.im.ImmersiveBallistic/]: Se forzo actualizacion de tweak: D:\2026WORK\MCPubgLauncherV2\.runtime\clean\tacz\immersive_ballistic\assets\tacztweaks\sounds\blocks\wood\hit07.ogg
[17:40:41] [Render thread/INFO] [co.ta.im.ImmersiveBallistic/]: Se forzo actualizacion de tweak: D:\2026WORK\MCPubgLauncherV2\.runtime\clean\tacz\immersive_ballistic\assets\tacztweaks\sounds\blocks\wood\hit06.ogg
[17:40:41] [Render thread/INFO] [co.ta.im.ImmersiveBallistic/]: Se forzo actualizacion de tweak: D:\2026WORK\MCPubgLauncherV2\.runtime\clean\tacz\immersive_ballistic\assets\tacztweaks\sounds\blocks\wood\hit05.ogg
[17:40:41] [Render thread/INFO] [co.ta.im.ImmersiveBallistic/]: Se forzo actualizacion de tweak: D:\2026WORK\MCPubgLauncherV2\.runtime\clean\tacz\immersive_ballistic\assets\tacztweaks\sounds\blocks\wood\hit04.ogg
[17:40:41] [Render thread/INFO] [co.ta.im.ImmersiveBallistic/]: Se forzo actualizacion de tweak: D:\2026WORK\MCPubgLauncherV2\.runtime\clean\tacz\immersive_ballistic\assets\tacztweaks\sounds\blocks\wood\hit03.ogg
[17:40:41] [Render thread/INFO] [co.ta.im.ImmersiveBallistic/]: Se forzo actualizacion de tweak: D:\2026WORK\MCPubgLauncherV2\.runtime\clean\tacz\immersive_ballistic\assets\tacztweaks\sounds\blocks\wood\hit02.ogg
[17:40:41] [Render thread/INFO] [co.ta.im.ImmersiveBallistic/]: Se forzo actualizacion de tweak: D:\2026WORK\MCPubgLauncherV2\.runtime\clean\tacz\immersive_ballistic\assets\tacztweaks\sounds\blocks\wood\hit01.ogg
[17:40:41] [Render thread/INFO] [co.ta.im.ImmersiveBallistic/]: Se forzo actualizacion de tweak: D:\2026WORK\MCPubgLauncherV2\.runtime\clean\tacz\immersive_ballistic\assets\tacztweaks\sounds\blocks\wood\debris07.ogg
[17:40:41] [Render thread/INFO] [co.ta.im.ImmersiveBallistic/]: Se forzo actualizacion de tweak: D:\2026WORK\MCPubgLauncherV2\.runtime\clean\tacz\immersive_ballistic\assets\tacztweaks\sounds\blocks\wood\debris06.ogg
[17:40:41] [Render thread/INFO] [co.ta.im.ImmersiveBallistic/]: Se forzo actualizacion de tweak: D:\2026WORK\MCPubgLauncherV2\.runtime\clean\tacz\immersive_ballistic\assets\tacztweaks\sounds\blocks\wood\debris05.ogg
[17:40:41] [Render thread/INFO] [co.ta.im.ImmersiveBallistic/]: Se forzo actualizacion de tweak: D:\2026WORK\MCPubgLauncherV2\.runtime\clean\tacz\immersive_ballistic\assets\tacztweaks\sounds\blocks\wood\debris04.ogg
[17:40:41] [Render thread/INFO] [co.ta.im.ImmersiveBallistic/]: Se forzo actualizacion de tweak: D:\2026WORK\MCPubgLauncherV2\.runtime\clean\tacz\immersive_ballistic\assets\tacztweaks\sounds\blocks\wood\debris03.ogg
[17:40:41] [Render thread/INFO] [co.ta.im.ImmersiveBallistic/]: Se forzo actualizacion de tweak: D:\2026WORK\MCPubgLauncherV2\.runtime\clean\tacz\immersive_ballistic\assets\tacztweaks\sounds\blocks\wood\debris02.ogg
[17:40:41] [Render thread/INFO] [co.ta.im.ImmersiveBallistic/]: Se forzo actualizacion de tweak: D:\2026WORK\MCPubgLauncherV2\.runtime\clean\tacz\immersive_ballistic\assets\tacztweaks\sounds\blocks\wood\debris01.ogg
[17:40:41] [Render thread/INFO] [co.ta.im.ImmersiveBallistic/]: Se forzo actualizacion de tweak: D:\2026WORK\MCPubgLauncherV2\.runtime\clean\tacz\immersive_ballistic\assets\tacztweaks\sounds\blocks\wood\break09.ogg
[17:40:41] [Render thread/INFO] [co.ta.im.ImmersiveBallistic/]: Se forzo actualizacion de tweak: D:\2026WORK\MCPubgLauncherV2\.runtime\clean\tacz\immersive_ballistic\assets\tacztweaks\sounds\blocks\wood\break08.ogg
[17:40:41] [Render thread/INFO] [co.ta.im.ImmersiveBallistic/]: Se forzo actualizacion de tweak: D:\2026WORK\MCPubgLauncherV2\.runtime\clean\tacz\immersive_ballistic\assets\tacztweaks\sounds\blocks\wood\break07.ogg
[17:40:41] [Render thread/INFO] [co.ta.im.ImmersiveBallistic/]: Se forzo actualizacion de tweak: D:\2026WORK\MCPubgLauncherV2\.runtime\clean\tacz\immersive_ballistic\assets\tacztweaks\sounds\blocks\wood\break06.ogg
[17:40:41] [Render thread/INFO] [co.ta.im.ImmersiveBallistic/]: Se forzo actualizacion de tweak: D:\2026WORK\MCPubgLauncherV2\.runtime\clean\tacz\immersive_ballistic\assets\tacztweaks\sounds\blocks\wood\break05.ogg
[17:40:41] [Render thread/INFO] [co.ta.im.ImmersiveBallistic/]: Se forzo actualizacion de tweak: D:\2026WORK\MCPubgLauncherV2\.runtime\clean\tacz\immersive_ballistic\assets\tacztweaks\sounds\blocks\wood\break04.ogg
[17:40:41] [Render thread/INFO] [co.ta.im.ImmersiveBallistic/]: Se forzo actualizacion de tweak: D:\2026WORK\MCPubgLauncherV2\.runtime\clean\tacz\immersive_ballistic\assets\tacztweaks\sounds\blocks\wood\break03.ogg
[17:40:41] [Render thread/INFO] [co.ta.im.ImmersiveBallistic/]: Se forzo actualizacion de tweak: D:\2026WORK\MCPubgLauncherV2\.runtime\clean\tacz\immersive_ballistic\assets\tacztweaks\sounds\blocks\wood\break02.ogg
[17:40:41] [Render thread/INFO] [co.ta.im.ImmersiveBallistic/]: Se forzo actualizacion de tweak: D:\2026WORK\MCPubgLauncherV2\.runtime\clean\tacz\immersive_ballistic\assets\tacztweaks\sounds\blocks\wood\break01.ogg
[17:40:41] [Render thread/INFO] [co.ta.im.ImmersiveBallistic/]: Se forzo actualizacion de tweak: D:\2026WORK\MCPubgLauncherV2\.runtime\clean\tacz\immersive_ballistic\assets\tacztweaks\sounds\blocks\stone\hit11.ogg
[17:40:41] [Render thread/INFO] [co.ta.im.ImmersiveBallistic/]: Se forzo actualizacion de tweak: D:\2026WORK\MCPubgLauncherV2\.runtime\clean\tacz\immersive_ballistic\assets\tacztweaks\sounds\blocks\stone\hit10.ogg
[17:40:41] [Render thread/INFO] [co.ta.im.ImmersiveBallistic/]: Se forzo actualizacion de tweak: D:\2026WORK\MCPubgLauncherV2\.runtime\clean\tacz\immersive_ballistic\assets\tacztweaks\sounds\blocks\stone\hit09.ogg
[17:40:41] [Render thread/INFO] [co.ta.im.ImmersiveBallistic/]: Se forzo actualizacion de tweak: D:\2026WORK\MCPubgLauncherV2\.runtime\clean\tacz\immersive_ballistic\assets\tacztweaks\sounds\blocks\stone\hit08.ogg
[17:40:41] [Render thread/INFO] [co.ta.im.ImmersiveBallistic/]: Se forzo actualizacion de tweak: D:\2026WORK\MCPubgLauncherV2\.runtime\clean\tacz\immersive_ballistic\assets\tacztweaks\sounds\blocks\stone\hit07.ogg
[17:40:41] [Render thread/INFO] [co.ta.im.ImmersiveBallistic/]: Se forzo actualizacion de tweak: D:\2026WORK\MCPubgLauncherV2\.runtime\clean\tacz\immersive_ballistic\assets\tacztweaks\sounds\blocks\stone\hit06.ogg
[17:40:41] [Render thread/INFO] [co.ta.im.ImmersiveBallistic/]: Se forzo actualizacion de tweak: D:\2026WORK\MCPubgLauncherV2\.runtime\clean\tacz\immersive_ballistic\assets\tacztweaks\sounds\blocks\stone\hit05.ogg
[17:40:41] [Render thread/INFO] [co.ta.im.ImmersiveBallistic/]: Se forzo actualizacion de tweak: D:\2026WORK\MCPubgLauncherV2\.runtime\clean\tacz\immersive_ballistic\assets\tacztweaks\sounds\blocks\stone\hit04.ogg
[17:40:41] [Render thread/INFO] [co.ta.im.ImmersiveBallistic/]: Se forzo actualizacion de tweak: D:\2026WORK\MCPubgLauncherV2\.runtime\clean\tacz\immersive_ballistic\assets\tacztweaks\sounds\blocks\stone\hit03.ogg
[17:40:41] [Render thread/INFO] [co.ta.im.ImmersiveBallistic/]: Se forzo actualizacion de tweak: D:\2026WORK\MCPubgLauncherV2\.runtime\clean\tacz\immersive_ballistic\assets\tacztweaks\sounds\blocks\stone\hit02.ogg
[17:40:41] [Render thread/INFO] [co.ta.im.ImmersiveBallistic/]: Se forzo actualizacion de tweak: D:\2026WORK\MCPubgLauncherV2\.runtime\clean\tacz\immersive_ballistic\assets\tacztweaks\sounds\blocks\stone\hit01.ogg
[17:40:41] [Render thread/INFO] [co.ta.im.ImmersiveBallistic/]: Se forzo actualizacion de tweak: D:\2026WORK\MCPubgLauncherV2\.runtime\clean\tacz\immersive_ballistic\assets\tacztweaks\sounds\blocks\stone\break05.ogg
[17:40:41] [Render thread/INFO] [co.ta.im.ImmersiveBallistic/]: Se forzo actualizacion de tweak: D:\2026WORK\MCPubgLauncherV2\.runtime\clean\tacz\immersive_ballistic\assets\tacztweaks\sounds\blocks\stone\break04.ogg
[17:40:41] [Render thread/INFO] [co.ta.im.ImmersiveBallistic/]: Se forzo actualizacion de tweak: D:\2026WORK\MCPubgLauncherV2\.runtime\clean\tacz\immersive_ballistic\assets\tacztweaks\sounds\blocks\stone\break03.ogg
[17:40:41] [Render thread/INFO] [co.ta.im.ImmersiveBallistic/]: Se forzo actualizacion de tweak: D:\2026WORK\MCPubgLauncherV2\.runtime\clean\tacz\immersive_ballistic\assets\tacztweaks\sounds\blocks\stone\break02.ogg
[17:40:41] [Render thread/INFO] [co.ta.im.ImmersiveBallistic/]: Se forzo actualizacion de tweak: D:\2026WORK\MCPubgLauncherV2\.runtime\clean\tacz\immersive_ballistic\assets\tacztweaks\sounds\blocks\stone\break01.ogg
[17:40:41] [Render thread/INFO] [co.ta.im.ImmersiveBallistic/]: Se forzo actualizacion de tweak: D:\2026WORK\MCPubgLauncherV2\.runtime\clean\tacz\immersive_ballistic\assets\tacztweaks\sounds\blocks\snow\hit08.ogg
[17:40:41] [Render thread/INFO] [co.ta.im.ImmersiveBallistic/]: Se forzo actualizacion de tweak: D:\2026WORK\MCPubgLauncherV2\.runtime\clean\tacz\immersive_ballistic\assets\tacztweaks\sounds\blocks\snow\hit07.ogg
[17:40:41] [Render thread/INFO] [co.ta.im.ImmersiveBallistic/]: Se forzo actualizacion de tweak: D:\2026WORK\MCPubgLauncherV2\.runtime\clean\tacz\immersive_ballistic\assets\tacztweaks\sounds\blocks\snow\hit06.ogg
[17:40:41] [Render thread/INFO] [co.ta.im.ImmersiveBallistic/]: Se forzo actualizacion de tweak: D:\2026WORK\MCPubgLauncherV2\.runtime\clean\tacz\immersive_ballistic\assets\tacztweaks\sounds\blocks\snow\hit05.ogg
[17:40:41] [Render thread/INFO] [co.ta.im.ImmersiveBallistic/]: Se forzo actualizacion de tweak: D:\2026WORK\MCPubgLauncherV2\.runtime\clean\tacz\immersive_ballistic\assets\tacztweaks\sounds\blocks\snow\hit04.ogg
[17:40:41] [Render thread/INFO] [co.ta.im.ImmersiveBallistic/]: Se forzo actualizacion de tweak: D:\2026WORK\MCPubgLauncherV2\.runtime\clean\tacz\immersive_ballistic\assets\tacztweaks\sounds\blocks\snow\hit03.ogg
[17:40:41] [Render thread/INFO] [co.ta.im.ImmersiveBallistic/]: Se forzo actualizacion de tweak: D:\2026WORK\MCPubgLauncherV2\.runtime\clean\tacz\immersive_ballistic\assets\tacztweaks\sounds\blocks\snow\hit02.ogg
[17:40:41] [Render thread/INFO] [co.ta.im.ImmersiveBallistic/]: Se forzo actualizacion de tweak: D:\2026WORK\MCPubgLauncherV2\.runtime\clean\tacz\immersive_ballistic\assets\tacztweaks\sounds\blocks\snow\hit01.ogg
[17:40:41] [Render thread/INFO] [co.ta.im.ImmersiveBallistic/]: Se forzo actualizacion de tweak: D:\2026WORK\MCPubgLauncherV2\.runtime\clean\tacz\immersive_ballistic\assets\tacztweaks\sounds\blocks\sand\hit10.ogg
[17:40:41] [Render thread/INFO] [co.ta.im.ImmersiveBallistic/]: Se forzo actualizacion de tweak: D:\2026WORK\MCPubgLauncherV2\.runtime\clean\tacz\immersive_ballistic\assets\tacztweaks\sounds\blocks\sand\hit09.ogg
[17:40:41] [Render thread/INFO] [co.ta.im.ImmersiveBallistic/]: Se forzo actualizacion de tweak: D:\2026WORK\MCPubgLauncherV2\.runtime\clean\tacz\immersive_ballistic\assets\tacztweaks\sounds\blocks\sand\hit08.ogg
[17:40:41] [Render thread/INFO] [co.ta.im.ImmersiveBallistic/]: Se forzo actualizacion de tweak: D:\2026WORK\MCPubgLauncherV2\.runtime\clean\tacz\immersive_ballistic\assets\tacztweaks\sounds\blocks\sand\hit07.ogg
[17:40:41] [Render thread/INFO] [co.ta.im.ImmersiveBallistic/]: Se forzo actualizacion de tweak: D:\2026WORK\MCPubgLauncherV2\.runtime\clean\tacz\immersive_ballistic\assets\tacztweaks\sounds\blocks\sand\hit06.ogg
[17:40:41] [Render thread/INFO] [co.ta.im.ImmersiveBallistic/]: Se forzo actualizacion de tweak: D:\2026WORK\MCPubgLauncherV2\.runtime\clean\tacz\immersive_ballistic\assets\tacztweaks\sounds\blocks\sand\hit05.ogg
[17:40:41] [Render thread/INFO] [co.ta.im.ImmersiveBallistic/]: Se forzo actualizacion de tweak: D:\2026WORK\MCPubgLauncherV2\.runtime\clean\tacz\immersive_ballistic\assets\tacztweaks\sounds\blocks\sand\hit04.ogg
[17:40:41] [Render thread/INFO] [co.ta.im.ImmersiveBallistic/]: Se forzo actualizacion de tweak: D:\2026WORK\MCPubgLauncherV2\.runtime\clean\tacz\immersive_ballistic\assets\tacztweaks\sounds\blocks\sand\hit03.ogg
[17:40:41] [Render thread/INFO] [co.ta.im.ImmersiveBallistic/]: Se forzo actualizacion de tweak: D:\2026WORK\MCPubgLauncherV2\.runtime\clean\tacz\immersive_ballistic\assets\tacztweaks\sounds\blocks\sand\hit02.ogg
[17:40:41] [Render thread/INFO] [co.ta.im.ImmersiveBallistic/]: Se forzo actualizacion de tweak: D:\2026WORK\MCPubgLauncherV2\.runtime\clean\tacz\immersive_ballistic\assets\tacztweaks\sounds\blocks\sand\hit01.ogg
[17:40:41] [Render thread/INFO] [co.ta.im.ImmersiveBallistic/]: Se forzo actualizacion de tweak: D:\2026WORK\MCPubgLauncherV2\.runtime\clean\tacz\immersive_ballistic\assets\tacztweaks\sounds\blocks\sand\break05.ogg
[17:40:41] [Render thread/INFO] [co.ta.im.ImmersiveBallistic/]: Se forzo actualizacion de tweak: D:\2026WORK\MCPubgLauncherV2\.runtime\clean\tacz\immersive_ballistic\assets\tacztweaks\sounds\blocks\sand\break04.ogg
[17:40:41] [Render thread/INFO] [co.ta.im.ImmersiveBallistic/]: Se forzo actualizacion de tweak: D:\2026WORK\MCPubgLauncherV2\.runtime\clean\tacz\immersive_ballistic\assets\tacztweaks\sounds\blocks\sand\break03.ogg
[17:40:41] [Render thread/INFO] [co.ta.im.ImmersiveBallistic/]: Se forzo actualizacion de tweak: D:\2026WORK\MCPubgLauncherV2\.runtime\clean\tacz\immersive_ballistic\assets\tacztweaks\sounds\blocks\sand\break02.ogg
[17:40:41] [Render thread/INFO] [co.ta.im.ImmersiveBallistic/]: Se forzo actualizacion de tweak: D:\2026WORK\MCPubgLauncherV2\.runtime\clean\tacz\immersive_ballistic\assets\tacztweaks\sounds\blocks\sand\break01.ogg
[17:40:41] [Render thread/INFO] [co.ta.im.ImmersiveBallistic/]: Se forzo actualizacion de tweak: D:\2026WORK\MCPubgLauncherV2\.runtime\clean\tacz\immersive_ballistic\assets\tacztweaks\sounds\blocks\mud\impact04.ogg
[17:40:41] [Render thread/INFO] [co.ta.im.ImmersiveBallistic/]: Se forzo actualizacion de tweak: D:\2026WORK\MCPubgLauncherV2\.runtime\clean\tacz\immersive_ballistic\assets\tacztweaks\sounds\blocks\mud\impact03.ogg
[17:40:41] [Render thread/INFO] [co.ta.im.ImmersiveBallistic/]: Se forzo actualizacion de tweak: D:\2026WORK\MCPubgLauncherV2\.runtime\clean\tacz\immersive_ballistic\assets\tacztweaks\sounds\blocks\mud\impact02.ogg
[17:40:41] [Render thread/INFO] [co.ta.im.ImmersiveBallistic/]: Se forzo actualizacion de tweak: D:\2026WORK\MCPubgLauncherV2\.runtime\clean\tacz\immersive_ballistic\assets\tacztweaks\sounds\blocks\mud\impact01.ogg
[17:40:41] [Render thread/INFO] [co.ta.im.ImmersiveBallistic/]: Se forzo actualizacion de tweak: D:\2026WORK\MCPubgLauncherV2\.runtime\clean\tacz\immersive_ballistic\assets\tacztweaks\sounds\blocks\metal_thick\hit07.ogg
[17:40:41] [Render thread/INFO] [co.ta.im.ImmersiveBallistic/]: Se forzo actualizacion de tweak: D:\2026WORK\MCPubgLauncherV2\.runtime\clean\tacz\immersive_ballistic\assets\tacztweaks\sounds\blocks\metal_thick\hit06.ogg
[17:40:41] [Render thread/INFO] [co.ta.im.ImmersiveBallistic/]: Se forzo actualizacion de tweak: D:\2026WORK\MCPubgLauncherV2\.runtime\clean\tacz\immersive_ballistic\assets\tacztweaks\sounds\blocks\metal_thick\hit05.ogg
[17:40:41] [Render thread/INFO] [co.ta.im.ImmersiveBallistic/]: Se forzo actualizacion de tweak: D:\2026WORK\MCPubgLauncherV2\.runtime\clean\tacz\immersive_ballistic\assets\tacztweaks\sounds\blocks\metal_thick\hit04.ogg
[17:40:41] [Render thread/INFO] [co.ta.im.ImmersiveBallistic/]: Se forzo actualizacion de tweak: D:\2026WORK\MCPubgLauncherV2\.runtime\clean\tacz\immersive_ballistic\assets\tacztweaks\sounds\blocks\metal_thick\hit03.ogg
[17:40:41] [Render thread/INFO] [co.ta.im.ImmersiveBallistic/]: Se forzo actualizacion de tweak: D:\2026WORK\MCPubgLauncherV2\.runtime\clean\tacz\immersive_ballistic\assets\tacztweaks\sounds\blocks\metal_thick\hit02.ogg
[17:40:41] [Render thread/INFO] [co.ta.im.ImmersiveBallistic/]: Se forzo actualizacion de tweak: D:\2026WORK\MCPubgLauncherV2\.runtime\clean\tacz\immersive_ballistic\assets\tacztweaks\sounds\blocks\metal_thick\hit01.ogg
[17:40:41] [Render thread/INFO] [co.ta.im.ImmersiveBallistic/]: Se forzo actualizacion de tweak: D:\2026WORK\MCPubgLauncherV2\.runtime\clean\tacz\immersive_ballistic\assets\tacztweaks\sounds\blocks\metal\superhit06.ogg
[17:40:41] [Render thread/INFO] [co.ta.im.ImmersiveBallistic/]: Se forzo actualizacion de tweak: D:\2026WORK\MCPubgLauncherV2\.runtime\clean\tacz\immersive_ballistic\assets\tacztweaks\sounds\blocks\metal\superhit05.ogg
[17:40:41] [Render thread/INFO] [co.ta.im.ImmersiveBallistic/]: Se forzo actualizacion de tweak: D:\2026WORK\MCPubgLauncherV2\.runtime\clean\tacz\immersive_ballistic\assets\tacztweaks\sounds\blocks\metal\superhit04.ogg
[17:40:41] [Render thread/INFO] [co.ta.im.ImmersiveBallistic/]: Se forzo actualizacion de tweak: D:\2026WORK\MCPubgLauncherV2\.runtime\clean\tacz\immersive_ballistic\assets\tacztweaks\sounds\blocks\metal\superhit03.ogg
[17:40:41] [Render thread/INFO] [co.ta.im.ImmersiveBallistic/]: Se forzo actualizacion de tweak: D:\2026WORK\MCPubgLauncherV2\.runtime\clean\tacz\immersive_ballistic\assets\tacztweaks\sounds\blocks\metal\superhit02.ogg
[17:40:41] [Render thread/INFO] [co.ta.im.ImmersiveBallistic/]: Se forzo actualizacion de tweak: D:\2026WORK\MCPubgLauncherV2\.runtime\clean\tacz\immersive_ballistic\assets\tacztweaks\sounds\blocks\metal\superhit01.ogg
[17:40:41] [Render thread/INFO] [co.ta.im.ImmersiveBallistic/]: Se forzo actualizacion de tweak: D:\2026WORK\MCPubgLauncherV2\.runtime\clean\tacz\immersive_ballistic\assets\tacztweaks\sounds\blocks\metal\hit08.ogg
[17:40:41] [Render thread/INFO] [co.ta.im.ImmersiveBallistic/]: Se forzo actualizacion de tweak: D:\2026WORK\MCPubgLauncherV2\.runtime\clean\tacz\immersive_ballistic\assets\tacztweaks\sounds\blocks\metal\hit07.ogg
[17:40:41] [Render thread/INFO] [co.ta.im.ImmersiveBallistic/]: Se forzo actualizacion de tweak: D:\2026WORK\MCPubgLauncherV2\.runtime\clean\tacz\immersive_ballistic\assets\tacztweaks\sounds\blocks\metal\hit06.ogg
[17:40:41] [Render thread/INFO] [co.ta.im.ImmersiveBallistic/]: Se forzo actualizacion de tweak: D:\2026WORK\MCPubgLauncherV2\.runtime\clean\tacz\immersive_ballistic\assets\tacztweaks\sounds\blocks\metal\hit05.ogg
[17:40:41] [Render thread/INFO] [co.ta.im.ImmersiveBallistic/]: Se forzo actualizacion de tweak: D:\2026WORK\MCPubgLauncherV2\.runtime\clean\tacz\immersive_ballistic\assets\tacztweaks\sounds\blocks\metal\hit04.ogg
[17:40:41] [Render thread/INFO] [co.ta.im.ImmersiveBallistic/]: Se forzo actualizacion de tweak: D:\2026WORK\MCPubgLauncherV2\.runtime\clean\tacz\immersive_ballistic\assets\tacztweaks\sounds\blocks\metal\hit03.ogg
[17:40:41] [Render thread/INFO] [co.ta.im.ImmersiveBallistic/]: Se forzo actualizacion de tweak: D:\2026WORK\MCPubgLauncherV2\.runtime\clean\tacz\immersive_ballistic\assets\tacztweaks\sounds\blocks\metal\hit02.ogg
[17:40:41] [Render thread/INFO] [co.ta.im.ImmersiveBallistic/]: Se forzo actualizacion de tweak: D:\2026WORK\MCPubgLauncherV2\.runtime\clean\tacz\immersive_ballistic\assets\tacztweaks\sounds\blocks\metal\hit01.ogg
[17:40:41] [Render thread/INFO] [co.ta.im.ImmersiveBallistic/]: Se forzo actualizacion de tweak: D:\2026WORK\MCPubgLauncherV2\.runtime\clean\tacz\immersive_ballistic\assets\tacztweaks\sounds\blocks\metal\debris07.ogg
[17:40:41] [Render thread/INFO] [co.ta.im.ImmersiveBallistic/]: Se forzo actualizacion de tweak: D:\2026WORK\MCPubgLauncherV2\.runtime\clean\tacz\immersive_ballistic\assets\tacztweaks\sounds\blocks\metal\debris06.ogg
[17:40:41] [Render thread/INFO] [co.ta.im.ImmersiveBallistic/]: Se forzo actualizacion de tweak: D:\2026WORK\MCPubgLauncherV2\.runtime\clean\tacz\immersive_ballistic\assets\tacztweaks\sounds\blocks\metal\debris05.ogg
[17:40:41] [Render thread/INFO] [co.ta.im.ImmersiveBallistic/]: Se forzo actualizacion de tweak: D:\2026WORK\MCPubgLauncherV2\.runtime\clean\tacz\immersive_ballistic\assets\tacztweaks\sounds\blocks\metal\debris04.ogg
[17:40:41] [Render thread/INFO] [co.ta.im.ImmersiveBallistic/]: Se forzo actualizacion de tweak: D:\2026WORK\MCPubgLauncherV2\.runtime\clean\tacz\immersive_ballistic\assets\tacztweaks\sounds\blocks\metal\debris03.ogg
[17:40:41] [Forge Version Check/DEBUG] [ne.mi.fm.VersionChecker/]: [forge] Received version check data:
{
  "homepage": "https://files.minecraftforge.net/net/minecraftforge/forge/",
  "promos": {
    "1.1-latest": "1.3.4.29",
    "1.2.3-latest": "1.4.1.64",
    "1.2.4-latest": "2.0.0.68",
    "1.2.5-latest": "3.4.9.171",
    "1.3.2-latest": "4.3.5.318",
    "1.4.0-latest": "5.0.0.326",
    "1.4.1-latest": "6.0.0.329",
    "1.4.2-latest": "6.0.1.355",
    "1.4.3-latest": "6.2.1.358",
    "1.4.4-latest": "6.3.0.378",
    "1.4.5-latest": "6.4.2.448",
    "1.4.6-latest": "6.5.0.489",
    "1.4.7-latest": "6.6.2.534",
    "1.5-latest": "7.7.0.598",
    "1.5.1-latest": "7.7.2.682",
    "1.5.2-latest": "7.8.1.738",
    "1.5.2-recommended": "7.8.1.738",
    "1.6.1-latest": "8.9.0.775",
    "1.6.2-latest": "9.10.1.871",
    "1.6.2-recommended": "9.10.1.871",
    "1.6.3-latest": "9.11.0.878",
    "1.6.4-latest": "9.11.1.1345",
    "1.6.4-recommended": "9.11.1.1345",
    "1.7.2-latest": "10.12.2.1161",
    "1.7.2-recommended": "10.12.2.1161",
    "1.7.10-latest": "10.13.4.1614",
    "1.7.10-recommended": "10.13.4.1614",
    "1.8-latest": "11.14.4.1577",
    "1.8-recommended": "11.14.4.1563",
    "1.8.8-latest": "11.15.0.1655",
    "1.8.9-latest": "11.15.1.2318",
    "1.8.9-recommended": "11.15.1.2318",
    "1.9-latest": "12.16.1.1938",
    "1.9-recommended": "12.16.1.1887",
    "1.9.4-latest": "12.17.0.2317",
    "1.9.4-recommended": "12.17.0.2317",
    "1.10-latest": "12.18.0.2000",
    "1.10.2-latest": "12.18.3.2511",
    "1.10.2-recommended": "12.18.3.2511",
    "1.11-latest": "13.19.1.2199",
    "1.11-recommended": "13.19.1.2189",
    "1.11.2-latest": "13.20.1.2588",
    "1.11.2-recommended": "13.20.1.2588",
    "1.12-latest": "14.21.1.2443",
    "1.12-recommended": "14.21.1.2387",
    "1.12.1-latest": "14.22.1.2485",
    "1.12.1-recommended": "14.22.1.2478",
    "1.12.2-latest": "14.23.5.2864",
    "1.12.2-recommended": "14.23.5.2859",
    "1.13.2-latest": "25.0.223",
    "1.14.2-latest": "26.0.63",
    "1.14.3-latest": "27.0.60",
    "1.14.4-latest": "28.2.30",
    "1.14.4-recommended": "28.2.26",
    "1.15-latest": "29.0.4",
    "1.15.1-latest": "30.0.51",
    "1.15.2-latest": "31.2.62",
    "1.15.2-recommended": "31.2.57",
    "1.16.1-latest": "32.0.108",
    "1.16.2-latest": "33.0.61",
    "1.16.3-latest": "34.1.42",
    "1.16.3-recommended": "34.1.0",
    "1.16.4-latest": "35.1.37",
    "1.16.4-recommended": "35.1.4",
    "1.16.5-latest": "36.2.42",
    "1.16.5-recommended": "36.2.34",
    "1.17.1-latest": "37.1.1",
    "1.17.1-recommended": "37.1.1",
    "1.18-latest": "38.0.17",
    "1.18.1-latest": "39.1.2",
    "1.18.1-recommended": "39.1.0",
    "1.18.2-recommended": "40.3.0",
    "1.18.2-latest": "40.3.12",
    "1.19-latest": "41.1.0",
    "1.19-recommended": "41.1.0",
    "1.19.1-latest": "42.0.9",
    "1.19.2-recommended": "43.5.0",
    "1.19.2-latest": "43.5.2",
    "1.19.3-latest": "44.1.23",
    "1.19.3-recommended": "44.1.0",
    "1.19.4-recommended": "45.4.0",
    "1.19.4-latest": "45.4.5",
    "1.20-latest": "46.0.14",
    "1.20.1-recommended": "47.4.10",
    "1.20.1-latest": "47.4.23",
    "1.20.2-latest": "48.1.0",
    "1.20.2-recommended": "48.1.0",
    "1.20.3-latest": "49.0.2",
    "1.20.4-latest": "49.2.8",
    "1.20.4-recommended": "49.2.0",
    "1.20.6-latest": "50.2.10",
    "1.20.6-recommended": "50.2.0",
    "1.21-latest": "51.0.33",
    "1.21.1-latest": "52.1.16",
    "1.21.1-recommended": "52.1.0",
    "1.21.3-latest": "53.1.12",
    "1.21.3-recommended": "53.1.0",
    "1.21.4-latest": "54.1.18",
    "1.21.4-recommended": "54.1.14",
    "1.21.5-latest": "55.1.13",
    "1.21.5-recommended": "55.1.0",
    "1.21.6-latest": "56.0.9",
    "1.21.7-latest": "57.0.3",
    "1.21.8-latest": "58.1.22",
    "1.21.8-recommended": "58.1.0",
    "1.21.9-latest": "59.0.5",
    "1.21.10-latest": "60.1.15",
    "1.21.10-recommended": "60.1.0",
    "1.21.11-latest": "61.2.1",
    "1.21.11-recommended": "61.2.0",
    "26.1-latest": "62.0.9",
    "26.1.1-latest": "63.0.2",
    "26.1.2-latest": "64.1.3",
    "26.1.2-recommended": "64.1.0",
    "26.2-latest": "65.1.3",
    "26.2-recommended": "65.1.0"
  }
}
[17:40:41] [Render thread/INFO] [co.ta.im.ImmersiveBallistic/]: Se forzo actualizacion de tweak: D:\2026WORK\MCPubgLauncherV2\.runtime\clean\tacz\immersive_ballistic\assets\tacztweaks\sounds\blocks\metal\debris02.ogg
[17:40:41] [Forge Version Check/INFO] [ne.mi.fm.VersionChecker/]: [forge] Found status: UP_TO_DATE Current: 47.4.10 Target: null
[17:40:41] [Forge Version Check/INFO] [ne.mi.fm.VersionChecker/]: [atlaslib] Starting version check at https://raw.githubusercontent.com/SmileycorpMC/Atlas-Lib/1.20/update.json
[17:40:41] [Render thread/INFO] [co.ta.im.ImmersiveBallistic/]: Se forzo actualizacion de tweak: D:\2026WORK\MCPubgLauncherV2\.runtime\clean\tacz\immersive_ballistic\assets\tacztweaks\sounds\blocks\metal\debris01.ogg
[17:40:41] [Render thread/INFO] [co.ta.im.ImmersiveBallistic/]: Se forzo actualizacion de tweak: D:\2026WORK\MCPubgLauncherV2\.runtime\clean\tacz\immersive_ballistic\assets\tacztweaks\sounds\blocks\metal\break05.ogg
[17:40:41] [Render thread/INFO] [co.ta.im.ImmersiveBallistic/]: Se forzo actualizacion de tweak: D:\2026WORK\MCPubgLauncherV2\.runtime\clean\tacz\immersive_ballistic\assets\tacztweaks\sounds\blocks\metal\break04.ogg
[17:40:41] [Render thread/INFO] [co.ta.im.ImmersiveBallistic/]: Se forzo actualizacion de tweak: D:\2026WORK\MCPubgLauncherV2\.runtime\clean\tacz\immersive_ballistic\assets\tacztweaks\sounds\blocks\metal\break03.ogg
[17:40:41] [Render thread/INFO] [co.ta.im.ImmersiveBallistic/]: Se forzo actualizacion de tweak: D:\2026WORK\MCPubgLauncherV2\.runtime\clean\tacz\immersive_ballistic\assets\tacztweaks\sounds\blocks\metal\break02.ogg
[17:40:41] [Render thread/INFO] [co.ta.im.ImmersiveBallistic/]: Se forzo actualizacion de tweak: D:\2026WORK\MCPubgLauncherV2\.runtime\clean\tacz\immersive_ballistic\assets\tacztweaks\sounds\blocks\metal\break01.ogg
[17:40:41] [Render thread/INFO] [co.ta.im.ImmersiveBallistic/]: Se forzo actualizacion de tweak: D:\2026WORK\MCPubgLauncherV2\.runtime\clean\tacz\immersive_ballistic\assets\tacztweaks\sounds\blocks\ice\impact04.ogg
[17:40:41] [Render thread/INFO] [co.ta.im.ImmersiveBallistic/]: Se forzo actualizacion de tweak: D:\2026WORK\MCPubgLauncherV2\.runtime\clean\tacz\immersive_ballistic\assets\tacztweaks\sounds\blocks\ice\impact03.ogg
[17:40:41] [Render thread/INFO] [co.ta.im.ImmersiveBallistic/]: Se forzo actualizacion de tweak: D:\2026WORK\MCPubgLauncherV2\.runtime\clean\tacz\immersive_ballistic\assets\tacztweaks\sounds\blocks\ice\impact02.ogg
[17:40:41] [Render thread/INFO] [co.ta.im.ImmersiveBallistic/]: Se forzo actualizacion de tweak: D:\2026WORK\MCPubgLauncherV2\.runtime\clean\tacz\immersive_ballistic\assets\tacztweaks\sounds\blocks\ice\impact01.ogg
[17:40:41] [Render thread/INFO] [co.ta.im.ImmersiveBallistic/]: Se forzo actualizacion de tweak: D:\2026WORK\MCPubgLauncherV2\.runtime\clean\tacz\immersive_ballistic\assets\tacztweaks\sounds\blocks\gravel\hit06.ogg
[17:40:41] [Render thread/INFO] [co.ta.im.ImmersiveBallistic/]: Se forzo actualizacion de tweak: D:\2026WORK\MCPubgLauncherV2\.runtime\clean\tacz\immersive_ballistic\assets\tacztweaks\sounds\blocks\gravel\hit05.ogg
[17:40:41] [Render thread/INFO] [co.ta.im.ImmersiveBallistic/]: Se forzo actualizacion de tweak: D:\2026WORK\MCPubgLauncherV2\.runtime\clean\tacz\immersive_ballistic\assets\tacztweaks\sounds\blocks\gravel\hit04.ogg
[17:40:41] [Render thread/INFO] [co.ta.im.ImmersiveBallistic/]: Se forzo actualizacion de tweak: D:\2026WORK\MCPubgLauncherV2\.runtime\clean\tacz\immersive_ballistic\assets\tacztweaks\sounds\blocks\gravel\hit03.ogg
[17:40:41] [Render thread/INFO] [co.ta.im.ImmersiveBallistic/]: Se forzo actualizacion de tweak: D:\2026WORK\MCPubgLauncherV2\.runtime\clean\tacz\immersive_ballistic\assets\tacztweaks\sounds\blocks\gravel\hit02.ogg
[17:40:41] [Render thread/INFO] [co.ta.im.ImmersiveBallistic/]: Se forzo actualizacion de tweak: D:\2026WORK\MCPubgLauncherV2\.runtime\clean\tacz\immersive_ballistic\assets\tacztweaks\sounds\blocks\gravel\hit01.ogg
[17:40:41] [Render thread/INFO] [co.ta.im.ImmersiveBallistic/]: Se forzo actualizacion de tweak: D:\2026WORK\MCPubgLauncherV2\.runtime\clean\tacz\immersive_ballistic\assets\tacztweaks\sounds\blocks\grass\hit05.ogg
[17:40:41] [Render thread/INFO] [co.ta.im.ImmersiveBallistic/]: Se forzo actualizacion de tweak: D:\2026WORK\MCPubgLauncherV2\.runtime\clean\tacz\immersive_ballistic\assets\tacztweaks\sounds\blocks\grass\hit04.ogg
[17:40:41] [Render thread/INFO] [co.ta.im.ImmersiveBallistic/]: Se forzo actualizacion de tweak: D:\2026WORK\MCPubgLauncherV2\.runtime\clean\tacz\immersive_ballistic\assets\tacztweaks\sounds\blocks\grass\hit03.ogg
[17:40:41] [Render thread/INFO] [co.ta.im.ImmersiveBallistic/]: Se forzo actualizacion de tweak: D:\2026WORK\MCPubgLauncherV2\.runtime\clean\tacz\immersive_ballistic\assets\tacztweaks\sounds\blocks\grass\hit02.ogg
[17:40:41] [Render thread/INFO] [co.ta.im.ImmersiveBallistic/]: Se forzo actualizacion de tweak: D:\2026WORK\MCPubgLauncherV2\.runtime\clean\tacz\immersive_ballistic\assets\tacztweaks\sounds\blocks\grass\hit01.ogg
[17:40:41] [Render thread/INFO] [co.ta.im.ImmersiveBallistic/]: Se forzo actualizacion de tweak: D:\2026WORK\MCPubgLauncherV2\.runtime\clean\tacz\immersive_ballistic\assets\tacztweaks\sounds\blocks\grass\debris04.ogg
[17:40:41] [Render thread/INFO] [co.ta.im.ImmersiveBallistic/]: Se forzo actualizacion de tweak: D:\2026WORK\MCPubgLauncherV2\.runtime\clean\tacz\immersive_ballistic\assets\tacztweaks\sounds\blocks\grass\debris03.ogg
[17:40:41] [Forge Version Check/DEBUG] [ne.mi.fm.VersionChecker/]: [atlaslib] Received version check data:
{
	"homepage": "https://www.curseforge.com/minecraft/mc-mods/atlas-lib",
	"1.20": {
		"1.1.9a": "fix translatable component generation, add copy file code",
		"1.1.10": "Update direction utils to use Vec3 and RandomSource",
		"1.1.10a": "Replace missing references to RandomSource insetad of Random",
		"1.1.10b": "Fix directionutils picking locations outside of world",
		"1.1.11": "update tabs to use suppliers in woodblock and shapedblock",
		"1.1.11a": "update tabs to use suppliers in toolsets and armoursets",
		"1.1.12": "add binary and unary operations"
	},
	"1.20.1": {
		"1.1.9a": "fix translatable component generation, add copy file code",
		"1.1.10": "Update direction utils to use Vec3 and RandomSource",
		"1.1.10a": "Replace missing references to RandomSource insetad of Random",
		"1.1.10b": "Fix directionutils picking locations outside of world",
		"1.1.11": "update tabs to use suppliers in woodblock and shapedblock",
		"1.1.11a": "update tabs to use suppliers in toolsets and armoursets",
		"1.1.12": "add binary and unary operations"
	},
	"promos": {
		"1.20-latest": "1.1.12",
		"1.20-recommended": "1.1.12",
		"1.20.1-latest": "1.1.12",
		"1.20.1-recommended": "1.1.12"
	}
}
[17:40:41] [Forge Version Check/INFO] [ne.mi.fm.VersionChecker/]: [atlaslib] Found status: UP_TO_DATE Current: 1.1.12 Target: null
[17:40:41] [Render thread/INFO] [co.ta.im.ImmersiveBallistic/]: Se forzo actualizacion de tweak: D:\2026WORK\MCPubgLauncherV2\.runtime\clean\tacz\immersive_ballistic\assets\tacztweaks\sounds\blocks\grass\debris02.ogg
[17:40:41] [Render thread/INFO] [co.ta.im.ImmersiveBallistic/]: Se forzo actualizacion de tweak: D:\2026WORK\MCPubgLauncherV2\.runtime\clean\tacz\immersive_ballistic\assets\tacztweaks\sounds\blocks\grass\debris01.ogg
[17:40:41] [Render thread/INFO] [co.ta.im.ImmersiveBallistic/]: Se forzo actualizacion de tweak: D:\2026WORK\MCPubgLauncherV2\.runtime\clean\tacz\immersive_ballistic\assets\tacztweaks\sounds\blocks\glass\impact04.ogg
[17:40:41] [Render thread/INFO] [co.ta.im.ImmersiveBallistic/]: Se forzo actualizacion de tweak: D:\2026WORK\MCPubgLauncherV2\.runtime\clean\tacz\immersive_ballistic\assets\tacztweaks\sounds\blocks\glass\impact03.ogg
[17:40:41] [Render thread/INFO] [co.ta.im.ImmersiveBallistic/]: Se forzo actualizacion de tweak: D:\2026WORK\MCPubgLauncherV2\.runtime\clean\tacz\immersive_ballistic\assets\tacztweaks\sounds\blocks\glass\impact02.ogg
[17:40:41] [Render thread/INFO] [co.ta.im.ImmersiveBallistic/]: Se forzo actualizacion de tweak: D:\2026WORK\MCPubgLauncherV2\.runtime\clean\tacz\immersive_ballistic\assets\tacztweaks\sounds\blocks\glass\impact01.ogg
[17:40:41] [Render thread/INFO] [co.ta.im.ImmersiveBallistic/]: Se forzo actualizacion de tweak: D:\2026WORK\MCPubgLauncherV2\.runtime\clean\tacz\immersive_ballistic\assets\tacztweaks\sounds\blocks\glass\debris06.ogg
[17:40:41] [Render thread/INFO] [co.ta.im.ImmersiveBallistic/]: Se forzo actualizacion de tweak: D:\2026WORK\MCPubgLauncherV2\.runtime\clean\tacz\immersive_ballistic\assets\tacztweaks\sounds\blocks\glass\debris05.ogg
[17:40:41] [Render thread/INFO] [co.ta.im.ImmersiveBallistic/]: Se forzo actualizacion de tweak: D:\2026WORK\MCPubgLauncherV2\.runtime\clean\tacz\immersive_ballistic\assets\tacztweaks\sounds\blocks\glass\debris04.ogg
[17:40:41] [Render thread/INFO] [co.ta.im.ImmersiveBallistic/]: Se forzo actualizacion de tweak: D:\2026WORK\MCPubgLauncherV2\.runtime\clean\tacz\immersive_ballistic\assets\tacztweaks\sounds\blocks\glass\debris03.ogg
[17:40:41] [Render thread/INFO] [co.ta.im.ImmersiveBallistic/]: Se forzo actualizacion de tweak: D:\2026WORK\MCPubgLauncherV2\.runtime\clean\tacz\immersive_ballistic\assets\tacztweaks\sounds\blocks\glass\debris02.ogg
[17:40:41] [Render thread/INFO] [co.ta.im.ImmersiveBallistic/]: Se forzo actualizacion de tweak: D:\2026WORK\MCPubgLauncherV2\.runtime\clean\tacz\immersive_ballistic\assets\tacztweaks\sounds\blocks\glass\debris01.ogg
[17:40:41] [Render thread/INFO] [co.ta.im.ImmersiveBallistic/]: Se forzo actualizacion de tweak: D:\2026WORK\MCPubgLauncherV2\.runtime\clean\tacz\immersive_ballistic\assets\tacztweaks\sounds\blocks\glass\break04.ogg
[17:40:41] [Render thread/INFO] [co.ta.im.ImmersiveBallistic/]: Se forzo actualizacion de tweak: D:\2026WORK\MCPubgLauncherV2\.runtime\clean\tacz\immersive_ballistic\assets\tacztweaks\sounds\blocks\glass\break03.ogg
[17:40:41] [Render thread/INFO] [co.ta.im.ImmersiveBallistic/]: Se forzo actualizacion de tweak: D:\2026WORK\MCPubgLauncherV2\.runtime\clean\tacz\immersive_ballistic\assets\tacztweaks\sounds\blocks\glass\break02.ogg
[17:40:41] [Render thread/INFO] [co.ta.im.ImmersiveBallistic/]: Se forzo actualizacion de tweak: D:\2026WORK\MCPubgLauncherV2\.runtime\clean\tacz\immersive_ballistic\assets\tacztweaks\sounds\blocks\glass\break01.ogg
[17:40:41] [Render thread/INFO] [co.ta.im.ImmersiveBallistic/]: Se forzo actualizacion de tweak: D:\2026WORK\MCPubgLauncherV2\.runtime\clean\tacz\immersive_ballistic\assets\tacztweaks\sounds\blocks\fragile\hit05.ogg
[17:40:41] [Render thread/INFO] [co.ta.im.ImmersiveBallistic/]: Se forzo actualizacion de tweak: D:\2026WORK\MCPubgLauncherV2\.runtime\clean\tacz\immersive_ballistic\assets\tacztweaks\sounds\blocks\fragile\hit04.ogg
[17:40:41] [Render thread/INFO] [co.ta.im.ImmersiveBallistic/]: Se forzo actualizacion de tweak: D:\2026WORK\MCPubgLauncherV2\.runtime\clean\tacz\immersive_ballistic\assets\tacztweaks\sounds\blocks\fragile\hit03.ogg
[17:40:41] [Render thread/INFO] [co.ta.im.ImmersiveBallistic/]: Se forzo actualizacion de tweak: D:\2026WORK\MCPubgLauncherV2\.runtime\clean\tacz\immersive_ballistic\assets\tacztweaks\sounds\blocks\fragile\hit02.ogg
[17:40:41] [Render thread/INFO] [co.ta.im.ImmersiveBallistic/]: Se forzo actualizacion de tweak: D:\2026WORK\MCPubgLauncherV2\.runtime\clean\tacz\immersive_ballistic\assets\tacztweaks\sounds\blocks\fragile\hit01.ogg
[17:40:41] [Render thread/INFO] [co.ta.im.ImmersiveBallistic/]: Se forzo actualizacion de tweak: D:\2026WORK\MCPubgLauncherV2\.runtime\clean\tacz\immersive_ballistic\assets\tacztweaks\sounds\blocks\foliage\impact04.ogg
[17:40:41] [Render thread/INFO] [co.ta.im.ImmersiveBallistic/]: Se forzo actualizacion de tweak: D:\2026WORK\MCPubgLauncherV2\.runtime\clean\tacz\immersive_ballistic\assets\tacztweaks\sounds\blocks\foliage\impact03.ogg
[17:40:41] [Render thread/INFO] [co.ta.im.ImmersiveBallistic/]: Se forzo actualizacion de tweak: D:\2026WORK\MCPubgLauncherV2\.runtime\clean\tacz\immersive_ballistic\assets\tacztweaks\sounds\blocks\foliage\impact02.ogg
[17:40:41] [Render thread/INFO] [co.ta.im.ImmersiveBallistic/]: Se forzo actualizacion de tweak: D:\2026WORK\MCPubgLauncherV2\.runtime\clean\tacz\immersive_ballistic\assets\tacztweaks\sounds\blocks\foliage\impact01.ogg
[17:40:41] [Render thread/INFO] [co.ta.im.ImmersiveBallistic/]: Se forzo actualizacion de tweak: D:\2026WORK\MCPubgLauncherV2\.runtime\clean\tacz\immersive_ballistic\assets\tacztweaks\sounds\blocks\fabric\hit12.ogg
[17:40:41] [Render thread/INFO] [co.ta.im.ImmersiveBallistic/]: Se forzo actualizacion de tweak: D:\2026WORK\MCPubgLauncherV2\.runtime\clean\tacz\immersive_ballistic\assets\tacztweaks\sounds\blocks\fabric\hit11.ogg
[17:40:41] [Render thread/INFO] [co.ta.im.ImmersiveBallistic/]: Se forzo actualizacion de tweak: D:\2026WORK\MCPubgLauncherV2\.runtime\clean\tacz\immersive_ballistic\assets\tacztweaks\sounds\blocks\fabric\hit10.ogg
[17:40:41] [Render thread/INFO] [co.ta.im.ImmersiveBallistic/]: Se forzo actualizacion de tweak: D:\2026WORK\MCPubgLauncherV2\.runtime\clean\tacz\immersive_ballistic\assets\tacztweaks\sounds\blocks\fabric\hit09.ogg
[17:40:41] [Render thread/INFO] [co.ta.im.ImmersiveBallistic/]: Se forzo actualizacion de tweak: D:\2026WORK\MCPubgLauncherV2\.runtime\clean\tacz\immersive_ballistic\assets\tacztweaks\sounds\blocks\fabric\hit08.ogg
[17:40:41] [Render thread/INFO] [co.ta.im.ImmersiveBallistic/]: Se forzo actualizacion de tweak: D:\2026WORK\MCPubgLauncherV2\.runtime\clean\tacz\immersive_ballistic\assets\tacztweaks\sounds\blocks\fabric\hit07.ogg
[17:40:41] [Render thread/INFO] [co.ta.im.ImmersiveBallistic/]: Se forzo actualizacion de tweak: D:\2026WORK\MCPubgLauncherV2\.runtime\clean\tacz\immersive_ballistic\assets\tacztweaks\sounds\blocks\fabric\hit06.ogg
[17:40:41] [Render thread/INFO] [co.ta.im.ImmersiveBallistic/]: Se forzo actualizacion de tweak: D:\2026WORK\MCPubgLauncherV2\.runtime\clean\tacz\immersive_ballistic\assets\tacztweaks\sounds\blocks\fabric\hit05.ogg
[17:40:41] [Render thread/INFO] [co.ta.im.ImmersiveBallistic/]: Se forzo actualizacion de tweak: D:\2026WORK\MCPubgLauncherV2\.runtime\clean\tacz\immersive_ballistic\assets\tacztweaks\sounds\blocks\fabric\hit04.ogg
[17:40:41] [Render thread/INFO] [co.ta.im.ImmersiveBallistic/]: Se forzo actualizacion de tweak: D:\2026WORK\MCPubgLauncherV2\.runtime\clean\tacz\immersive_ballistic\assets\tacztweaks\sounds\blocks\fabric\hit03.ogg
[17:40:41] [Render thread/INFO] [co.ta.im.ImmersiveBallistic/]: Se forzo actualizacion de tweak: D:\2026WORK\MCPubgLauncherV2\.runtime\clean\tacz\immersive_ballistic\assets\tacztweaks\sounds\blocks\fabric\hit02.ogg
[17:40:41] [Render thread/INFO] [co.ta.im.ImmersiveBallistic/]: Se forzo actualizacion de tweak: D:\2026WORK\MCPubgLauncherV2\.runtime\clean\tacz\immersive_ballistic\assets\tacztweaks\sounds\blocks\fabric\hit01.ogg
[17:40:41] [Render thread/INFO] [co.ta.im.ImmersiveBallistic/]: Se forzo actualizacion de tweak: D:\2026WORK\MCPubgLauncherV2\.runtime\clean\tacz\immersive_ballistic\assets\tacztweaks\sounds\blocks\dirt\hit07.ogg
[17:40:41] [Render thread/INFO] [co.ta.im.ImmersiveBallistic/]: Se forzo actualizacion de tweak: D:\2026WORK\MCPubgLauncherV2\.runtime\clean\tacz\immersive_ballistic\assets\tacztweaks\sounds\blocks\dirt\hit06.ogg
[17:40:41] [Render thread/INFO] [co.ta.im.ImmersiveBallistic/]: Se forzo actualizacion de tweak: D:\2026WORK\MCPubgLauncherV2\.runtime\clean\tacz\immersive_ballistic\assets\tacztweaks\sounds\blocks\dirt\hit05.ogg
[17:40:41] [Render thread/INFO] [co.ta.im.ImmersiveBallistic/]: Se forzo actualizacion de tweak: D:\2026WORK\MCPubgLauncherV2\.runtime\clean\tacz\immersive_ballistic\assets\tacztweaks\sounds\blocks\dirt\hit04.ogg
[17:40:41] [Render thread/INFO] [co.ta.im.ImmersiveBallistic/]: Se forzo actualizacion de tweak: D:\2026WORK\MCPubgLauncherV2\.runtime\clean\tacz\immersive_ballistic\assets\tacztweaks\sounds\blocks\dirt\hit03.ogg
[17:40:41] [Render thread/INFO] [co.ta.im.ImmersiveBallistic/]: Se forzo actualizacion de tweak: D:\2026WORK\MCPubgLauncherV2\.runtime\clean\tacz\immersive_ballistic\assets\tacztweaks\sounds\blocks\dirt\hit02.ogg
[17:40:41] [Render thread/INFO] [co.ta.im.ImmersiveBallistic/]: Se forzo actualizacion de tweak: D:\2026WORK\MCPubgLauncherV2\.runtime\clean\tacz\immersive_ballistic\assets\tacztweaks\sounds\blocks\dirt\hit01.ogg
[17:40:41] [Render thread/INFO] [co.ta.im.ImmersiveBallistic/]: Se forzo actualizacion de tweak: D:\2026WORK\MCPubgLauncherV2\.runtime\clean\tacz\immersive_ballistic\assets\tacztweaks\sounds\blocks\dirt\debris04.ogg
[17:40:41] [Render thread/INFO] [co.ta.im.ImmersiveBallistic/]: Se forzo actualizacion de tweak: D:\2026WORK\MCPubgLauncherV2\.runtime\clean\tacz\immersive_ballistic\assets\tacztweaks\sounds\blocks\dirt\debris03.ogg
[17:40:41] [Render thread/INFO] [co.ta.im.ImmersiveBallistic/]: Se forzo actualizacion de tweak: D:\2026WORK\MCPubgLauncherV2\.runtime\clean\tacz\immersive_ballistic\assets\tacztweaks\sounds\blocks\dirt\debris02.ogg
[17:40:41] [Render thread/INFO] [co.ta.im.ImmersiveBallistic/]: Se forzo actualizacion de tweak: D:\2026WORK\MCPubgLauncherV2\.runtime\clean\tacz\immersive_ballistic\assets\tacztweaks\sounds\blocks\dirt\debris01.ogg
[17:40:41] [Render thread/INFO] [co.ta.im.ImmersiveBallistic/]: Se forzo actualizacion de tweak: D:\2026WORK\MCPubgLauncherV2\.runtime\clean\tacz\immersive_ballistic\assets\tacztweaks\sounds\blocks\concrete\impact05.ogg
[17:40:41] [Render thread/INFO] [co.ta.im.ImmersiveBallistic/]: Se forzo actualizacion de tweak: D:\2026WORK\MCPubgLauncherV2\.runtime\clean\tacz\immersive_ballistic\assets\tacztweaks\sounds\blocks\concrete\impact04.ogg
[17:40:41] [Render thread/INFO] [co.ta.im.ImmersiveBallistic/]: Se forzo actualizacion de tweak: D:\2026WORK\MCPubgLauncherV2\.runtime\clean\tacz\immersive_ballistic\assets\tacztweaks\sounds\blocks\concrete\impact03.ogg
[17:40:41] [Render thread/INFO] [co.ta.im.ImmersiveBallistic/]: Se forzo actualizacion de tweak: D:\2026WORK\MCPubgLauncherV2\.runtime\clean\tacz\immersive_ballistic\assets\tacztweaks\sounds\blocks\concrete\impact02.ogg
[17:40:41] [Render thread/INFO] [co.ta.im.ImmersiveBallistic/]: Se forzo actualizacion de tweak: D:\2026WORK\MCPubgLauncherV2\.runtime\clean\tacz\immersive_ballistic\assets\tacztweaks\sounds\blocks\concrete\impact01.ogg
[17:40:41] [Render thread/INFO] [co.ta.im.ImmersiveBallistic/]: Se forzo actualizacion de tweak: D:\2026WORK\MCPubgLauncherV2\.runtime\clean\tacz\immersive_ballistic\assets\tacztweaks\sounds\blocks\concrete\hit05.ogg
[17:40:41] [Render thread/INFO] [co.ta.im.ImmersiveBallistic/]: Se forzo actualizacion de tweak: D:\2026WORK\MCPubgLauncherV2\.runtime\clean\tacz\immersive_ballistic\assets\tacztweaks\sounds\blocks\concrete\hit04.ogg
[17:40:41] [Render thread/INFO] [co.ta.im.ImmersiveBallistic/]: Se forzo actualizacion de tweak: D:\2026WORK\MCPubgLauncherV2\.runtime\clean\tacz\immersive_ballistic\assets\tacztweaks\sounds\blocks\concrete\hit03.ogg
[17:40:41] [Render thread/INFO] [co.ta.im.ImmersiveBallistic/]: Se forzo actualizacion de tweak: D:\2026WORK\MCPubgLauncherV2\.runtime\clean\tacz\immersive_ballistic\assets\tacztweaks\sounds\blocks\concrete\hit02.ogg
[17:40:41] [Render thread/INFO] [co.ta.im.ImmersiveBallistic/]: Se forzo actualizacion de tweak: D:\2026WORK\MCPubgLauncherV2\.runtime\clean\tacz\immersive_ballistic\assets\tacztweaks\sounds\blocks\concrete\hit01.ogg
[17:40:41] [Render thread/INFO] [co.ta.im.ImmersiveBallistic/]: Se forzo actualizacion de tweak: D:\2026WORK\MCPubgLauncherV2\.runtime\clean\tacz\immersive_ballistic\assets\tacztweaks\sounds\blocks\concrete\break05.ogg
[17:40:41] [Render thread/INFO] [co.ta.im.ImmersiveBallistic/]: Se forzo actualizacion de tweak: D:\2026WORK\MCPubgLauncherV2\.runtime\clean\tacz\immersive_ballistic\assets\tacztweaks\sounds\blocks\concrete\break04.ogg
[17:40:41] [Render thread/INFO] [co.ta.im.ImmersiveBallistic/]: Se forzo actualizacion de tweak: D:\2026WORK\MCPubgLauncherV2\.runtime\clean\tacz\immersive_ballistic\assets\tacztweaks\sounds\blocks\concrete\break03.ogg
[17:40:41] [Render thread/INFO] [co.ta.im.ImmersiveBallistic/]: Se forzo actualizacion de tweak: D:\2026WORK\MCPubgLauncherV2\.runtime\clean\tacz\immersive_ballistic\assets\tacztweaks\sounds\blocks\concrete\break02.ogg
[17:40:41] [Render thread/INFO] [co.ta.im.ImmersiveBallistic/]: Se forzo actualizacion de tweak: D:\2026WORK\MCPubgLauncherV2\.runtime\clean\tacz\immersive_ballistic\assets\tacztweaks\sounds\blocks\concrete\break01.ogg
[17:40:41] [Render thread/INFO] [co.ta.im.ImmersiveBallistic/]: Se forzo actualizacion de tweak: D:\2026WORK\MCPubgLauncherV2\.runtime\clean\tacz\immersive_ballistic\assets\tacztweaks\sounds\blocks\cloth\hit03.ogg
[17:40:41] [Render thread/INFO] [co.ta.im.ImmersiveBallistic/]: Se forzo actualizacion de tweak: D:\2026WORK\MCPubgLauncherV2\.runtime\clean\tacz\immersive_ballistic\assets\tacztweaks\sounds\blocks\cloth\hit02.ogg
[17:40:41] [Render thread/INFO] [co.ta.im.ImmersiveBallistic/]: Se forzo actualizacion de tweak: D:\2026WORK\MCPubgLauncherV2\.runtime\clean\tacz\immersive_ballistic\assets\tacztweaks\sounds\blocks\cloth\hit01.ogg
[17:40:41] [Render thread/INFO] [co.ta.im.ImmersiveBallistic/]: Se forzo actualizacion de tweak: D:\2026WORK\MCPubgLauncherV2\.runtime\clean\tacz\immersive_ballistic\assets\tacztweaks\sounds.json
[17:40:41] [Render thread/INFO] [co.ta.im.ImmersiveBallistic/]: Tags auto-generados para namespaces: immersive_ballistic
[17:40:41] [Render thread/WARN] [ne.mi.fm.DeferredWorkQueue/LOADING]: Mod 'immersive_ballistic' took 1.183 s to run a deferred task.
[17:40:41] [Render thread/DEBUG] [ne.mi.fm.DeferredWorkQueue/LOADING]: Synchronous work queue completed in 1.693 s
[17:40:41] [Worker-Main-7/INFO] [co.cy.rb.RBI/]: RBI Client Setup: ??????? ?????????? ???????
[17:40:41] [Worker-Main-11/INFO] [ne.ch.ch.ChaosZProjectBandits/]: Running client setup tasks...
[17:40:41] [Worker-Main-11/INFO] [co.ra.ta.TaczAdditions/]: [TacZAdditions] DL detection — sodiumdynamiclights=false, dynamiclights=false
[17:40:41] [Render thread/DEBUG] [ne.mi.fm.DeferredWorkQueue/LOADING]: Dispatching synchronous work for work queue SIDED_SETUP: 23 jobs
[17:40:41] [Worker-Main-9/WARN] [minecraft/ModelBakery]: Exception loading blockstate definition: 'rbi:blockstates/impact_light.json' missing model for variant: 'rbi:impact_light#'
[17:40:41] [Render thread/DEBUG] [mixin/]: Mixing client.ItemBlockRenderTypesMixin from citadel.mixins.json into net.minecraft.client.renderer.ItemBlockRenderTypes
[17:40:41] [Worker-Main-9/WARN] [minecraft/ModelBakery]: Unable to load model: 'minecraft:bear_trap' referenced from: survival_instinct:bear_trap#facing=north: java.io.FileNotFoundException: minecraft:models/bear_trap.json
[17:40:41] [Worker-Main-9/WARN] [minecraft/ModelBakery]: Unable to load model: 'minecraft:bear_trap_close' referenced from: survival_instinct:bear_trap_close#facing=north: java.io.FileNotFoundException: minecraft:models/bear_trap_close.json
[17:40:41] [Worker-Main-9/WARN] [minecraft/ModelBakery]: Unable to load model: 'minecraft:cash_register' referenced from: survival_instinct:cash_register#facing=north: java.io.FileNotFoundException: minecraft:models/cash_register.json
[17:40:41] [Worker-Main-9/WARN] [minecraft/ModelBakery]: Unable to load model: 'minecraft:rope_trap' referenced from: survival_instinct:rope_trap#facing=north: java.io.FileNotFoundException: minecraft:models/rope_trap.json
[17:40:41] [Worker-Main-9/WARN] [minecraft/ModelBakery]: Unable to load model: 'minecraft:orange_juice' referenced from: survival_instinct:orange_juice#inventory: java.io.FileNotFoundException: minecraft:models/orange_juice.json
[17:40:41] [Worker-Main-9/WARN] [minecraft/ModelBakery]: Unable to load model: 'minecraft:milk' referenced from: survival_instinct:milk#inventory: java.io.FileNotFoundException: minecraft:models/milk.json
[17:40:41] [Worker-Main-9/WARN] [minecraft/ModelBakery]: Unable to load model: 'minecraft:injectors' referenced from: survival_instinct:adrenaline_injector#inventory: java.io.FileNotFoundException: minecraft:models/injectors.json
[17:40:41] [Worker-Main-9/WARN] [minecraft/ModelBakery]: Unable to load model: 'minecraft:circularsaw' referenced from: survival_instinct:glaive_circular_saw#inventory: java.io.FileNotFoundException: minecraft:models/circularsaw.json
[17:40:41] [Worker-Main-9/WARN] [minecraft/ModelBakery]: Unable to load model: 'minecraft:meat_can' referenced from: survival_instinct:meat_can#inventory: java.io.FileNotFoundException: minecraft:models/meat_can.json
[17:40:41] [Worker-Main-9/WARN] [minecraft/ModelBakery]: Unable to load model: 'minecraft:stop_sing_shield_0' referenced from: survival_instinct:stop_sing_shield#inventory: java.io.FileNotFoundException: minecraft:models/stop_sing_shield_0.json
[17:40:41] [Worker-Main-9/WARN] [minecraft/ModelBakery]: Unable to load model: 'minecraft:apple_juice' referenced from: survival_instinct:apple_juice#inventory: java.io.FileNotFoundException: minecraft:models/apple_juice.json
[17:40:41] [Worker-Main-9/WARN] [minecraft/ModelBakery]: Unable to load model: 'minecraft:bottle_of_water' referenced from: survival_instinct:bottle_of_water#inventory: java.io.FileNotFoundException: minecraft:models/bottle_of_water.json
[17:40:41] [Worker-Main-9/WARN] [minecraft/ModelBakery]: Unable to load model: 'minecraft:survival_medkit' referenced from: survival_instinct:survival_medkit#inventory: java.io.FileNotFoundException: minecraft:models/survival_medkit.json
[17:40:41] [Worker-Main-9/WARN] [minecraft/ModelBakery]: Unable to load model: 'minecraft:swat_shield_0' referenced from: survival_instinct:swat_shield#inventory: java.io.FileNotFoundException: minecraft:models/swat_shield_0.json
[17:40:41] [Worker-Main-9/WARN] [minecraft/ModelBakery]: Unable to load model: 'minecraft:electric_fist' referenced from: survival_instinct:electric_fist#inventory: java.io.FileNotFoundException: minecraft:models/electric_fist.json
[17:40:41] [Render thread/DEBUG] [mixin/]: Mixing tweaks.GunSmithTableScreenMixin from tacztweaks.mixins.json into com.tacz.guns.client.gui.GunSmithTableScreen
[17:40:41] [Worker-Main-9/WARN] [minecraft/ModelBakery]: Unable to load model: 'minecraft:applelogo' referenced from: tacticalvests:applelogo#inventory: java.io.FileNotFoundException: minecraft:models/applelogo.json
[17:40:41] [Render thread/DEBUG] [mixin/]: tacztweaks.mixins.json:tweaks.GunSmithTableScreenMixin: Class version 61 required is higher than the class version supported by the current version of Mixin (JAVA_8 supports class version 52)
[17:40:41] [Render thread/DEBUG] [mixin/]: Mixing client.GunSmithTableScreenMixin from lrtactical.mixins.json into com.tacz.guns.client.gui.GunSmithTableScreen
[17:40:41] [Render thread/DEBUG] [mixin/]: lrtactical.mixins.json:client.GunSmithTableScreenMixin: Class version 61 required is higher than the class version supported by the current version of Mixin (JAVA_8 supports class version 52)
[17:40:41] [Render thread/INFO] [journeymap/]: Journeymap Initializing
[17:40:42] [Render thread/INFO] [co.ra.ra.cl.co.ETFCompatibilityHelper/]: Entity Texture Features not found - using default textures only
[17:40:42] [Render thread/INFO] [co.ra.ra.cl.co.BetterBloodOverlayCompat/]: Better Blood Overlay not found - ragdolls will render without blood
[17:40:42] [Render thread/INFO] [co.ra.ra.cl.co.VisualHealthCompat/]: Visual Health not found - ragdolls will render without damage textures
[17:40:42] [Render thread/DEBUG] [mixin/]: Mixing ModelPartAccessor from accuratehitboxes.client.mixins.json into net.minecraft.client.model.geom.ModelPart
[17:40:42] [Render thread/INFO] [co.ra.ra.Ragdollified/]: Curios rendering compatibility initialized successfully
[17:40:42] [Render thread/INFO] [MeshyLoader/]: [TacZMeshLoader] Registered TacZ model type: meshy
[17:40:42] [Render thread/DEBUG] [ne.mi.fm.DeferredWorkQueue/LOADING]: Synchronous work queue completed in 761.3 ms
[17:40:44] [Worker-Main-9/WARN] [minecraft/ModelManager]: Missing textures in model dyairdrop:safeopen#inventory:
    minecraft:textures/atlas/blocks.png:minecraft:safe
[17:40:44] [Worker-Main-9/WARN] [minecraft/ModelManager]: Missing textures in model dyairdrop:safe_2#inventory:
    minecraft:textures/atlas/blocks.png:minecraft:safe
[17:40:44] [Worker-Main-9/WARN] [minecraft/ModelManager]: Missing textures in model dyairdrop:lockedairdropweapon#inventory:
    minecraft:textures/atlas/blocks.png:minecraft:millitaryloot
[17:40:44] [Worker-Main-9/WARN] [minecraft/ModelManager]: Missing textures in model dyairdrop:lockedairdropmedicalopen#inventory:
    minecraft:textures/atlas/blocks.png:minecraft:item/gre
[17:40:44] [Worker-Main-9/WARN] [minecraft/ModelManager]: Missing textures in model dyairdrop:lockedairdropweaponopen#inventory:
    minecraft:textures/atlas/blocks.png:minecraft:millitaryloot
[17:40:44] [Worker-Main-9/WARN] [minecraft/ModelManager]: Missing textures in model dyairdrop:airdropweapon#inventory:
    minecraft:textures/atlas/blocks.png:minecraft:millitaryloot
[17:40:44] [Worker-Main-9/WARN] [minecraft/ModelManager]: Missing textures in model dyairdrop:lockedairdropmedical#inventory:
    minecraft:textures/atlas/blocks.png:minecraft:item/gre
[17:40:44] [Worker-Main-9/WARN] [minecraft/ModelManager]: Missing textures in model dyairdrop:airdropmedical#inventory:
    minecraft:textures/atlas/blocks.png:minecraft:item/gre
[17:40:44] [Worker-Main-9/WARN] [minecraft/ModelManager]: Missing textures in model dyairdrop:safe#inventory:
    minecraft:textures/atlas/blocks.png:minecraft:safe
[17:40:44] [Render thread/DEBUG] [ne.mi.fm.DeferredWorkQueue/LOADING]: Dispatching synchronous work for work queue ENQUEUE_IMC: 7 jobs
[17:40:44] [Render thread/DEBUG] [ne.mi.fm.DeferredWorkQueue/LOADING]: Synchronous work queue completed in 8.766 ms
[17:40:44] [Render thread/DEBUG] [ne.mi.fm.DeferredWorkQueue/LOADING]: Dispatching synchronous work for work queue COMPLETE: 3 jobs
[17:40:44] [Render thread/DEBUG] [ne.mi.fm.co.ConfigTracker/CONFIG]: Config file badmobs-common.toml for badmobs tracking
[17:40:44] [Render thread/DEBUG] [ne.mi.fm.co.ConfigFileTypeHandler/CONFIG]: Built TOML config for D:\2026WORK\MCPubgLauncherV2\.runtime\clean\config\badmobs-common.toml
[17:40:44] [Render thread/DEBUG] [ne.mi.fm.co.ConfigFileTypeHandler/CONFIG]: Loaded TOML config file D:\2026WORK\MCPubgLauncherV2\.runtime\clean\config\badmobs-common.toml
[17:40:44] [Render thread/DEBUG] [ne.mi.fm.co.ConfigFileTypeHandler/CONFIG]: Watching TOML config file D:\2026WORK\MCPubgLauncherV2\.runtime\clean\config\badmobs-common.toml for changes
[17:40:44] [Render thread/INFO] [citadel/]: adding citadel surface rules via terrablender...
[17:40:44] [Render thread/INFO] [citadel/]: Added 0 vanilla biome surface rule types via terrablender
[17:40:44] [Render thread/INFO] [citadel/]: Added 0 modded biome surface rule types via terrablender
[17:40:44] [Render thread/DEBUG] [ne.mi.fm.DeferredWorkQueue/LOADING]: Synchronous work queue completed in 475.9 ms
[17:40:47] [Render thread/DEBUG] [ne.mi.co.ForgeI18n/CORE]: Loading I18N data entries: 11906
[17:40:48] [Render thread/WARN] [minecraft/SoundEngine]: Missing sound for event: minecraft:item.goat_horn.play
[17:40:48] [Render thread/WARN] [minecraft/SoundEngine]: Missing sound for event: minecraft:entity.goat.screaming.horn_break
[17:40:48] [Render thread/INFO] [mojang/Library]: OpenAL initialized on device OpenAL Soft on Headphones (Realtek(R) Audio)
[17:40:48] [Render thread/INFO] [minecraft/SoundEngine]: Sound engine started
[17:40:48] [Render thread/INFO] [minecraft/TextureAtlas]: Created: 8192x8192x4 minecraft:textures/atlas/blocks.png-atlas
[17:40:49] [Render thread/INFO] [minecraft/TextureAtlas]: Created: 512x256x4 minecraft:textures/atlas/signs.png-atlas
[17:40:49] [Render thread/INFO] [minecraft/TextureAtlas]: Created: 512x512x4 minecraft:textures/atlas/shield_patterns.png-atlas
[17:40:49] [Render thread/INFO] [minecraft/TextureAtlas]: Created: 512x512x4 minecraft:textures/atlas/banner_patterns.png-atlas
[17:40:49] [Render thread/INFO] [minecraft/TextureAtlas]: Created: 1024x1024x4 minecraft:textures/atlas/armor_trims.png-atlas
[17:40:49] [Render thread/INFO] [minecraft/TextureAtlas]: Created: 256x256x4 minecraft:textures/atlas/chest.png-atlas
[17:40:49] [Render thread/INFO] [minecraft/TextureAtlas]: Created: 128x64x4 minecraft:textures/atlas/decorated_pot.png-atlas
[17:40:49] [Render thread/INFO] [minecraft/TextureAtlas]: Created: 512x256x4 minecraft:textures/atlas/beds.png-atlas
[17:40:49] [Render thread/INFO] [minecraft/TextureAtlas]: Created: 512x256x4 minecraft:textures/atlas/shulker_boxes.png-atlas
[17:40:49] [Render thread/DEBUG] [mixin/]: Mixing PlayerItemInHandLayerMixin from mixins.superbwarfare.json into net.minecraft.client.renderer.entity.layers.PlayerItemInHandLayer
[17:40:49] [Render thread/DEBUG] [mixin/]: Mixing PlayerItemInHandLayerMixin from moonlight-common.mixins.json into net.minecraft.client.renderer.entity.layers.PlayerItemInHandLayer
[17:40:49] [Render thread/WARN] [minecraft/ShaderInstance]: Shader rendertype_entity_translucent_emissive could not find sampler named Sampler2 in the specified shader program.
[17:40:49] [Render thread/INFO] [minecraft/TextureAtlas]: Created: 4096x4096x0 minecraft:textures/atlas/particles.png-atlas
[17:40:49] [Render thread/WARN] [minecraft/ParticleEngine]: Missing particle sprites: immersive_ballistic:gun_smoke/smokepuff0,immersive_ballistic:gun_smoke/smokepuff1,immersive_ballistic:gun_smoke/smokepuff2,immersive_ballistic:gun_smoke/smokepuff3,immersive_ballistic:gun_smoke/smokepuff4,immersive_ballistic:gun_smoke/smokepuff5,immersive_ballistic:gun_smoke/smokepuff6,immersive_ballistic:gun_smoke/smokepuff7,immersive_ballistic:muzzle_smoke/muzzle_smoke0,immersive_ballistic:muzzle_smoke/muzzle_smoke1,immersive_ballistic:muzzle_smoke/muzzle_smoke10,immersive_ballistic:muzzle_smoke/muzzle_smoke11,immersive_ballistic:muzzle_smoke/muzzle_smoke12,immersive_ballistic:muzzle_smoke/muzzle_smoke13,immersive_ballistic:muzzle_smoke/muzzle_smoke14,immersive_ballistic:muzzle_smoke/muzzle_smoke15,immersive_ballistic:muzzle_smoke/muzzle_smoke2,immersive_ballistic:muzzle_smoke/muzzle_smoke3,immersive_ballistic:muzzle_smoke/muzzle_smoke4,immersive_ballistic:muzzle_smoke/muzzle_smoke5,immersive_ballistic:muzzle_smoke/muzzle_smoke6,immersive_ballistic:muzzle_smoke/muzzle_smoke7,immersive_ballistic:muzzle_smoke/muzzle_smoke8,immersive_ballistic:muzzle_smoke/muzzle_smoke9
[17:40:49] [Render thread/INFO] [minecraft/TextureAtlas]: Created: 256x256x0 minecraft:textures/atlas/paintings.png-atlas
[17:40:49] [Render thread/INFO] [minecraft/TextureAtlas]: Created: 4096x2048x0 minecraft:textures/atlas/mob_effects.png-atlas
[17:40:51] [Render thread/INFO] [minecraft/TextureAtlas]: Created: 256x256x0 moonlight:textures/atlas/map_markers.png-atlas
[17:40:51] [Render thread/INFO] [MeshyLoader/]: [MeshyLoader] Loaded LR poly_mesh from: lrtactical:geo_models/consumable/ibuprofen_geo.json
[17:40:51] [Render thread/INFO] [MeshyLoader/]: [MeshyLoader] Loaded LR poly_mesh from: lrtactical:geo_models/consumable/blood_pack_geo.json
[17:40:51] [Render thread/INFO] [MeshyLoader/]: [MeshyLoader] Loaded LR poly_mesh from: lrtactical:geo_models/consumable/condensed_milk_geo.json
[17:40:51] [Render thread/DEBUG] [mixin/]: Mixing tweaks.ObjectAnimationSoundChannelMixin from tacztweaks.mixins.json into com.tacz.guns.api.client.animation.ObjectAnimationSoundChannel
[17:40:51] [Render thread/DEBUG] [mixin/]: tacztweaks.mixins.json:tweaks.ObjectAnimationSoundChannelMixin: Class version 61 required is higher than the class version supported by the current version of Mixin (JAVA_8 supports class version 52)
[17:40:51] [Render thread/INFO] [MeshyLoader/]: [MeshyLoader] Loaded LR poly_mesh from: lrtactical:geo_models/throwable/molotov_geo.json
[17:40:51] [Render thread/INFO] [MeshyLoader/]: [MeshyLoader] Loaded LR poly_mesh from: lrtactical:geo_models/throwable/m67_grenade_geo.json
[17:40:51] [Render thread/INFO] [MeshyLoader/]: [MeshyLoader] Loaded LR poly_mesh from: lrtactical:geo_models/throwable/rgn_grenade_geo.json
[17:40:51] [Render thread/INFO] [MeshyLoader/]: [MeshyLoader] Loaded LR poly_mesh from: lrtactical:geo_models/throwable/smoke_grenade_geo.json
[17:40:51] [Render thread/INFO] [MeshyLoader/]: [MeshyLoader] Loaded LR poly_mesh from: lrtactical:geo_models/throwable/flash_grenade_geo.json
[17:40:51] [Render thread/INFO] [MeshyLoader/]: [MeshyLoader] Loaded LR poly_mesh from: lrtactical:geo_models/throwable/c4_geo.json
[17:40:51] [Render thread/INFO] [MeshyLoader/]: [MeshyLoader] Loaded LR poly_mesh from: e_ab_i_wt:geo_models/melee/308shovel_geo.json
[17:40:51] [Render thread/INFO] [MeshyLoader/]: [MeshyLoader] Loaded LR poly_mesh from: lrtactical:geo_models/melee/dagger_geo.json
[17:40:52] [Render thread/INFO] [MeshyLoader/]: [MeshyLoader] Loaded LR poly_mesh from: e_ab_i_wt:geo_models/melee/pocket_knife_geo.json
[17:40:52] [Render thread/INFO] [MeshyLoader/]: [MeshyLoader] Loaded LR poly_mesh from: e_ab_i_wt:geo_models/melee/xmas23_geo.json
[17:40:52] [Render thread/DEBUG] [tacz/]: Molang is not supported: "0-"
[17:40:52] [Render thread/DEBUG] [tacz/]: Molang is not supported: "0-"
[17:40:52] [Render thread/INFO] [MeshyLoader/]: [MeshyLoader] Loaded LR poly_mesh from: lrtactical:geo_models/melee/baseball_bat_geo.json
[17:40:52] [Render thread/INFO] [MeshyLoader/]: [MeshyLoader] Loaded LR poly_mesh from: e_ab_i_wt:geo_models/melee/spderco_geo.json
[17:40:52] [Render thread/INFO] [MeshyLoader/]: [MeshyLoader] Loaded LR poly_mesh from: e_ab_i_wt:geo_models/melee/dual_wield_axe_geo.json
[17:40:52] [Render thread/INFO] [MeshyLoader/]: [MeshyLoader] Loaded LR poly_mesh from: e_ab_i_wt:geo_models/melee/fs_dagger_geo.json
[17:40:52] [Render thread/INFO] [MeshyLoader/]: [MeshyLoader] Loaded LR poly_mesh from: e_ab_i_wt:geo_models/melee/survival_knife_geo.json
[17:40:52] [Render thread/INFO] [MeshyLoader/]: [MeshyLoader] Loaded LR poly_mesh from: e_ab_i_wt:geo_models/melee/trench_knife_geo.json
[17:40:52] [Render thread/INFO] [MeshyLoader/]: [MeshyLoader] Loaded LR poly_mesh from: e_ab_i_wt:geo_models/melee/katana_2077_geo.json
[17:40:52] [Render thread/INFO] [MeshyLoader/]: [MeshyLoader] Loaded LR poly_mesh from: e_ab_i_wt:geo_models/melee/switchblade_geo.json
[17:40:52] [Render thread/INFO] [MeshyLoader/]: [MeshyLoader] Loaded LR poly_mesh from: lrtactical:geo_models/melee/karambit_geo.json
[17:40:52] [Render thread/INFO] [simplebedrockmodel/]: Loaded 0 particle definitions
